1.674548526430905104e+09,9.090978299695677833e+01,-1.416139752306996513e+01,6.489842415169661763e+03,0.000000000000000000e+00,1.674548527267221928e+09,-3.141316235951252978e+00,-1.756939119860924658e-01,1.070972373730758043e-01,-4.548886979982569301e-06
1.674548526931108952e+09,1.872499916490522480e+02,4.372032909080329688e+01,6.444089421157685138e+03,0.000000000000000000e+00,1.674548527768316507e+09,-3.142937656815396608e+00,-1.755033550530052111e-01,1.072979761386380071e-01,-4.548886979982569301e-06
1.674548527431313276e+09,1.244444415928314385e+02,7.000907543413677558e+01,6.518139770459081774e+03,0.000000000000000000e+00,1.674548528319509745e+09,-3.143462277193197707e+00,-1.768392302895348822e-01,1.071720475267627926e-01,-4.548886979982569301e-06
1.674548528649070740e+09,1.516740064441552818e+02,6.052510961473834783e+01,6.598462325349300954e+03,0.000000000000000000e+00,1.674548528795663118e+09,-3.142044055766140875e+00,-1.758839348360174415e-01,1.068507490102880986e-01,-4.548886979982569301e-06
1.674548528631822586e+09,9.369408591461845504e+01,8.152911023611098074e+01,6.528132634730539394e+03,0.000000000000000000e+00,1.674548529472395420e+09,-3.141276762875189199e+00,-1.754589531056214013e-01,1.073311371577777423e-01,-4.548886979982569301e-06
1.674548529232084513e+09,2.024272149298131751e+01,7.847999888283952430e+01,6.471316566866266839e+03,0.000000000000000000e+00,1.674548529998569250e+09,-3.140773602061362357e+00,-1.762470984126580098e-01,1.073185764031034245e-01,-4.548886979982569301e-06
1.674548529832327604e+09,9.782232897582808562e+00,7.337845856228801722e+01,6.456876097804391065e+03,0.000000000000000000e+00,1.674548530499778271e+09,-3.141585562580433422e+00,-1.748434921870155867e-01,1.070264039344734491e-01,-4.548886979982569301e-06
1.674548530365871191e+09,2.284841545769698445e+00,8.307936289630332283e+01,6.502837574850299461e+03,0.000000000000000000e+00,1.674548531762567043e+09,-3.142526279776559406e+00,-1.756379915530445757e-01,1.069200811155194275e-01,-4.548886979982569301e-06
1.674548531327901840e+09,6.190758506910087000e+00,7.696241723433927007e+01,6.473058133732535680e+03,0.000000000000000000e+00,1.674548531928245783e+09,-3.141987518310577876e+00,-1.766758863208678643e-01,1.069285790538640618e-01,-4.548886979982569301e-06
1.674548531599671602e+09,6.787538051597002742e+00,8.092162234030661239e+01,6.504355588822355458e+03,0.000000000000000000e+00,1.674548532554666281e+09,-3.142984644390753868e+00,-1.757529697505900990e-01,1.071291736380232812e-01,-4.548886979982569301e-06
1.674548532665078163e+09,9.591309491512744145e+00,8.262505927257646476e+01,6.487462325349300954e+03,0.000000000000000000e+00,1.674548533130871773e+09,-3.142363901520471625e+00,-1.757961368138669656e-01,1.070673417488649526e-01,-4.548886979982569301e-06
1.674548532733438015e+09,7.083224530882997527e+00,7.766991196846450407e+01,6.491259680638723694e+03,0.000000000000000000e+00,1.674548533656999111e+09,-3.143411140655712366e+00,-1.714925335630802516e-01,1.134368545111988230e-01,-4.548886979982569301e-06
1.674548533433717966e+09,2.998795804342871207e+01,7.627229116874408987e+01,6.478375349301397364e+03,0.000000000000000000e+00,1.674548534208215237e+09,-3.143333261917008681e+00,-1.565802719403402155e-01,1.124749665485208772e-01,-4.548886979982569301e-06
1.674548533967265606e+09,7.681054296266691495e+01,7.613405638237377104e+01,6.482408982035927693e+03,0.000000000000000000e+00,1.674548534934769869e+09,-3.143174034460797905e+00,-1.256968346955088245e-01,1.078727783536948398e-01,-4.548886979982569301e-06
1.674548534500823975e+09,5.779358054017833268e+01,7.241212029882947832e+01,6.477588473053891903e+03,0.000000000000000000e+00,1.674548535686607361e+09,-3.144308568839176754e+00,-8.734395222180080243e-02,1.114766640370052908e-01,-4.548886979982569301e-06
1.674548535302322865e+09,8.551129724429723922e+01,7.436338541221570608e+01,6.486004441117765055e+03,0.000000000000000000e+00,1.674548536187884331e+09,-3.142017401270833066e+00,-5.400248481617844765e-02,1.143145268330294090e-01,-4.548886979982569301e-06
1.674548536112953186e+09,1.496766436658219277e+02,6.561584735878575714e+01,6.479332035928144251e+03,0.000000000000000000e+00,1.674548536689107418e+09,-3.142498921452848482e+00,-2.012415765215543745e-02,1.154729283534019629e-01,-4.548886979982569301e-06
1.674548536580436707e+09,2.083410467135935278e+02,6.594408061591444437e+01,6.471837724550898201e+03,0.000000000000000000e+00,1.674548537290621519e+09,-3.141779616619485349e+00,2.319308586837649788e-02,1.153009647854490172e-01,-4.548886979982569301e-06
1.674548537179892063e+09,2.415949676568938287e+02,6.593454337513311714e+01,6.482996806387224751e+03,0.000000000000000000e+00,1.674548537867005587e+09,-3.142322662085529128e+00,6.596668175843041493e-02,1.145124449854494908e-01,-4.548886979982569301e-06
1.674548537746083021e+09,2.851524643364634812e+02,6.510276353900349022e+01,6.425912674650699046e+03,0.000000000000000000e+00,1.674548538418417692e+09,-3.140857174010848407e+00,1.078006831442552965e-01,1.126953975100568189e-01,-3.554888698031888339e-05
1.674548538345537901e+09,3.208830572575994324e+02,5.763542926670105260e+01,6.416900099800400312e+03,0.000000000000000000e+00,1.674548538869665623e+09,-3.141847620639101724e+00,1.411589744516366374e-01,1.091200522654502958e-01,-4.548886979982569301e-06
1.674548538911782265e+09,3.411754463159674629e+02,6.496399385920862812e+01,6.456799201596806597e+03,0.000000000000000000e+00,1.674548539546430349e+09,-3.143436533035660396e+00,1.898258936759839033e-01,1.074357671508183593e-01,-4.548886979982569301e-06
1.674548539477985144e+09,3.767717010832540723e+02,7.165139639279158246e+01,6.458292814371257009e+03,0.000000000000000000e+00,1.674548539997631788e+09,-3.141959362752053231e+00,2.181124107138698864e-01,1.068585477001519346e-01,-4.548886979982569301e-06
1.674548539777727604e+09,3.911436121292524604e+02,7.549000706612470424e+01,6.438003942115768950e+03,0.000000000000000000e+00,1.674548540599253416e+09,-3.142161027310776511e+00,2.548636987787327723e-01,1.079930190021779896e-01,-4.548886979982569301e-06
1.674548540343896151e+09,4.273942858918242678e+02,7.310498730974200043e+01,6.399057734530938433e+03,0.000000000000000000e+00,1.674548541150900364e+09,-3.141457636780665919e+00,2.795560514786393225e-01,1.092378192093190481e-01,-4.548886979982569301e-06
1.674548540943479300e+09,4.727502217403030613e+02,7.150574247444740195e+01,6.414033183632735927e+03,0.000000000000000000e+00,1.674548541476572275e+09,-3.140654976014289446e+00,2.953944659147959562e-01,1.093736885853144325e-01,-4.548886979982569301e-06
1.674548541476413250e+09,5.010114967720236336e+02,8.462160897949334526e+01,6.378642614770459659e+03,0.000000000000000000e+00,1.674548541877737284e+09,-3.140773539178795648e+00,3.109605631579045459e-01,1.102523666558785226e-01,-4.548886979982569301e-06
1.674548541876098633e+09,5.191158565042107966e+02,8.181659923537242207e+01,6.409573602794411272e+03,0.000000000000000000e+00,1.674548542379151106e+09,-3.140315332098968959e+00,3.203226905944072112e-01,1.114412911567020104e-01,-4.548886979982569301e-06
1.674548542275758743e+09,5.350870204199543423e+02,8.421210632809838614e+01,6.397215419161678255e+03,0.000000000000000000e+00,1.674548542855620146e+09,-3.140803721994311015e+00,3.254518180597070209e-01,1.123260933607665851e-01,-4.548886979982569301e-06
1.674548542775396824e+09,5.454301879947722682e+02,8.442124347580896426e+01,6.403912624750500072e+03,0.000000000000000000e+00,1.674548543256599903e+09,-3.141219701687284704e+00,3.254472143564642872e-01,1.117306114117442156e-01,-4.548886979982569301e-06
1.674548543341604233e+09,5.493187127694820902e+02,8.335516322645106868e+01,6.399694011976048387e+03,0.000000000000000000e+00,1.674548543732929230e+09,-3.139457068978302789e+00,3.251173588590343666e-01,1.128083488453222039e-01,-4.548886979982569301e-06
1.674548543807919264e+09,5.488821983128723332e+02,8.329569684892842929e+01,6.399330688622754678e+03,0.000000000000000000e+00,1.674548544837198973e+09,-3.140285358277508987e+00,3.260202761178840336e-01,1.124063463772746463e-01,-4.548886979982569301e-06
1.674548544107658863e+09,5.501018520521264463e+02,8.214555114622460508e+01,6.421660379241517148e+03,0.000000000000000000e+00,1.674548544710280418e+09,-3.140755067743565832e+00,3.257429225530443229e-01,1.122393396276283595e-01,-4.548886979982569301e-06
1.674548544507371187e+09,5.470714672490693147e+02,9.154639382446065099e+01,6.400936676646707383e+03,0.000000000000000000e+00,1.674548545108641386e+09,-3.141266056106440274e+00,3.255594705178538883e-01,1.125897597311834725e-01,-4.548886979982569301e-06
1.674548544907070637e+09,5.452641819826238816e+02,7.847433419922296594e+01,6.390320808383234180e+03,0.000000000000000000e+00,1.674548545436890602e+09,-3.141233896269472581e+00,3.259676747741593883e-01,1.122289119917794092e-01,-4.548886979982569301e-06
1.674548545439999104e+09,5.501861883710641905e+02,8.611937775324425104e+01,6.409484730538923031e+03,0.000000000000000000e+00,1.674548545762671709e+09,-3.141546420282508301e+00,3.256284527453468525e-01,1.125405314435435067e-01,-4.548886979982569301e-06
1.674548545806397676e+09,5.489647513931219009e+02,8.652368398812362216e+01,6.384891966067864814e+03,0.000000000000000000e+00,1.674548546113552094e+09,-3.142061852391433430e+00,3.247698998888111088e-01,1.121377739694343206e-01,-4.548886979982569301e-06
1.674548546172757626e+09,5.533336061158796610e+02,8.028380843810857925e+01,6.431261177644710187e+03,0.000000000000000000e+00,1.674548546539415359e+09,-3.141406199426677759e+00,3.254349707781450940e-01,1.122878934299301606e-01,-4.548886979982569301e-06
1.674548546539177418e+09,5.469269332740035452e+02,8.591530053240620646e+01,6.383947455089821233e+03,0.000000000000000000e+00,1.674548546840039730e+09,-3.140764705079256203e+00,3.247379002810242277e-01,1.126631250115083527e-01,-4.548886979982569301e-06
1.674548546872252464e+09,5.484286792068984369e+02,8.599108864932762231e+01,6.391299351297405337e+03,0.000000000000000000e+00,1.674548547265918970e+09,-3.141232543593079907e+00,3.253010143691710820e-01,1.124525400799540747e-01,-4.548886979982569301e-06
1.674548547271929502e+09,5.521455728586493024e+02,8.857843048997861501e+01,6.407930538922156302e+03,0.000000000000000000e+00,1.674548547541485071e+09,-3.139951733177038573e+00,3.255186494924778295e-01,1.126743577747332109e-01,-4.548886979982569301e-06
1.674548547438472033e+09,5.468309736043976272e+02,9.414370017904987265e+01,6.385721706586827167e+03,0.000000000000000000e+00,1.674548547892218351e+09,-3.140433960168405036e+00,3.248252773169350571e-01,1.128312276364887567e-01,-4.548886979982569301e-06
1.674548547871443987e+09,5.341569813344914337e+02,9.057383195362091044e+01,6.379754890219561275e+03,0.000000000000000000e+00,1.674548548167708635e+09,-3.142358949801296042e+00,3.256742382423770676e-01,1.122964610605559077e-01,-4.548886979982569301e-06
1.674548548204512596e+09,5.284280413156373015e+02,8.094806412833273157e+01,6.400517015968063788e+03,0.000000000000000000e+00,1.674548548568341017e+09,-3.141101086289714850e+00,3.256245706708801868e-01,1.123195070760734243e-01,-4.548886979982569301e-06
1.674548548570930243e+09,5.325224114623594005e+02,8.767175348962770443e+01,6.393692315369261451e+03,0.000000000000000000e+00,1.674548548918905258e+09,-3.140938315498692290e+00,3.253775219231115345e-01,1.125928962367810232e-01,-4.548886979982569301e-06
1.674548548937293530e+09,5.393230874824445209e+02,8.712640780841589105e+01,6.419460129740518823e+03,0.000000000000000000e+00,1.674548549219352961e+09,-3.140058064993799469e+00,3.256144969694497737e-01,1.122667264641021012e-01,-4.548886979982569301e-06
1.674548549270334244e+09,5.545085046396416146e+02,8.883267767547219762e+01,6.410014920159680514e+03,0.000000000000000000e+00,1.674548549569852352e+09,-3.140307872599809702e+00,3.258646007922367249e-01,1.125088598035003523e-01,-4.548886979982569301e-06
1.674548549603414536e+09,5.675648499421680526e+02,8.468085662867100893e+01,6.406402944111777288e+03,0.000000000000000000e+00,1.674548549895267963e+09,-3.140937745457065944e+00,3.248616231001731913e-01,1.126910144934666069e-01,-4.548886979982569301e-06
1.674548549936460972e+09,5.718328770780095738e+02,8.184612757972652730e+01,6.407337774451097175e+03,0.000000000000000000e+00,1.674548550170614004e+09,-3.141655137113684049e+00,3.260512943677331132e-01,1.125436199433445389e-01,-4.548886979982569301e-06
1.674548550302809954e+09,5.619181097912841096e+02,8.414706796659866939e+01,6.386238522954092332e+03,0.000000000000000000e+00,1.674548550546051502e+09,-3.140729053894597111e+00,3.256089763363411715e-01,1.124745311297544181e-01,-4.548886979982569301e-06
1.674548550635893822e+09,5.580275309088449376e+02,8.386904512185476790e+01,6.402638722554891501e+03,0.000000000000000000e+00,1.674548550771466255e+09,-3.140600825733302681e+00,3.259105138630652432e-01,1.123050643178349073e-01,-4.548886979982569301e-06
1.674548550968944550e+09,5.517936994152835268e+02,9.041122861430073954e+01,6.380868413173652698e+03,0.000000000000000000e+00,1.674548551221755028e+09,-3.141659958822367038e+00,3.248330663385906592e-01,1.125026311390493472e-01,-4.548886979982569301e-06
1.674548551369463205e+09,5.536648800122654848e+02,8.699096741636800800e+01,6.391824850299401987e+03,0.000000000000000000e+00,1.674548551572115898e+09,-3.139933105878709885e+00,3.258571600412508706e-01,1.127611223536925944e-01,-4.548886979982569301e-06
1.674548551570689201e+09,5.501696964228391380e+02,8.382645156393635943e+01,6.381043562874251620e+03,0.000000000000000000e+00,1.674548551797287703e+09,-3.140543321785012498e+00,3.264028383334708350e-01,1.122734043849026586e-01,-4.548886979982569301e-06
1.674548551872694492e+09,5.524611998847951781e+02,8.585812978274763907e+01,6.390405089820359535e+03,0.000000000000000000e+00,1.674548552222767830e+09,-3.141393015367365926e+00,3.254615114238555984e-01,1.124457217828973010e-01,-4.548886979982569301e-06
1.674548552242077589e+09,5.525767003024217274e+02,8.841709345693391242e+01,6.386125598802395871e+03,0.000000000000000000e+00,1.674548552823252439e+09,-3.141051430623102991e+00,3.256304881529514805e-01,1.125138876245324465e-01,-4.548886979982569301e-06
1.674548552742289066e+09,5.413164337639819905e+02,7.993298963660190282e+01,6.400763223552895397e+03,0.000000000000000000e+00,1.674548552998429298e+09,-3.142168733463798880e+00,3.260725548358240911e-01,1.120296522912907350e-01,-4.548886979982569301e-06
1.674548553757627487e+09,5.244741804846198647e+02,8.579720809663611192e+01,6.386674650698602818e+03,0.000000000000000000e+00,1.674548553298731804e+09,-3.140752130299089284e+00,3.251556245764378739e-01,1.123996956525113167e-01,-4.548886979982569301e-06
1.674548553442573547e+09,5.031848489536434954e+02,6.669379269131296439e+01,6.373036676646705928e+03,0.000000000000000000e+00,1.674548553774190664e+09,-3.142378154220528241e+00,3.260631740187426852e-01,1.123340436766235434e-01,-4.548886979982569301e-06
1.674548553942762852e+09,4.896411673223485650e+02,8.011465004551200764e+01,6.346795708582834777e+03,0.000000000000000000e+00,1.674548554174735546e+09,-3.141434080680451935e+00,3.263525749576967061e-01,1.123222164968037534e-01,-4.548886979982569301e-06
1.674548554276226997e+09,5.011372286059379348e+02,7.023044021185508257e+01,6.271683233532935446e+03,0.000000000000000000e+00,1.674548554499976158e+09,-3.141923406226061033e+00,3.252821007118636976e-01,1.123024414284964495e-01,-1.954888698030288197e-05
1.674548554609710217e+09,4.949602117145557827e+02,7.868132189195006276e+01,6.048290818363274411e+03,0.000000000000000000e+00,1.674548555534487009e+09,-3.140880784286778304e+00,3.257361427958946898e-01,1.121400471198507887e-01,-4.928548886980355093e-03
1.674548555765872002e+09,4.626156235285603771e+02,6.824269987124866077e+01,6.044559880239521590e+03,0.000000000000000000e+00,1.674548555275768042e+09,-3.140831269229411582e+00,3.250795032525331529e-01,1.123636640668187331e-01,-1.229154888698014148e-02
1.674548555276673317e+09,4.188819604538833232e+02,5.302513259231137255e+01,5.981411826347306487e+03,0.000000000000000000e+00,1.674548555726131678e+09,-3.126916962375519304e+00,3.452519395836859406e-01,1.024465210721029612e-01,-2.448654888698031939e-02
1.674548555643482208e+09,2.608655410383890398e+02,4.551705398930788959e+01,5.414726896207585924e+03,0.000000000000000000e+00,1.674548556144281387e+09,-3.110115356789391328e+00,3.719663556224062084e-01,1.033365678064187554e-01,-3.849254888698006027e-02
1.674548556769815445e+09,2.246856535352640947e+02,4.058197611908956759e+01,5.235640868263473749e+03,0.000000000000000000e+00,1.674548556602066755e+09,-3.068460320599776914e+00,4.589903073552678570e-01,1.191656196460247341e-01,-6.377254888698002944e-02
1.674548556410458088e+09,2.655115923587732709e+02,5.054726775019949514e+01,5.072796107784431115e+03,0.000000000000000000e+00,1.674548556877248049e+09,-3.051786248962658821e+00,5.130492574203129319e-01,1.199902803270229551e-01,-8.194954888698013917e-02
1.674548556777297735e+09,2.773733385023774076e+02,3.786376616659223515e+01,4.517735029940121422e+03,0.000000000000000000e+00,1.674548557252595663e+09,-3.039004117087277468e+00,5.902761175839543739e-01,1.208497894742915912e-01,-1.066465488869803302e-01
1.674548557244186878e+09,2.310125740239566881e+02,4.495182160304015184e+01,4.361685828343313915e+03,0.000000000000000000e+00,1.674548557753077030e+09,-3.043283869510698736e+00,7.044888858903957107e-01,1.101248898810552185e-01,-1.524055488869802133e-01
1.674548557677703142e+09,1.521046523617358162e+02,5.017524419296429272e+01,4.049844810379241153e+03,0.000000000000000000e+00,1.674548558203418255e+09,-3.053729770595075443e+00,8.164763075181952212e-01,1.130161215194361163e-01,-1.855245488869803339e-01
1.674548558277955294e+09,2.470496316150480709e+02,-3.670669056841405542e+00,4.407606986027944004e+03,0.000000000000000000e+00,1.674548558503734589e+09,-3.057426289567222621e+00,8.919220811458481446e-01,1.166608540085914969e-01,-2.329395488869803188e-01
1.674548558611434460e+09,1.997423823483006800e+02,5.088793149408101613e+01,3.516851646706587417e+03,0.000000000000000000e+00,1.674548559419327259e+09,-3.068091378304928618e+00,1.017888698747743126e+00,1.195079536435074002e-01,-2.747865488869800643e-01
1.674548558911565781e+09,1.868296667894682628e+02,4.385909782310931604e+01,3.182005588822355548e+03,0.000000000000000000e+00,1.674548559329468012e+09,-3.071682417179805835e+00,1.095579071448239405e+00,1.243037356854928971e-01,-3.163115488869800984e-01
1.674548559345087290e+09,2.003315388168714719e+02,3.562472278229230938e+01,3.054923552894211753e+03,0.000000000000000000e+00,1.674548559779900312e+09,-3.072921336004930559e+00,1.194675024235154481e+00,1.243141781269737484e-01,-3.755235488869801408e-01
1.674548559778601408e+09,2.012543159263251482e+02,3.727365844395562533e+01,2.686927694610778417e+03,0.000000000000000000e+00,1.674548560105278015e+09,-3.071282499995040993e+00,1.262258779476593595e+00,1.194691454915897399e-01,-4.262975488869802376e-01
1.674548560145421028e+09,1.817720582596293184e+02,2.617341564267109533e+01,2.567813173652694331e+03,0.000000000000000000e+00,1.674548560455658674e+09,-3.071887224863703914e+00,1.338613084696023137e+00,1.133603264036064928e-01,-4.871205488869803091e-01
1.674548560512232780e+09,1.630241386945652380e+02,2.559220773259169235e+01,2.477249950099800571e+03,0.000000000000000000e+00,1.674548560856030703e+09,-3.074817057085517558e+00,1.428005800178688389e+00,1.091394058755062180e-01,-5.612575488869802065e-01
1.674548560879041672e+09,1.864128668275281200e+02,5.331839454912144305e+01,2.526919461077844517e+03,0.000000000000000000e+00,1.674548561181381941e+09,-3.074859835115030027e+00,1.500721537525953941e+00,1.118049962512369933e-01,-6.426965488869802456e-01
1.674548561245848656e+09,1.844247218422671608e+02,3.687864913180142423e+01,2.085495409181636660e+03,0.000000000000000000e+00,1.674548561606905699e+09,-3.080068502062678348e+00,1.598795399698310415e+00,1.203476829604653020e-01,-7.434785488869803949e-01
1.674548561646026134e+09,2.596500803103809289e+02,2.279746229564569049e+01,2.060449051896207948e+03,0.000000000000000000e+00,1.674548561982279539e+09,-3.076435785971045167e+00,1.678958388038612748e+00,1.249243986929502864e-01,-8.522695488869800329e-01
1.674548562128567219e+09,2.539752811275548936e+02,2.151746873773193514e+01,1.854933283433133965e+03,0.000000000000000000e+00,1.674548562282618761e+09,-3.073859170920796302e+00,1.745185818039392434e+00,1.288817372889994872e-01,-9.596785488869801206e-01
1.674548562414037704e+09,3.192623169616907148e+02,3.179841466735812716e+01,1.838830389221556970e+03,0.000000000000000000e+00,1.674548562733132362e+09,-3.065853183643177271e+00,1.842208220636041061e+00,1.319854525256772548e-01,-1.068805548886980095e+00
1.674548562817378998e+09,3.063583998259649661e+02,2.370124106853595691e+01,1.619017714570858516e+03,0.000000000000000000e+00,1.674548562983364582e+09,-3.059871224685669411e+00,1.898254888673680751e+00,1.322889033149010352e-01,-1.199424548886980357e+00
1.674548563153673172e+09,3.390739932957449128e+02,1.244510681109616712e+01,1.616034281437125856e+03,0.000000000000000000e+00,1.674548563308758020e+09,-3.047915096465087181e+00,1.965507780830449081e+00,1.361163719764373337e-01,-1.302814548886980006e+00
1.674548563321553946e+09,3.394295846730711901e+02,1.662734086139382939e+01,1.624348403193612967e+03,0.000000000000000000e+00,1.674548563709322691e+09,-3.025476724565363096e+00,2.054735703498636656e+00,1.370707885719532337e-01,-1.407125548886980049e+00
1.674548563688096046e+09,3.581371127137147710e+02,1.985239622165240192e+01,1.582955289421157659e+03,0.000000000000000000e+00,1.674548564969235420e+09,-3.003947081534823038e+00,2.116193513050224961e+00,1.290363422688353134e-01,-1.488364548886980110e+00
1.674548564212926865e+09,4.176627368851634401e+02,4.758440898765074145e+00,1.652458932135728901e+03,0.000000000000000000e+00,1.674548564360293865e+09,-2.967951120958916889e+00,2.182914285964751233e+00,1.037332247999705470e-01,-1.526269548886980409e+00
1.674548564387849569e+09,4.642270407642295140e+02,2.734347961415585715e+01,1.659241966067864496e+03,0.000000000000000000e+00,1.674548564685416937e+09,-2.927591135501751651e+00,2.239634128851864858e+00,6.266988979288215522e-02,-1.562962548886980052e+00
1.674548564821028948e+09,5.678009072074654568e+02,1.859764714258811225e+01,1.747392065868263671e+03,0.000000000000000000e+00,1.674548565107087374e+09,-2.880370072218232824e+00,2.290469187262678563e+00,-8.068677555499935124e-04,-1.570938548886980257e+00
1.674548565120900393e+09,6.372354329795077774e+02,1.882551894316559427e+01,1.889131936127744666e+03,0.000000000000000000e+00,1.674548565435976267e+09,-2.813142724271321615e+00,2.349221313907190911e+00,-1.102511339118382172e-01,-1.570816548886980080e+00
1.674548565454094887e+09,6.910733389454062490e+02,3.839429111828866148e+00,1.925041067864272009e+03,0.000000000000000000e+00,1.674548565786285162e+09,-2.759192905048700073e+00,2.389305555841880757e+00,-2.195876791427231745e-01,-1.570724548886980099e+00
1.674548565853941917e+09,7.250872751295855778e+02,8.064239655428121267e+00,2.252298303393214155e+03,0.000000000000000000e+00,1.674548566865860224e+09,-2.714026385698249388e+00,2.421224686519873437e+00,-3.251008469675716328e-01,-1.570693548886980206e+00
1.674548566187123299e+09,6.477932543376668946e+02,2.805516532489741266e+01,2.299393587824351471e+03,0.000000000000000000e+00,1.674548566387053251e+09,-2.671923353644586552e+00,2.449662191985820581e+00,-4.180334718496250823e-01,-1.570724548886980099e+00
1.674548566620260954e+09,5.910075422223480928e+02,2.357150679085869172e+01,2.529350548902196351e+03,0.000000000000000000e+00,1.674548566712662458e+09,-2.634324139662219455e+00,2.473123855597167964e+00,-5.027268294881749311e-01,-1.570800548886980064e+00
1.674548566920103550e+09,5.183949988592262343e+02,3.145445010639425476e+01,2.654246132734530875e+03,0.000000000000000000e+00,1.674548567883158207e+09,-2.596621581801580536e+00,2.498628161596967878e+00,-5.877708304394583250e-01,-1.570816548886980080e+00
1.674548567119988203e+09,4.644321661758803543e+02,3.327562939135693654e+01,2.622841467065868528e+03,0.000000000000000000e+00,1.674548567439057350e+09,-2.572445713308973758e+00,2.514385301396386385e+00,-6.487772533028652866e-01,-1.570831548886980400e+00
1.674548567453300238e+09,4.062005087152377314e+02,3.588514932602518570e+01,2.805545958083832829e+03,0.000000000000000000e+00,1.674548567789744854e+09,-2.560579265360528822e+00,2.524323254412537576e+00,-6.890187872652780987e-01,-1.570816548886980080e+00
1.674548567819848061e+09,3.459051546691312637e+02,3.150522729680663758e+01,2.820056037924151951e+03,0.000000000000000000e+00,1.674548567965068102e+09,-2.559672460628944268e+00,2.527237483716789690e+00,-7.017752016495021339e-01,-1.570800548886980064e+00
1.674548568119731188e+09,2.737549803254298695e+02,3.228683126296176198e+01,2.898526646706587144e+03,0.000000000000000000e+00,1.674548568290667057e+09,-2.562446465209610835e+00,2.523976754820055124e+00,-7.262139425567207818e-01,-1.570800548886980064e+00
1.674548568486262560e+09,1.592823731031597561e+02,3.440490971361613504e+01,2.983078992015968197e+03,0.000000000000000000e+00,1.674548568616257668e+09,-2.563052118394065104e+00,2.507093067429851274e+00,-7.550166644872262633e-01,-1.570816548886980080e+00
1.674548568786159039e+09,3.734143138586520649e+01,4.015744444320032613e+01,3.004215518962076203e+03,0.000000000000000000e+00,1.674548569668838978e+09,-2.565146919899987665e+00,2.454634224990073221e+00,-8.293500804366684687e-01,-1.570831548886980400e+00
1.674548569860390663e+09,-9.156962923064419613e+01,2.515887819714726348e+01,3.016294011976048296e+03,0.000000000000000000e+00,1.674548569517569780e+09,-2.566580342221133737e+00,2.375484667207991674e+00,-8.859343185133543574e-01,-1.570831548886980400e+00
1.674548569552535534e+09,-1.977198942347030481e+02,2.910370867719138843e+01,2.904422255489022064e+03,0.000000000000000000e+00,1.674548569818114758e+09,-2.565845236903179671e+00,2.314217481196706228e+00,-9.087293445065044439e-01,-1.570816548886980080e+00
1.674548570190417767e+09,-2.278348856287439048e+02,1.854987028124029180e+01,2.846577495009979884e+03,0.000000000000000000e+00,1.674548570143630743e+09,-2.564432247603668724e+00,2.243842976159731162e+00,-9.432513408631121310e-01,-1.570785548886980187e+00
1.674548570318917036e+09,-2.809239280348016905e+02,2.452726448175615559e+01,2.821147355289421284e+03,0.000000000000000000e+00,1.674548570368873835e+09,-2.565343453902485749e+00,2.188837388524369487e+00,-9.714479691620587776e-01,-1.570739548886980419e+00
1.674548570485536814e+09,-3.108210754040358097e+02,2.665258424454038533e+01,2.780925149700599377e+03,0.000000000000000000e+00,1.674548570694258213e+09,-2.566124361844860147e+00,2.106869434217024661e+00,-1.022473615852638851e+00,-1.570770548886980311e+00
1.674548570852080822e+09,-3.766411699017986621e+02,2.213798085115085001e+01,2.657324800399202104e+03,0.000000000000000000e+00,1.674548571447357178e+09,-2.568799273097007507e+00,2.020960083947286989e+00,-1.074710747491215646e+00,-1.570862548886980292e+00
1.674548571151962757e+09,-4.311699105430618602e+02,2.163104036451779777e+01,2.632865968063872515e+03,0.000000000000000000e+00,1.674548571445219040e+09,-2.569420650325232813e+00,1.920848005011231541e+00,-1.124689838326849545e+00,-1.570846548886980276e+00
1.674548571518497467e+09,-4.542961415682152619e+02,1.311211072773425990e+01,2.527958383233532913e+03,0.000000000000000000e+00,1.674548571870876551e+09,-2.569657386135104193e+00,1.818132187179756887e+00,-1.160980908462276862e+00,-1.570816548886980080e+00
1.674548571851716518e+09,-4.376024083672945721e+02,1.871937178503669941e+01,2.434568512974052283e+03,0.000000000000000000e+00,1.674548572196338177e+09,-2.570276261719175004e+00,1.744661773949034878e+00,-1.172860171369805915e+00,-1.570800548886980064e+00
1.674548572849580765e+09,-4.141614964467582354e+02,1.632739619619530558e+01,2.411339920159680787e+03,0.000000000000000000e+00,1.674548572546887636e+09,-2.569783508399930305e+00,1.668037357756725125e+00,-1.177722042466935459e+00,-1.570739548886980419e+00
1.674548572518146276e+09,-3.394615038011053230e+02,1.609236419197935319e+01,2.360969161676647218e+03,0.000000000000000000e+00,1.674548572972536325e+09,-2.576021239605858604e+00,1.581219559854502688e+00,-1.192604561483904924e+00,-1.570739548886980419e+00
1.674548572918041706e+09,-3.012590716525673997e+02,5.134616537551133675e+00,2.317664620758483125e+03,0.000000000000000000e+00,1.674548573272897482e+09,-2.583495240588422170e+00,1.522797978996538459e+00,-1.212253460752239720e+00,-1.570816548886980080e+00
1.674548573317910194e+09,-2.929571410851326050e+02,1.325289761602090266e+01,2.299532534930139718e+03,0.000000000000000000e+00,1.674548573673254490e+09,-2.594926942319952801e+00,1.450012035527455501e+00,-1.243607714300570377e+00,-1.570816548886980080e+00
1.674548573751090050e+09,-2.941938309259417110e+02,1.692394939002356580e+01,2.218349900199600597e+03,0.000000000000000000e+00,1.674548574235677958e+09,-2.601657057604382484e+00,1.389429129491783765e+00,-1.272064372298441270e+00,-1.570831548886980400e+00
1.674548574117597103e+09,-3.118015266105595629e+02,1.679244283473573773e+01,2.206114820359282021e+03,0.000000000000000000e+00,1.674548574499017239e+09,-2.602863707917308478e+00,1.315171970721275230e+00,-1.309672733273627543e+00,-1.570816548886980080e+00
1.674548574550777912e+09,-3.202207074923783807e+02,1.408863007810898083e+01,2.181598702594810675e+03,0.000000000000000000e+00,1.674548575495031595e+09,-2.589203047051213957e+00,1.234224070966440934e+00,-1.341040149420297478e+00,-1.570800548886980064e+00
1.674548575839476585e+09,-3.007697284740252144e+02,1.768362399720059486e+01,2.151677519960079735e+03,0.000000000000000000e+00,1.674548575449921846e+09,-2.562064242592863028e+00,1.181595467407159594e+00,-1.356939135902810456e+00,-1.570800548886980064e+00
1.674548575517140388e+09,-2.728304428114898883e+02,7.340218361314818196e+00,2.142302395209581391e+03,0.000000000000000000e+00,1.674548575775209904e+09,-2.530594043510803193e+00,1.142447408441194634e+00,-1.361585980284886865e+00,-1.570770548886980311e+00
1.674548575883691311e+09,-2.241322520152724564e+02,2.077669672147084512e+01,2.160077145708583430e+03,0.000000000000000000e+00,1.674548576254376411e+09,-2.495269684517851694e+00,1.113114392380645690e+00,-1.358661559821320752e+00,-1.570800548886980064e+00
1.674548576502963066e+09,-1.964566983906632913e+02,2.858066745448984847e+01,2.193445009980039686e+03,0.000000000000000000e+00,1.674548576400827408e+09,-2.429937897273174663e+00,1.075794814077343897e+00,-1.341864602876512436e+00,-1.570800548886980064e+00
1.674548576350175858e+09,-1.195826880979299744e+02,2.612468145536572806e+01,2.241061876247505097e+03,0.000000000000000000e+00,1.674548576651140928e+09,-2.379568837791170566e+00,1.053561151593978451e+00,-1.326270391088362643e+00,-1.570800548886980064e+00
1.674548576650049210e+09,-3.309502447013539950e+01,3.411281736648811602e+01,2.279256087824351198e+03,0.000000000000000000e+00,1.674548576926466465e+09,-2.324214935361566869e+00,1.034723916032783242e+00,-1.291369567352954606e+00,-1.570816548886980080e+00
1.674548576983219862e+09,1.094916066954774436e+02,3.288055512684722714e+01,2.366185029940119875e+03,0.000000000000000000e+00,1.674548577352182388e+09,-2.238610069803594005e+00,1.016851687198931709e+00,-1.213408496169802397e+00,-1.570785548886980187e+00
1.674548577416363239e+09,3.665548873329773869e+02,3.713511913228704486e+01,2.436841417165669100e+03,0.000000000000000000e+00,1.674548577652554274e+09,-2.184413106266853255e+00,1.012245901356922051e+00,-1.145462096093848636e+00,-1.570785548886980187e+00
1.674548577749574184e+09,5.847869348218266623e+02,2.738699147851135862e+01,2.447371706586826349e+03,0.000000000000000000e+00,1.674548577927878380e+09,-2.136691241927794138e+00,1.010436393034363167e+00,-1.075360350102792184e+00,-1.570800548886980064e+00
1.674548578827615261e+09,8.371800749345599115e+02,3.562197415905973230e+01,2.437297005988024466e+03,0.000000000000000000e+00,1.674548578253372192e+09,-2.080189602754049183e+00,1.011422629405932305e+00,-9.857824755946597017e-01,-1.570770548886980311e+00
1.674548578416519403e+09,1.098649462308383136e+03,4.447580679023600680e+01,2.408171457085828933e+03,0.000000000000000000e+00,1.674548578553742647e+09,-2.031575470246980597e+00,1.016105566383262548e+00,-8.999795232953202717e-01,-1.570800548886980064e+00
1.674548578751233101e+09,1.348985414236488850e+03,3.915089201031119615e+01,2.323540668662674761e+03,0.000000000000000000e+00,1.674548578879110575e+09,-1.982762812345360670e+00,1.026140359808627167e+00,-8.021410744459176456e-01,-1.570816548886980080e+00
1.674548579526106358e+09,1.578246800227321046e+03,3.987483280809125574e+01,2.224042714570858607e+03,0.000000000000000000e+00,1.674548579279609919e+09,-1.924872518501795637e+00,1.039189333930988113e+00,-6.787928469589299407e-01,-1.570800548886980064e+00
1.674548579220098734e+09,1.701984479870160385e+03,4.024488309339569270e+01,2.148974900199601507e+03,0.000000000000000000e+00,1.674548579654918194e+09,-1.878975171939353039e+00,1.053889937576431679e+00,-5.649963059467693061e-01,-1.570800548886980064e+00
1.674548579520542622e+09,1.180985171038174258e+03,3.301482888141027416e+01,1.331661077844311649e+03,0.000000000000000000e+00,1.674548580552900553e+09,-1.835180548614299356e+00,1.068360881013570962e+00,-4.509613403983880886e-01,-1.570800548886980064e+00
1.674548584422699451e+09,1.291789825581330660e+03,8.729777187647471237e+00,1.625568313373253659e+03,0.000000000000000000e+00,1.674548585508273125e+09,-1.384880463800965966e+00,1.172499796538642780e+00,1.142470653191497848e-01,-1.064495548886980281e+00
1.674548589324794531e+09,3.895889266027662075e+02,1.403514542577951545e+02,3.970946007984032349e+03,0.000000000000000000e+00,1.674548590364717960e+09,-1.039317666902774384e+00,1.228389342617560942e+00,1.145890216457072230e-01,-6.506275488869803780e-01
1.674548589624920368e+09,-3.103970836177228193e+03,5.973180801176881687e+02,3.465489670658682371e+03,0.000000000000000000e+00,1.674548590411730528e+09,-1.012458322932233701e+00,1.232090707417037301e+00,1.158947023599198045e-01,-6.236445488869803988e-01
1.674548590491952658e+09,-2.813015761747758006e+03,6.032584603252428224e+02,3.581661427145707421e+03,0.000000000000000000e+00,1.674548591287214518e+09,-9.501229137047776385e-01,1.237792841952441769e+00,1.165008804042634571e-01,-5.697405488869802248e-01
1.674548591192279577e+09,-2.610061949405327596e+03,5.906324435527321839e+02,3.646395259481037556e+03,0.000000000000000000e+00,1.674548591912683725e+09,-9.035186414178275616e-01,1.239957457710480826e+00,1.161372106047142971e-01,-5.260835488869801679e-01
1.674548591492419004e+09,-2.534588475539572755e+03,6.055235998332534564e+02,3.647157285429141666e+03,0.000000000000000000e+00,1.674548592362951517e+09,-8.720038550510516018e-01,1.243313070924605634e+00,1.147181654689754943e-01,-4.977655488869801026e-01
1.674548593559967518e+09,-2.023518059130082747e+03,6.522117531242927271e+02,3.789820683632734017e+03,0.000000000000000000e+00,1.674548594164072990e+09,-7.449724691941200794e-01,1.252649053019693648e+00,1.126309998783832228e-01,-3.975505488869801596e-01
1.674548594326953411e+09,-1.817470408561366185e+03,6.623781607836701824e+02,3.787227644710578261e+03,0.000000000000000000e+00,1.674548595364827633e+09,-6.623928357682882240e-01,1.256924334849558011e+00,1.121740639560697139e-01,-3.418825488869803308e-01
1.674548596761341572e+09,-1.308213201822715291e+03,6.276061281879260605e+02,3.816394510978043400e+03,0.000000000000000000e+00,1.674548597340833664e+09,-5.304695634188321129e-01,1.264594081639129675e+00,1.198776766462971155e-01,-2.419435488869803308e-01
1.674548598962320805e+09,2.197177443606516590e+03,1.999956735297156172e+02,2.878217215568862230e+03,0.000000000000000000e+00,1.674548599491893530e+09,-3.859543255330517009e-01,1.261157625456075682e+00,1.178220601551038249e-01,-1.661035488869804233e-01
1.674548601796910048e+09,-6.092853270430110797e+02,6.486743739091845100e+02,3.664356337325348704e+03,0.000000000000000000e+00,1.674548602342893124e+09,-1.959987091365624490e-01,1.263640276267712359e+00,1.157021109220694455e-01,-8.489454888698011459e-02
1.674548604898217916e+09,-3.997243472096982941e+02,6.274033432138711532e+02,3.523224550898203688e+03,0.000000000000000000e+00,1.674548605719806433e+09,2.177804574361250772e-02,1.261087631019007116e+00,1.124569061993496710e-01,-3.056154888698037198e-02
1.674548607978151321e+09,-3.696884604098587488e+02,5.952972415172507681e+02,3.334011227544910525e+03,0.000000000000000000e+00,1.674548608246815920e+09,1.865901843579613750e-01,1.256534577936953223e+00,1.139684728760951699e-01,-1.818254888698023208e-02
1.674548608144679546e+09,-3.686666622520890542e+02,5.926842367617563241e+02,3.309677894211576131e+03,0.000000000000000000e+00,1.674548608722102880e+09,2.142393027192438237e-01,1.256208317391186213e+00,1.139852618354530722e-01,-1.786054888698007659e-02
1.674548609343686104e+09,-3.754328246136525991e+02,6.375946339329206012e+02,3.213514171656685903e+03,0.000000000000000000e+00,1.674548609872820616e+09,2.915123266819500958e-01,1.251854005244944945e+00,1.140134044819674369e-01,-1.786054888698007659e-02
1.674548610309556961e+09,-3.617794175168509696e+02,6.077791187267102941e+02,3.160529191616766639e+03,0.000000000000000000e+00,1.674548611984908104e+09,3.719668179972165922e-01,1.244335259751072176e+00,1.122601769877747124e-01,-1.985454888698034992e-02
1.674548611423064232e+09,-3.948264855868458199e+02,5.954682880533458729e+02,3.122040169660678657e+03,0.000000000000000000e+00,1.674548611498675585e+09,3.957424140432101445e-01,1.241871940976845945e+00,1.104581272221702160e-01,-2.043754888698012806e-02
1.674548612307984352e+09,-4.280342353981820906e+02,5.913806988985217004e+02,3.015387175648702396e+03,0.000000000000000000e+00,1.674548613743392944e+09,5.043947630636108626e-01,1.233360847112692671e+00,1.117996779962231318e-01,-2.382754888698013218e-02
1.674548613173876286e+09,-4.437189050067966036e+02,5.972076264539448403e+02,2.961055888223552756e+03,0.000000000000000000e+00,1.674548613924760818e+09,5.595140136549804355e-01,1.230023946007263502e+00,1.150576808057045680e-01,-2.477854888698027835e-02
1.674548613806768179e+09,1.678714566881906194e+03,5.288482989510190464e+02,2.608227744510978027e+03,0.000000000000000000e+00,1.674548614324932337e+09,5.878863938788512211e-01,1.226707109763828241e+00,1.151378582375862658e-01,-2.531554888698028805e-02
1.674548614173135042e+09,-4.384396327422821287e+02,5.925901801331281149e+02,2.889750249500997597e+03,0.000000000000000000e+00,1.674548614675089598e+09,6.119176804542986181e-01,1.225662399068073505e+00,1.150869630092001827e-01,-2.552954888698000246e-02
1.674548614372954607e+09,-4.357819089075811121e+02,5.889714916441035939e+02,2.874589171656686176e+03,0.000000000000000000e+00,1.674548615225481272e+09,6.482865061731988288e-01,1.221839889655367495e+00,1.177503042233878361e-01,-2.600554888698036748e-02
1.674548614772638798e+09,-4.522339608856258906e+02,5.957189538541161937e+02,2.856325998003992026e+03,0.000000000000000000e+00,1.674548615625685215e+09,6.763584018286079580e-01,1.219291215995821132e+00,1.187469845248280143e-01,-2.620554888698034546e-02
1.674548615971685648e+09,1.622365079184708748e+03,5.642083089788383177e+02,2.468511726546906175e+03,0.000000000000000000e+00,1.674548616351126432e+09,7.234039587726271980e-01,1.216194636799821760e+00,1.168176571114220436e-01,-2.648154888698028842e-02
1.674548616404648304e+09,-4.692090133982288762e+02,5.883535769884944102e+02,2.777505738522953834e+03,0.000000000000000000e+00,1.674548616701354265e+09,7.485146181811426214e-01,1.212910138329567067e+00,1.169732693609621260e-01,-2.657354888698026940e-02
1.674548617104211330e+09,1.628274141785859456e+03,4.928723232350268404e+02,2.414015019960079826e+03,0.000000000000000000e+00,1.674548617426850557e+09,7.974493168967251577e-01,1.208145331164604208e+00,1.156819585890425661e-01,-2.655754888698025340e-02
1.674548617437305927e+09,1.619056860501899109e+03,5.026617877189826800e+02,2.388674500998004532e+03,0.000000000000000000e+00,1.674548617802130461e+09,8.246165557249754974e-01,1.203126604595383231e+00,1.156533984114366115e-01,-2.654254888698037718e-02
1.674548617637155294e+09,-4.913249194549257481e+02,5.899308976840992500e+02,2.667040668662674307e+03,0.000000000000000000e+00,1.674548618202364445e+09,8.519166782554464801e-01,1.200065612770467638e+00,1.152126075098057201e-01,-2.637354888698029143e-02
1.674548617970209599e+09,1.460442872133403625e+03,6.401877303982548710e+02,2.333400898203592988e+03,0.000000000000000000e+00,1.674548618827665806e+09,8.942019212292053876e-01,1.194344679165492584e+00,1.164665489425475015e-01,-2.612854888698024070e-02
1.674548618969417095e+09,-5.117888941417762112e+02,6.025286750295535967e+02,2.563720808383233361e+03,0.000000000000000000e+00,1.674548619478060246e+09,9.399578153527552438e-01,1.186275825001421369e+00,1.189852761632659711e-01,-2.560654888698010723e-02
1.674548619335761309e+09,1.466089843998449169e+03,6.269845248568486795e+02,2.261356811377245322e+03,0.000000000000000000e+00,1.674548619928563595e+09,9.733433101755677441e-01,1.179425767107222800e+00,1.183683863993626045e-01,-2.542254888698014526e-02
1.674548619735444307e+09,1.503069560068250667e+03,5.871161799561945145e+02,2.197662025948103292e+03,0.000000000000000000e+00,1.674548620278637886e+09,9.966231775740919119e-01,1.174787830241001085e+00,1.187358576898867035e-01,-2.500854888698000877e-02
1.674548621200853348e+09,1.432078515994060808e+03,6.225879468429440067e+02,2.134176147704590676e+03,0.000000000000000000e+00,1.674548621429267168e+09,1.078004335630067256e+00,1.152303525142898577e+00,1.177890449332498479e-01,-2.381254888698025596e-02
1.674548621733710766e+09,1.425892320019004956e+03,6.151462298476939168e+02,2.103959281437125355e+03,0.000000000000000000e+00,1.674548622254748106e+09,1.140338389961273569e+00,1.137036600658312135e+00,1.173216618441750292e-01,-2.286054888698041410e-02
1.674548622166635275e+09,-5.975183049410677540e+02,5.801477269815773070e+02,2.367353493013971729e+03,0.000000000000000000e+00,1.674548622704960585e+09,1.172038128518395617e+00,1.127538588575249801e+00,1.164798480325746483e-01,-2.236954888698017285e-02
1.674548622869195938e+09,-5.944498873219349662e+02,5.748822023448664140e+02,2.313081337325349068e+03,0.000000000000000000e+00,1.674548623380289793e+09,1.220734686781189016e+00,1.112863166735387432e+00,1.142650480173899447e-01,-2.100454888698033429e-02
1.674548623305567026e+09,-6.195910878332991842e+02,5.826739021882569887e+02,2.270842065868263035e+03,0.000000000000000000e+00,1.674548623705543995e+09,1.248690189143769835e+00,1.104932536904908558e+00,1.121747053781222137e-01,-2.045254888698000428e-02
1.674548624121545792e+09,1.335057334973710795e+03,6.191684234451639668e+02,1.930144361277445341e+03,0.000000000000000000e+00,1.674548624606105328e+09,1.315330118616240274e+00,1.086354392381734479e+00,1.108812964737456858e-01,-1.885754888697999121e-02
1.674548624752521992e+09,-6.447447858552354774e+02,5.893014732064300460e+02,2.148328692614770262e+03,0.000000000000000000e+00,1.674548625707507849e+09,1.401319769868375475e+00,1.057147996125628486e+00,1.133044479737748411e-01,-1.666354888698018399e-02
1.674548626284525394e+09,1.294990736486560081e+03,5.944002214386282503e+02,1.761611726546905857e+03,0.000000000000000000e+00,1.674548626932305098e+09,1.499178171708421825e+00,1.024417168276477996e+00,1.154753387908517975e-01,-1.417854888698011351e-02
1.674548655219649792e+09,6.456167186949735424e+02,4.415698637436577769e+02,1.120642165668662756e+03,0.000000000000000000e+00,1.674548655871930361e+09,1.999369404938055261e+00,2.555075337745741915e-01,1.146444186990307618e-01,1.045111301989365415e-05
1.674548658703524590e+09,-1.403156270509249225e+03,5.636759944758335905e+02,2.185136926147704344e+03,0.000000000000000000e+00,1.674548659224028587e+09,1.256457156792945895e+00,1.895786172332288300e-01,1.388776349660337528e-01,-1.425488869801760927e-04
1.674548660668871641e+09,-1.018208284858206753e+03,6.406322062686259642e+02,2.682776497005987949e+03,0.000000000000000000e+00,1.674548661150385380e+09,7.609698244743610118e-01,1.432112283988943857e-01,1.434999042514892575e-01,-4.548886979982569301e-06
1.674548661667174339e+09,-1.357996108272212723e+03,6.053206484440578379e+02,2.976629241516966431e+03,0.000000000000000000e+00,1.674548662259694576e+09,5.250389604385204967e-01,1.284299180790308414e-01,1.393100194502695788e-01,-1.275488869802998693e-04
1.674548662665480137e+09,-1.334484896116928894e+03,5.456991131944180324e+02,3.161739620758482943e+03,0.000000000000000000e+00,1.674548663176717043e+09,2.196685413325580316e-01,1.023105220742835803e-01,1.316314436451750947e-01,-3.554888698031888339e-05
1.674548663597227335e+09,-1.315961344976972669e+03,5.702270123566254370e+02,3.361304241516965703e+03,0.000000000000000000e+00,1.674548664352421045e+09,-9.641460457254380501e-02,7.473154593334457862e-02,1.291225055766071217e-01,4.145111301978587903e-05
1.674548667923278332e+09,1.338387524980974604e+03,1.551666398389296546e+02,2.601895409181637206e+03,0.000000000000000000e+00,1.674548667804356098e+09,-1.025217289210038851e+00,-2.763158110949884630e-03,1.181632104484772461e-01,4.145111301978587903e-05
1.674548667631844044e+09,1.335465013611415543e+03,1.460759372840525998e+02,2.769278692614771444e+03,0.000000000000000000e+00,1.674548668504789114e+09,-1.207685008635347002e+00,-1.859679808095247161e-02,1.170365598602458312e-01,4.145111301978587903e-05
1.674548668702919960e+09,1.369181259337141228e+03,1.397787824851942275e+02,2.949100923153693202e+03,0.000000000000000000e+00,1.674548669130395412e+09,-1.364592053430197405e+00,-3.267259097858446482e-02,1.212437792980290141e-01,7.245111301967810391e-05
1.674548668502763987e+09,1.422527826466733131e+03,1.254964894270455886e+02,3.189477145708583066e+03,0.000000000000000000e+00,1.674548669855623245e+09,-1.545625635368700568e+00,-4.599650513975340332e-02,1.290290976018907965e-01,1.045111301989365415e-05
1.674548670535887003e+09,1.509293106015963417e+02,7.570155330820944073e+02,5.256852195608782495e+03,0.000000000000000000e+00,1.674548671907306194e+09,-2.020195413155978947e+00,-8.830881386194125438e-02,1.370639944569609636e-01,-4.548886979982569301e-06
1.674548672753484964e+09,1.524246572122583814e+02,7.862746289754990130e+02,5.713373103792416259e+03,0.000000000000000000e+00,1.674548674158316612e+09,-2.472051282595039368e+00,-1.282322377701162197e-01,1.433130580073284921e-01,-1.954888698030288197e-05
1.674548674223891973e+09,1.730168795834843820e+01,2.301009927280706524e+00,1.909331337325349409e+01,0.000000000000000000e+00,1.674548675684284210e+09,-2.723124166029840865e+00,-1.448849764372972249e-01,1.220188442206639884e-01,1.045111301989365415e-05
1.674548676207936764e+09,7.304370975694270385e+01,8.294041951971596518e+02,6.328237075848302993e+03,0.000000000000000000e+00,1.674548677535450220e+09,-2.957893495625557367e+00,-1.622332317671551782e-01,1.019467165856625807e-01,-4.548886979982569301e-06
1.674548677348521471e+09,3.492181551402534279e+00,8.297254785428377772e+02,6.508448852295409779e+03,0.000000000000000000e+00,1.674548678358047009e+09,-3.007685137511729945e+00,-1.639452760644792562e-01,1.010636909413321488e-01,-4.548886979982569301e-06
1.674548678211748838e+09,-6.088868560521176754e+00,7.971576084747207460e+02,6.571811676646706474e+03,0.000000000000000000e+00,1.674548679386597157e+09,-3.101584054499295195e+00,-1.717390362801138881e-01,1.024689744637789779e-01,1.045111301989365415e-05
1.674548680246934175e+09,8.911992892945763245e+00,8.227972916136044432e+02,6.679816217564869476e+03,0.000000000000000000e+00,1.674548680862466335e+09,-3.143109190269740782e+00,-1.744884442527228630e-01,1.060052982521631770e-01,1.045111301989365415e-05
