,timestamp,nose_x,nose_y,nose_z,l_eye_x,l_eye_y,l_eye_z,r_eye_x,r_eye_y,r_eye_z,l_ear_x,l_ear_y,l_ear_z,r_ear_x,r_ear_y,r_ear_z,l_shoulder_x,l_shoulder_y,l_shoulder_z,r_shoulder_x,r_shoulder_y,r_shoulder_z,l_elbow_x,l_elbow_y,l_elbow_z,r_elbow_x,r_elbow_y,r_elbow_z,l_hand_x,l_hand_y,l_hand_z,r_hand_x,r_hand_y,r_hand_z,l_base_x,l_base_y,l_base_z,r_base_x,r_base_y,r_base_z,l_knee_x,l_knee_y,l_knee_z,r_knee_x,r_knee_y,r_knee_z,l_foot_x,l_foot_y,l_foot_z,r_foot_x,r_foot_y,r_foot_z
0,1698038902.540143,885.0,296.0,0.0,890.0,292.0,0.0,882.0,292.0,0.0,895.0,293.0,0.0,878.0,293.0,0.0,904.0,320.0,0.0,868.0,320.0,0.0,908.0,350.0,0.0,863.0,346.0,0.0,905.0,373.0,0.0,863.0,370.0,0.0,895.0,378.0,0.0,874.0,378.0,0.0,895.0,415.0,0.0,874.0,418.0,0.0,878.0,458.0,0.0,895.0,452.0,0.0
1,1698038902.5736752,885.0,296.0,0.0,889.0,292.0,0.0,882.0,292.0,0.0,895.0,293.0,0.0,878.0,293.0,0.0,905.0,321.0,0.0,868.0,319.0,0.0,908.0,349.0,0.0,863.0,346.0,0.0,906.0,374.0,0.0,863.0,371.0,0.0,895.0,378.0,0.0,874.0,378.0,0.0,896.0,415.0,0.0,874.0,418.0,0.0,878.0,457.0,0.0,895.0,452.0,0.0
2,1698038902.674051,885.0,296.0,0.0,890.0,291.0,0.0,883.0,291.0,0.0,894.0,293.0,0.0,878.0,293.0,0.0,904.0,320.0,0.0,868.0,320.0,0.0,908.0,350.0,0.0,861.0,347.0,0.0,905.0,373.0,0.0,863.0,372.0,0.0,895.0,377.0,0.0,874.0,379.0,0.0,895.0,413.0,0.0,874.0,418.0,0.0,878.0,455.0,0.0,895.0,451.0,0.0
3,1698038902.7074022,886.0,296.0,0.0,890.0,292.0,0.0,883.0,292.0,0.0,894.0,293.0,0.0,878.0,293.0,0.0,904.0,320.0,0.0,868.0,320.0,0.0,908.0,350.0,0.0,861.0,347.0,0.0,905.0,375.0,0.0,863.0,372.0,0.0,895.0,379.0,0.0,874.0,379.0,0.0,895.0,415.0,0.0,874.0,418.0,0.0,878.0,455.0,0.0,894.0,452.0,0.0
4,1698038902.941528,885.0,295.0,0.0,890.0,291.0,0.0,883.0,292.0,0.0,894.0,292.0,0.0,878.0,294.0,0.0,904.0,320.0,0.0,868.0,320.0,0.0,908.0,350.0,0.0,861.0,347.0,0.0,905.0,374.0,0.0,863.0,372.0,0.0,895.0,377.0,0.0,873.0,377.0,0.0,895.0,413.0,0.0,874.0,418.0,0.0,878.0,455.0,0.0,894.0,452.0,0.0
5,1698038903.7543912,885.0,296.0,0.0,888.0,292.0,0.0,883.0,292.0,0.0,894.0,293.0,0.0,878.0,293.0,0.0,904.0,320.0,0.0,868.0,319.0,0.0,908.0,351.0,0.0,861.0,348.0,0.0,905.0,375.0,0.0,863.0,372.0,0.0,895.0,378.0,0.0,874.0,378.0,0.0,895.0,415.0,0.0,874.0,418.0,0.0,878.0,455.0,0.0,894.0,454.0,0.0
6,1698038903.309556,886.0,295.0,0.0,890.0,291.0,0.0,883.0,293.0,0.0,894.0,293.0,0.0,878.0,294.0,0.0,904.0,320.0,0.0,869.0,320.0,0.0,908.0,350.0,0.0,863.0,347.0,0.0,906.0,374.0,0.0,863.0,372.0,0.0,896.0,377.0,0.0,873.0,377.0,0.0,896.0,413.0,0.0,874.0,418.0,0.0,878.0,455.0,0.0,894.0,452.0,0.0
7,1698038903.409945,886.0,296.0,0.0,890.0,291.0,0.0,883.0,291.0,0.0,894.0,293.0,0.0,878.0,294.0,0.0,904.0,320.0,0.0,868.0,320.0,0.0,908.0,350.0,0.0,863.0,347.0,0.0,906.0,373.0,0.0,863.0,372.0,0.0,896.0,377.0,0.0,873.0,377.0,0.0,896.0,413.0,0.0,874.0,418.0,0.0,878.0,455.0,0.0,894.0,452.0,0.0
8,1698038903.57718,886.0,296.0,0.0,890.0,292.0,0.0,883.0,292.0,0.0,894.0,293.0,0.0,878.0,293.0,0.0,904.0,321.0,0.0,868.0,319.0,0.0,908.0,349.0,0.0,861.0,348.0,0.0,905.0,374.0,0.0,863.0,371.0,0.0,895.0,377.0,0.0,873.0,378.0,0.0,895.0,413.0,0.0,874.0,417.0,0.0,878.0,455.0,0.0,894.0,455.0,0.0
9,1698038903.811282,885.0,296.0,0.0,890.0,291.0,0.0,883.0,291.0,0.0,894.0,293.0,0.0,878.0,293.0,0.0,904.0,320.0,0.0,868.0,320.0,0.0,908.0,350.0,0.0,863.0,347.0,0.0,905.0,374.0,0.0,863.0,372.0,0.0,895.0,379.0,0.0,873.0,379.0,0.0,895.0,413.0,0.0,874.0,417.0,0.0,878.0,455.0,0.0,894.0,452.0,0.0
10,1698038903.945062,885.0,295.0,0.0,890.0,291.0,0.0,883.0,292.0,0.0,894.0,292.0,0.0,878.0,294.0,0.0,904.0,320.0,0.0,868.0,320.0,0.0,908.0,350.0,0.0,863.0,348.0,0.0,905.0,374.0,0.0,863.0,371.0,0.0,895.0,379.0,0.0,874.0,379.0,0.0,895.0,414.0,0.0,874.0,417.0,0.0,878.0,456.0,0.0,894.0,453.0,0.0
11,1698038904.145812,885.0,296.0,0.0,890.0,292.0,0.0,883.0,292.0,0.0,894.0,293.0,0.0,878.0,293.0,0.0,904.0,321.0,0.0,868.0,319.0,0.0,908.0,349.0,0.0,863.0,348.0,0.0,905.0,374.0,0.0,863.0,372.0,0.0,895.0,378.0,0.0,873.0,378.0,0.0,895.0,414.0,0.0,874.0,417.0,0.0,878.0,456.0,0.0,894.0,454.0,0.0
12,1698038904.313071,885.0,296.0,0.0,890.0,291.0,0.0,883.0,291.0,0.0,894.0,293.0,0.0,878.0,293.0,0.0,904.0,320.0,0.0,868.0,320.0,0.0,908.0,350.0,0.0,861.0,347.0,0.0,905.0,374.0,0.0,863.0,372.0,0.0,895.0,379.0,0.0,873.0,379.0,0.0,895.0,413.0,0.0,874.0,417.0,0.0,878.0,455.0,0.0,894.0,453.0,0.0
13,1698038904.480314,885.0,296.0,0.0,890.0,292.0,0.0,883.0,292.0,0.0,894.0,293.0,0.0,878.0,293.0,0.0,904.0,320.0,0.0,868.0,320.0,0.0,908.0,350.0,0.0,863.0,348.0,0.0,905.0,375.0,0.0,863.0,372.0,0.0,895.0,378.0,0.0,873.0,379.0,0.0,895.0,414.0,0.0,874.0,418.0,0.0,878.0,455.0,0.0,894.0,452.0,0.0
14,1698038904.647538,885.0,296.0,0.0,889.0,291.0,0.0,882.0,291.0,0.0,894.0,293.0,0.0,878.0,293.0,0.0,904.0,320.0,0.0,868.0,320.0,0.0,908.0,350.0,0.0,862.0,347.0,0.0,905.0,374.0,0.0,862.0,371.0,0.0,895.0,379.0,0.0,872.0,379.0,0.0,897.0,414.0,0.0,874.0,419.0,0.0,878.0,456.0,0.0,895.0,452.0,0.0
15,1698038904.814819,885.0,296.0,0.0,890.0,292.0,0.0,883.0,292.0,0.0,894.0,293.0,0.0,878.0,293.0,0.0,904.0,320.0,0.0,868.0,320.0,0.0,908.0,350.0,0.0,863.0,347.0,0.0,905.0,375.0,0.0,863.0,372.0,0.0,895.0,379.0,0.0,873.0,379.0,0.0,895.0,413.0,0.0,874.0,417.0,0.0,894.0,452.0,0.0,878.0,455.0,0.0
16,1698038904.9820411,885.0,296.0,0.0,889.0,292.0,0.0,882.0,292.0,0.0,895.0,293.0,0.0,878.0,293.0,0.0,904.0,320.0,0.0,868.0,320.0,0.0,908.0,350.0,0.0,863.0,347.0,0.0,905.0,375.0,0.0,863.0,372.0,0.0,895.0,377.0,0.0,872.0,377.0,0.0,895.0,415.0,0.0,874.0,419.0,0.0,878.0,456.0,0.0,895.0,453.0,0.0
17,1698038905.1492922,885.0,295.0,0.0,890.0,292.0,0.0,883.0,292.0,0.0,895.0,292.0,0.0,878.0,294.0,0.0,904.0,320.0,0.0,868.0,320.0,0.0,908.0,350.0,0.0,863.0,347.0,0.0,907.0,371.0,0.0,863.0,371.0,0.0,895.0,378.0,0.0,873.0,378.0,0.0,895.0,413.0,0.0,874.0,417.0,0.0,878.0,455.0,0.0,895.0,451.0,0.0
18,1698038905.350056,885.0,295.0,0.0,890.0,291.0,0.0,883.0,292.0,0.0,895.0,292.0,0.0,878.0,294.0,0.0,904.0,320.0,0.0,868.0,320.0,0.0,908.0,350.0,0.0,863.0,347.0,0.0,905.0,374.0,0.0,863.0,371.0,0.0,895.0,378.0,0.0,873.0,378.0,0.0,895.0,413.0,0.0,874.0,417.0,0.0,878.0,456.0,0.0,895.0,448.0,0.0
19,1698038905.483793,886.0,295.0,0.0,890.0,291.0,0.0,883.0,291.0,0.0,895.0,293.0,0.0,878.0,293.0,0.0,904.0,320.0,0.0,869.0,320.0,0.0,908.0,350.0,0.0,861.0,347.0,0.0,905.0,374.0,0.0,863.0,371.0,0.0,895.0,379.0,0.0,873.0,379.0,0.0,895.0,413.0,0.0,874.0,416.0,0.0,878.0,455.0,0.0,895.0,449.0,0.0
20,1698038905.6845472,885.0,296.0,0.0,890.0,291.0,0.0,883.0,291.0,0.0,894.0,293.0,0.0,878.0,293.0,0.0,904.0,320.0,0.0,868.0,320.0,0.0,908.0,350.0,0.0,863.0,347.0,0.0,905.0,375.0,0.0,863.0,372.0,0.0,895.0,379.0,0.0,874.0,379.0,0.0,895.0,415.0,0.0,874.0,418.0,0.0,878.0,455.0,0.0,894.0,452.0,0.0
21,1698038905.885176,886.0,296.0,0.0,890.0,292.0,0.0,883.0,292.0,0.0,894.0,293.0,0.0,878.0,293.0,0.0,904.0,321.0,0.0,868.0,321.0,0.0,908.0,351.0,0.0,863.0,348.0,0.0,905.0,374.0,0.0,863.0,372.0,0.0,895.0,378.0,0.0,873.0,379.0,0.0,895.0,414.0,0.0,874.0,418.0,0.0,878.0,456.0,0.0,877.0,451.0,0.0
22,1698038905.9855492,886.0,295.0,0.0,890.0,292.0,0.0,883.0,292.0,0.0,894.0,294.0,0.0,878.0,294.0,0.0,904.0,319.0,0.0,869.0,319.0,0.0,908.0,349.0,0.0,861.0,348.0,0.0,905.0,372.0,0.0,863.0,372.0,0.0,896.0,378.0,0.0,873.0,378.0,0.0,896.0,412.0,0.0,874.0,417.0,0.0,878.0,454.0,0.0,894.0,452.0,0.0
23,1698038906.219675,885.0,296.0,0.0,890.0,291.0,0.0,883.0,291.0,0.0,894.0,293.0,0.0,878.0,293.0,0.0,904.0,320.0,0.0,868.0,320.0,0.0,908.0,350.0,0.0,863.0,347.0,0.0,905.0,374.0,0.0,863.0,371.0,0.0,895.0,377.0,0.0,873.0,377.0,0.0,895.0,413.0,0.0,874.0,417.0,0.0,878.0,454.0,0.0,894.0,452.0,0.0
24,1698038906.386926,887.0,296.0,0.0,890.0,291.0,0.0,882.0,291.0,0.0,895.0,293.0,0.0,878.0,293.0,0.0,904.0,320.0,0.0,868.0,320.0,0.0,908.0,350.0,0.0,863.0,349.0,0.0,905.0,374.0,0.0,863.0,371.0,0.0,895.0,379.0,0.0,872.0,379.0,0.0,895.0,414.0,0.0,874.0,419.0,0.0,878.0,456.0,0.0,894.0,455.0,0.0
25,1698038906.5876982,885.0,295.0,0.0,889.0,292.0,0.0,882.0,292.0,0.0,894.0,294.0,0.0,878.0,294.0,0.0,904.0,319.0,0.0,868.0,319.0,0.0,908.0,350.0,0.0,863.0,348.0,0.0,905.0,374.0,0.0,863.0,371.0,0.0,895.0,378.0,0.0,872.0,378.0,0.0,895.0,413.0,0.0,874.0,417.0,0.0,878.0,455.0,0.0,895.0,452.0,0.0
26,1698038906.754932,887.0,296.0,0.0,889.0,291.0,0.0,882.0,291.0,0.0,894.0,293.0,0.0,878.0,293.0,0.0,904.0,320.0,0.0,868.0,320.0,0.0,908.0,350.0,0.0,861.0,347.0,0.0,905.0,375.0,0.0,863.0,372.0,0.0,895.0,378.0,0.0,872.0,378.0,0.0,895.0,412.0,0.0,874.0,416.0,0.0,878.0,454.0,0.0,878.0,455.0,0.0
27,1698038906.8886812,885.0,295.0,0.0,889.0,291.0,0.0,882.0,292.0,0.0,894.0,292.0,0.0,878.0,294.0,0.0,904.0,320.0,0.0,868.0,320.0,0.0,908.0,351.0,0.0,863.0,347.0,0.0,905.0,374.0,0.0,863.0,371.0,0.0,895.0,378.0,0.0,872.0,378.0,0.0,895.0,414.0,0.0,874.0,417.0,0.0,878.0,456.0,0.0,894.0,455.0,0.0
28,1698038907.894431,885.0,296.0,0.0,889.0,292.0,0.0,882.0,292.0,0.0,895.0,293.0,0.0,878.0,293.0,0.0,904.0,320.0,0.0,868.0,319.0,0.0,908.0,351.0,0.0,862.0,348.0,0.0,905.0,375.0,0.0,862.0,372.0,0.0,895.0,378.0,0.0,872.0,378.0,0.0,895.0,414.0,0.0,874.0,418.0,0.0,879.0,455.0,0.0,894.0,454.0,0.0
29,1698038907.256683,885.0,296.0,0.0,889.0,292.0,0.0,882.0,292.0,0.0,895.0,293.0,0.0,878.0,293.0,0.0,904.0,320.0,0.0,868.0,320.0,0.0,908.0,351.0,0.0,862.0,348.0,0.0,905.0,375.0,0.0,862.0,372.0,0.0,895.0,378.0,0.0,872.0,378.0,0.0,895.0,414.0,0.0,874.0,418.0,0.0,878.0,456.0,0.0,895.0,451.0,0.0
30,1698038907.4239352,886.0,296.0,0.0,889.0,291.0,0.0,882.0,291.0,0.0,895.0,293.0,0.0,878.0,293.0,0.0,903.0,320.0,0.0,868.0,320.0,0.0,908.0,350.0,0.0,862.0,347.0,0.0,905.0,375.0,0.0,862.0,372.0,0.0,895.0,379.0,0.0,872.0,379.0,0.0,896.0,413.0,0.0,874.0,417.0,0.0,878.0,455.0,0.0,895.0,452.0,0.0
31,1698038907.5911891,886.0,296.0,0.0,889.0,291.0,0.0,882.0,291.0,0.0,895.0,293.0,0.0,878.0,293.0,0.0,904.0,320.0,0.0,868.0,320.0,0.0,906.0,350.0,0.0,862.0,347.0,0.0,905.0,375.0,0.0,862.0,372.0,0.0,895.0,377.0,0.0,874.0,377.0,0.0,896.0,412.0,0.0,874.0,416.0,0.0,879.0,455.0,0.0,894.0,453.0,0.0
32,1698038907.75844,885.0,296.0,0.0,889.0,291.0,0.0,882.0,291.0,0.0,895.0,293.0,0.0,878.0,293.0,0.0,904.0,320.0,0.0,868.0,320.0,0.0,908.0,350.0,0.0,862.0,347.0,0.0,905.0,375.0,0.0,862.0,372.0,0.0,895.0,379.0,0.0,872.0,379.0,0.0,896.0,413.0,0.0,874.0,418.0,0.0,878.0,455.0,0.0,895.0,451.0,0.0
33,1698038907.925696,885.0,295.0,0.0,889.0,292.0,0.0,882.0,292.0,0.0,895.0,292.0,0.0,878.0,292.0,0.0,904.0,320.0,0.0,868.0,320.0,0.0,908.0,350.0,0.0,861.0,348.0,0.0,905.0,374.0,0.0,863.0,371.0,0.0,895.0,379.0,0.0,873.0,379.0,0.0,895.0,414.0,0.0,874.0,417.0,0.0,878.0,456.0,0.0,894.0,453.0,0.0
34,1698038908.9297712,885.0,295.0,0.0,889.0,291.0,0.0,882.0,291.0,0.0,895.0,293.0,0.0,878.0,293.0,0.0,904.0,320.0,0.0,868.0,320.0,0.0,908.0,350.0,0.0,862.0,347.0,0.0,905.0,374.0,0.0,862.0,371.0,0.0,895.0,378.0,0.0,872.0,378.0,0.0,895.0,414.0,0.0,874.0,418.0,0.0,878.0,456.0,0.0,894.0,456.0,0.0
35,1698038908.260192,885.0,295.0,0.0,889.0,291.0,0.0,882.0,292.0,0.0,895.0,292.0,0.0,878.0,292.0,0.0,904.0,320.0,0.0,868.0,320.0,0.0,908.0,351.0,0.0,862.0,347.0,0.0,905.0,374.0,0.0,862.0,371.0,0.0,895.0,377.0,0.0,872.0,377.0,0.0,895.0,413.0,0.0,874.0,417.0,0.0,878.0,456.0,0.0,895.0,452.0,0.0
36,1698038908.460976,885.0,295.0,0.0,889.0,292.0,0.0,882.0,292.0,0.0,895.0,293.0,0.0,878.0,293.0,0.0,904.0,319.0,0.0,868.0,319.0,0.0,908.0,350.0,0.0,862.0,345.0,0.0,905.0,374.0,0.0,862.0,370.0,0.0,895.0,377.0,0.0,874.0,377.0,0.0,896.0,414.0,0.0,874.0,417.0,0.0,878.0,456.0,0.0,895.0,452.0,0.0
37,1698038908.661575,885.0,295.0,0.0,890.0,291.0,0.0,882.0,291.0,0.0,895.0,294.0,0.0,895.0,292.0,0.0,904.0,320.0,0.0,868.0,320.0,0.0,908.0,351.0,0.0,862.0,347.0,0.0,905.0,374.0,0.0,862.0,371.0,0.0,895.0,376.0,0.0,874.0,377.0,0.0,895.0,414.0,0.0,895.0,414.0,0.0,878.0,456.0,0.0,895.0,452.0,0.0
38,1698038908.7619472,885.0,295.0,0.0,890.0,292.0,0.0,882.0,292.0,0.0,895.0,292.0,0.0,878.0,294.0,0.0,904.0,319.0,0.0,868.0,319.0,0.0,908.0,350.0,0.0,861.0,348.0,0.0,905.0,374.0,0.0,863.0,371.0,0.0,895.0,378.0,0.0,872.0,378.0,0.0,895.0,414.0,0.0,874.0,418.0,0.0,878.0,456.0,0.0,895.0,451.0,0.0
39,1698038908.9627311,885.0,295.0,0.0,890.0,291.0,0.0,882.0,291.0,0.0,895.0,293.0,0.0,878.0,293.0,0.0,904.0,320.0,0.0,868.0,320.0,0.0,908.0,350.0,0.0,861.0,347.0,0.0,905.0,374.0,0.0,863.0,371.0,0.0,895.0,379.0,0.0,873.0,379.0,0.0,895.0,414.0,0.0,874.0,417.0,0.0,878.0,456.0,0.0,895.0,452.0,0.0
40,1698038909.163324,887.0,295.0,0.0,889.0,292.0,0.0,882.0,292.0,0.0,895.0,292.0,0.0,878.0,292.0,0.0,904.0,320.0,0.0,868.0,320.0,0.0,908.0,350.0,0.0,862.0,347.0,0.0,905.0,374.0,0.0,862.0,371.0,0.0,895.0,377.0,0.0,872.0,378.0,0.0,895.0,414.0,0.0,874.0,417.0,0.0,878.0,456.0,0.0,895.0,451.0,0.0
41,1698038909.3641071,885.0,295.0,0.0,889.0,292.0,0.0,882.0,292.0,0.0,895.0,292.0,0.0,878.0,292.0,0.0,903.0,320.0,0.0,868.0,320.0,0.0,908.0,350.0,0.0,862.0,347.0,0.0,905.0,374.0,0.0,862.0,372.0,0.0,895.0,376.0,0.0,874.0,377.0,0.0,896.0,415.0,0.0,874.0,418.0,0.0,878.0,456.0,0.0,895.0,453.0,0.0
42,1698038909.4644842,885.0,296.0,0.0,889.0,292.0,0.0,882.0,292.0,0.0,895.0,293.0,0.0,878.0,293.0,0.0,903.0,320.0,0.0,868.0,320.0,0.0,907.0,351.0,0.0,862.0,348.0,0.0,905.0,373.0,0.0,862.0,371.0,0.0,895.0,376.0,0.0,874.0,376.0,0.0,896.0,414.0,0.0,874.0,418.0,0.0,878.0,457.0,0.0,895.0,452.0,0.0
43,1698038909.66511,885.0,295.0,0.0,889.0,291.0,0.0,882.0,293.0,0.0,895.0,293.0,0.0,878.0,293.0,0.0,903.0,320.0,0.0,868.0,320.0,0.0,906.0,350.0,0.0,862.0,347.0,0.0,905.0,375.0,0.0,862.0,372.0,0.0,895.0,376.0,0.0,872.0,376.0,0.0,896.0,413.0,0.0,874.0,418.0,0.0,878.0,457.0,0.0,895.0,451.0,0.0
44,1698038909.865873,885.0,296.0,0.0,889.0,291.0,0.0,882.0,291.0,0.0,895.0,293.0,0.0,878.0,293.0,0.0,903.0,320.0,0.0,868.0,320.0,0.0,908.0,350.0,0.0,862.0,347.0,0.0,905.0,373.0,0.0,862.0,372.0,0.0,895.0,376.0,0.0,872.0,377.0,0.0,896.0,415.0,0.0,874.0,418.0,0.0,878.0,456.0,0.0,895.0,452.0,0.0
45,1698038910.3311913,886.0,295.0,0.0,889.0,292.0,0.0,882.0,292.0,0.0,895.0,293.0,0.0,878.0,293.0,0.0,903.0,321.0,0.0,868.0,319.0,0.0,907.0,349.0,0.0,862.0,348.0,0.0,906.0,374.0,0.0,862.0,371.0,0.0,895.0,376.0,0.0,873.0,376.0,0.0,896.0,414.0,0.0,873.0,418.0,0.0,878.0,457.0,0.0,895.0,452.0,0.0
46,1698038910.200365,886.0,295.0,0.0,889.0,292.0,0.0,882.0,292.0,0.0,895.0,294.0,0.0,878.0,294.0,0.0,903.0,319.0,0.0,868.0,319.0,0.0,907.0,350.0,0.0,862.0,347.0,0.0,906.0,374.0,0.0,862.0,371.0,0.0,895.0,377.0,0.0,874.0,377.0,0.0,896.0,414.0,0.0,874.0,418.0,0.0,878.0,457.0,0.0,895.0,451.0,0.0
47,1698038910.367586,886.0,295.0,0.0,889.0,291.0,0.0,882.0,292.0,0.0,895.0,292.0,0.0,878.0,292.0,0.0,903.0,320.0,0.0,868.0,320.0,0.0,906.0,350.0,0.0,862.0,347.0,0.0,905.0,375.0,0.0,862.0,372.0,0.0,895.0,377.0,0.0,874.0,377.0,0.0,896.0,413.0,0.0,874.0,418.0,0.0,878.0,455.0,0.0,895.0,451.0,0.0
48,1698038910.5348692,885.0,296.0,0.0,889.0,291.0,0.0,882.0,291.0,0.0,895.0,293.0,0.0,878.0,293.0,0.0,903.0,320.0,0.0,868.0,320.0,0.0,908.0,350.0,0.0,862.0,347.0,0.0,905.0,375.0,0.0,862.0,372.0,0.0,895.0,378.0,0.0,874.0,378.0,0.0,896.0,414.0,0.0,874.0,416.0,0.0,878.0,455.0,0.0,895.0,451.0,0.0
49,1698038910.702088,885.0,295.0,0.0,889.0,291.0,0.0,882.0,291.0,0.0,895.0,293.0,0.0,878.0,293.0,0.0,904.0,320.0,0.0,868.0,320.0,0.0,906.0,350.0,0.0,861.0,347.0,0.0,905.0,374.0,0.0,862.0,371.0,0.0,895.0,377.0,0.0,872.0,377.0,0.0,896.0,413.0,0.0,874.0,417.0,0.0,878.0,454.0,0.0,894.0,451.0,0.0
50,1698038910.902748,886.0,295.0,0.0,889.0,291.0,0.0,882.0,291.0,0.0,895.0,292.0,0.0,878.0,292.0,0.0,903.0,320.0,0.0,868.0,320.0,0.0,908.0,349.0,0.0,862.0,347.0,0.0,905.0,374.0,0.0,862.0,370.0,0.0,895.0,377.0,0.0,872.0,377.0,0.0,896.0,413.0,0.0,874.0,416.0,0.0,878.0,454.0,0.0,895.0,451.0,0.0
51,1698038911.3660212,885.0,296.0,0.0,889.0,292.0,0.0,882.0,292.0,0.0,894.0,293.0,0.0,878.0,293.0,0.0,904.0,320.0,0.0,868.0,319.0,0.0,906.0,350.0,0.0,861.0,348.0,0.0,905.0,375.0,0.0,863.0,372.0,0.0,895.0,378.0,0.0,872.0,378.0,0.0,895.0,412.0,0.0,874.0,416.0,0.0,895.0,447.0,0.0,877.0,445.0,0.0
52,1698038911.203844,885.0,296.0,0.0,889.0,291.0,0.0,882.0,291.0,0.0,895.0,293.0,0.0,878.0,293.0,0.0,903.0,320.0,0.0,868.0,320.0,0.0,908.0,350.0,0.0,861.0,347.0,0.0,905.0,374.0,0.0,862.0,371.0,0.0,895.0,377.0,0.0,874.0,377.0,0.0,896.0,413.0,0.0,874.0,417.0,0.0,878.0,454.0,0.0,895.0,450.0,0.0
53,1698038911.4045012,885.0,296.0,0.0,889.0,291.0,0.0,882.0,291.0,0.0,895.0,293.0,0.0,878.0,293.0,0.0,904.0,320.0,0.0,868.0,320.0,0.0,906.0,350.0,0.0,861.0,347.0,0.0,905.0,375.0,0.0,862.0,370.0,0.0,895.0,376.0,0.0,872.0,376.0,0.0,895.0,413.0,0.0,874.0,418.0,0.0,878.0,455.0,0.0,894.0,455.0,0.0
54,1698038911.538387,886.0,296.0,0.0,889.0,292.0,0.0,882.0,292.0,0.0,895.0,293.0,0.0,878.0,293.0,0.0,903.0,321.0,0.0,868.0,319.0,0.0,908.0,349.0,0.0,862.0,346.0,0.0,905.0,374.0,0.0,862.0,371.0,0.0,895.0,376.0,0.0,873.0,378.0,0.0,896.0,415.0,0.0,873.0,419.0,0.0,878.0,456.0,0.0,895.0,452.0,0.0
55,1698038911.772475,886.0,296.0,0.0,889.0,292.0,0.0,882.0,292.0,0.0,895.0,293.0,0.0,878.0,293.0,0.0,903.0,320.0,0.0,868.0,320.0,0.0,908.0,349.0,0.0,862.0,346.0,0.0,905.0,375.0,0.0,862.0,370.0,0.0,895.0,376.0,0.0,873.0,378.0,0.0,896.0,413.0,0.0,873.0,416.0,0.0,895.0,451.0,0.0,878.0,455.0,0.0
56,1698038911.93973,885.0,296.0,0.0,889.0,292.0,0.0,882.0,292.0,0.0,895.0,294.0,0.0,878.0,294.0,0.0,903.0,321.0,0.0,868.0,319.0,0.0,908.0,350.0,0.0,862.0,345.0,0.0,905.0,374.0,0.0,862.0,370.0,0.0,895.0,377.0,0.0,873.0,377.0,0.0,895.0,414.0,0.0,873.0,419.0,0.0,895.0,452.0,0.0,878.0,455.0,0.0
57,1698038912.4010313,885.0,296.0,0.0,889.0,292.0,0.0,882.0,292.0,0.0,895.0,294.0,0.0,878.0,294.0,0.0,904.0,319.0,0.0,868.0,319.0,0.0,908.0,350.0,0.0,862.0,347.0,0.0,905.0,374.0,0.0,862.0,371.0,0.0,895.0,377.0,0.0,872.0,377.0,0.0,895.0,414.0,0.0,874.0,417.0,0.0,895.0,451.0,0.0,878.0,456.0,0.0
58,1698038912.27423,885.0,296.0,0.0,889.0,293.0,0.0,882.0,293.0,0.0,895.0,293.0,0.0,878.0,294.0,0.0,904.0,320.0,0.0,868.0,320.0,0.0,908.0,349.0,0.0,862.0,347.0,0.0,905.0,373.0,0.0,862.0,370.0,0.0,895.0,377.0,0.0,873.0,377.0,0.0,895.0,415.0,0.0,873.0,419.0,0.0,895.0,451.0,0.0,878.0,455.0,0.0
59,1698038912.44148,885.0,296.0,0.0,889.0,293.0,0.0,882.0,293.0,0.0,895.0,293.0,0.0,878.0,293.0,0.0,903.0,320.0,0.0,868.0,320.0,0.0,908.0,349.0,0.0,862.0,347.0,0.0,905.0,374.0,0.0,862.0,370.0,0.0,895.0,377.0,0.0,873.0,377.0,0.0,896.0,416.0,0.0,873.0,419.0,0.0,895.0,452.0,0.0,878.0,455.0,0.0
60,1698038912.6422331,885.0,296.0,0.0,889.0,292.0,0.0,882.0,292.0,0.0,895.0,293.0,0.0,878.0,293.0,0.0,904.0,320.0,0.0,868.0,320.0,0.0,908.0,349.0,0.0,862.0,346.0,0.0,905.0,373.0,0.0,862.0,370.0,0.0,895.0,378.0,0.0,872.0,378.0,0.0,895.0,413.0,0.0,874.0,419.0,0.0,895.0,452.0,0.0,878.0,455.0,0.0
61,1698038912.775985,888.0,295.0,0.0,891.0,292.0,0.0,884.0,292.0,0.0,897.0,294.0,0.0,880.0,292.0,0.0,905.0,320.0,0.0,870.0,320.0,0.0,908.0,351.0,0.0,863.0,347.0,0.0,905.0,376.0,0.0,864.0,373.0,0.0,898.0,379.0,0.0,874.0,379.0,0.0,898.0,416.0,0.0,875.0,419.0,0.0,897.0,452.0,0.0,880.0,455.0,0.0
62,1698038912.943238,926.0,296.0,0.0,928.0,292.0,0.0,921.0,292.0,0.0,933.0,293.0,0.0,917.0,294.0,0.0,940.0,319.0,0.0,907.0,319.0,0.0,943.0,349.0,0.0,901.0,347.0,0.0,941.0,373.0,0.0,903.0,372.0,0.0,933.0,375.0,0.0,911.0,376.0,0.0,934.0,415.0,0.0,913.0,418.0,0.0,917.0,455.0,0.0,936.0,443.0,0.0
63,1698038913.143989,955.0,295.0,0.0,960.0,291.0,0.0,953.0,292.0,0.0,964.0,294.0,0.0,964.0,294.0,0.0,974.0,321.0,0.0,938.0,319.0,0.0,977.0,349.0,0.0,931.0,348.0,0.0,975.0,372.0,0.0,933.0,372.0,0.0,965.0,377.0,0.0,943.0,377.0,0.0,965.0,414.0,0.0,943.0,417.0,0.0,947.0,455.0,0.0,964.0,451.0,0.0
64,1698038913.311249,916.0,295.0,0.0,919.0,292.0,0.0,913.0,292.0,0.0,908.0,294.0,0.0,925.0,294.0,0.0,899.0,319.0,0.0,933.0,319.0,0.0,894.0,350.0,0.0,937.0,348.0,0.0,894.0,374.0,0.0,934.0,371.0,0.0,903.0,373.0,0.0,926.0,373.0,0.0,905.0,410.0,0.0,925.0,409.0,0.0,906.0,452.0,0.0,925.0,442.0,0.0
65,1698038913.5118651,906.0,295.0,0.0,910.0,293.0,0.0,903.0,293.0,0.0,914.0,293.0,0.0,898.0,293.0,0.0,925.0,318.0,0.0,890.0,318.0,0.0,928.0,347.0,0.0,884.0,347.0,0.0,927.0,371.0,0.0,884.0,371.0,0.0,917.0,374.0,0.0,896.0,374.0,0.0,917.0,413.0,0.0,896.0,416.0,0.0,901.0,456.0,0.0,918.0,450.0,0.0
66,1698038913.679116,912.0,296.0,0.0,916.0,292.0,0.0,909.0,293.0,0.0,921.0,293.0,0.0,921.0,293.0,0.0,931.0,321.0,0.0,896.0,321.0,0.0,934.0,352.0,0.0,889.0,349.0,0.0,932.0,375.0,0.0,891.0,371.0,0.0,924.0,377.0,0.0,901.0,377.0,0.0,924.0,414.0,0.0,924.0,414.0,0.0,905.0,457.0,0.0,922.0,451.0,0.0
67,1698038914.214373,906.0,299.0,0.0,909.0,297.0,0.0,903.0,297.0,0.0,915.0,297.0,0.0,898.0,298.0,0.0,925.0,325.0,0.0,888.0,324.0,0.0,928.0,355.0,0.0,882.0,352.0,0.0,925.0,378.0,0.0,883.0,375.0,0.0,916.0,381.0,0.0,893.0,381.0,0.0,916.0,418.0,0.0,895.0,422.0,0.0,898.0,460.0,0.0,913.0,457.0,0.0
68,1698038914.31475,904.0,298.0,0.0,907.0,294.0,0.0,902.0,295.0,0.0,913.0,295.0,0.0,896.0,295.0,0.0,923.0,323.0,0.0,887.0,323.0,0.0,926.0,354.0,0.0,882.0,350.0,0.0,924.0,377.0,0.0,882.0,374.0,0.0,916.0,381.0,0.0,893.0,381.0,0.0,914.0,416.0,0.0,893.0,422.0,0.0,897.0,460.0,0.0,913.0,459.0,0.0
69,1698038914.515382,903.0,297.0,0.0,906.0,293.0,0.0,899.0,294.0,0.0,894.0,296.0,0.0,912.0,296.0,0.0,884.0,321.0,0.0,920.0,321.0,0.0,879.0,350.0,0.0,924.0,353.0,0.0,880.0,372.0,0.0,922.0,375.0,0.0,890.0,378.0,0.0,913.0,378.0,0.0,890.0,418.0,0.0,913.0,415.0,0.0,894.0,460.0,0.0,910.0,457.0,0.0
70,1698038914.716123,907.0,300.0,0.0,911.0,297.0,0.0,904.0,297.0,0.0,915.0,297.0,0.0,898.0,297.0,0.0,924.0,324.0,0.0,888.0,324.0,0.0,928.0,355.0,0.0,883.0,353.0,0.0,925.0,380.0,0.0,884.0,375.0,0.0,917.0,383.0,0.0,894.0,384.0,0.0,917.0,418.0,0.0,895.0,424.0,0.0,898.0,460.0,0.0,914.0,457.0,0.0
71,1698038914.916907,908.0,300.0,0.0,911.0,297.0,0.0,905.0,297.0,0.0,899.0,297.0,0.0,916.0,297.0,0.0,889.0,323.0,0.0,926.0,323.0,0.0,929.0,354.0,0.0,931.0,354.0,0.0,885.0,374.0,0.0,928.0,379.0,0.0,896.0,383.0,0.0,918.0,384.0,0.0,896.0,423.0,0.0,918.0,422.0,0.0,901.0,464.0,0.0,916.0,461.0,0.0
72,1698038915.5064712,910.0,298.0,0.0,913.0,295.0,0.0,908.0,295.0,0.0,902.0,295.0,0.0,919.0,297.0,0.0,929.0,324.0,0.0,892.0,322.0,0.0,932.0,356.0,0.0,886.0,351.0,0.0,929.0,379.0,0.0,888.0,374.0,0.0,920.0,380.0,0.0,898.0,381.0,0.0,920.0,417.0,0.0,899.0,422.0,0.0,903.0,459.0,0.0,920.0,456.0,0.0
73,1698038915.217908,910.0,300.0,0.0,913.0,298.0,0.0,907.0,298.0,0.0,903.0,298.0,0.0,919.0,298.0,0.0,929.0,325.0,0.0,893.0,323.0,0.0,931.0,357.0,0.0,887.0,354.0,0.0,930.0,378.0,0.0,887.0,377.0,0.0,920.0,381.0,0.0,899.0,384.0,0.0,921.0,418.0,0.0,900.0,423.0,0.0,904.0,460.0,0.0,920.0,454.0,0.0
74,1698038915.418683,916.0,301.0,0.0,918.0,298.0,0.0,911.0,298.0,0.0,923.0,300.0,0.0,923.0,298.0,0.0,933.0,325.0,0.0,897.0,325.0,0.0,936.0,357.0,0.0,891.0,355.0,0.0,934.0,380.0,0.0,893.0,377.0,0.0,926.0,383.0,0.0,903.0,384.0,0.0,926.0,421.0,0.0,904.0,424.0,0.0,924.0,461.0,0.0,908.0,464.0,0.0
75,1698038915.5858831,920.0,301.0,0.0,923.0,298.0,0.0,917.0,298.0,0.0,928.0,298.0,0.0,928.0,298.0,0.0,937.0,326.0,0.0,902.0,326.0,0.0,941.0,355.0,0.0,897.0,353.0,0.0,940.0,378.0,0.0,897.0,376.0,0.0,930.0,383.0,0.0,908.0,385.0,0.0,931.0,421.0,0.0,908.0,425.0,0.0,914.0,464.0,0.0,930.0,460.0,0.0
76,1698038915.753164,926.0,301.0,0.0,929.0,297.0,0.0,922.0,297.0,0.0,918.0,297.0,0.0,935.0,297.0,0.0,944.0,324.0,0.0,908.0,324.0,0.0,948.0,354.0,0.0,903.0,353.0,0.0,905.0,379.0,0.0,903.0,377.0,0.0,938.0,383.0,0.0,915.0,383.0,0.0,916.0,420.0,0.0,938.0,417.0,0.0,921.0,460.0,0.0,935.0,459.0,0.0
77,1698038915.920417,934.0,302.0,0.0,937.0,298.0,0.0,932.0,299.0,0.0,943.0,299.0,0.0,926.0,299.0,0.0,953.0,325.0,0.0,916.0,327.0,0.0,956.0,357.0,0.0,912.0,357.0,0.0,954.0,378.0,0.0,913.0,381.0,0.0,946.0,384.0,0.0,923.0,385.0,0.0,946.0,421.0,0.0,924.0,424.0,0.0,944.0,457.0,0.0,927.0,461.0,0.0
78,1698038916.8763711,937.0,302.0,0.0,941.0,297.0,0.0,934.0,297.0,0.0,946.0,299.0,0.0,946.0,297.0,0.0,955.0,325.0,0.0,920.0,325.0,0.0,958.0,355.0,0.0,914.0,353.0,0.0,957.0,378.0,0.0,916.0,376.0,0.0,948.0,381.0,0.0,927.0,381.0,0.0,948.0,419.0,0.0,928.0,422.0,0.0,931.0,460.0,0.0,931.0,461.0,0.0
79,1698038916.2882931,942.0,301.0,0.0,945.0,297.0,0.0,938.0,297.0,0.0,949.0,298.0,0.0,933.0,298.0,0.0,959.0,324.0,0.0,923.0,326.0,0.0,964.0,354.0,0.0,918.0,353.0,0.0,962.0,377.0,0.0,920.0,377.0,0.0,952.0,382.0,0.0,930.0,382.0,0.0,952.0,421.0,0.0,931.0,424.0,0.0,934.0,461.0,0.0,934.0,461.0,0.0
80,1698038916.4890432,942.0,302.0,0.0,945.0,298.0,0.0,938.0,298.0,0.0,949.0,299.0,0.0,934.0,299.0,0.0,959.0,325.0,0.0,924.0,326.0,0.0,963.0,355.0,0.0,918.0,354.0,0.0,962.0,378.0,0.0,920.0,378.0,0.0,952.0,382.0,0.0,930.0,382.0,0.0,954.0,423.0,0.0,931.0,426.0,0.0,934.0,460.0,0.0,934.0,461.0,0.0
81,1698038916.5894222,942.0,300.0,0.0,945.0,297.0,0.0,938.0,297.0,0.0,949.0,299.0,0.0,934.0,299.0,0.0,959.0,325.0,0.0,924.0,325.0,0.0,962.0,353.0,0.0,918.0,353.0,0.0,962.0,378.0,0.0,919.0,376.0,0.0,952.0,381.0,0.0,931.0,381.0,0.0,952.0,420.0,0.0,931.0,422.0,0.0,934.0,458.0,0.0,951.0,456.0,0.0
82,1698038916.7566411,937.0,302.0,0.0,941.0,297.0,0.0,934.0,297.0,0.0,945.0,299.0,0.0,930.0,299.0,0.0,955.0,324.0,0.0,919.0,326.0,0.0,958.0,355.0,0.0,915.0,353.0,0.0,958.0,377.0,0.0,915.0,375.0,0.0,948.0,382.0,0.0,927.0,382.0,0.0,950.0,420.0,0.0,928.0,423.0,0.0,947.0,461.0,0.0,931.0,462.0,0.0
83,1698038916.990803,943.0,302.0,0.0,946.0,299.0,0.0,939.0,299.0,0.0,950.0,299.0,0.0,933.0,299.0,0.0,960.0,326.0,0.0,925.0,326.0,0.0,964.0,355.0,0.0,919.0,353.0,0.0,963.0,378.0,0.0,920.0,378.0,0.0,953.0,385.0,0.0,930.0,385.0,0.0,954.0,419.0,0.0,932.0,425.0,0.0,951.0,458.0,0.0,936.0,462.0,0.0
84,1698038917.911441,945.0,301.0,0.0,947.0,297.0,0.0,942.0,297.0,0.0,953.0,299.0,0.0,936.0,299.0,0.0,963.0,326.0,0.0,927.0,326.0,0.0,966.0,356.0,0.0,922.0,356.0,0.0,965.0,380.0,0.0,923.0,378.0,0.0,956.0,383.0,0.0,933.0,385.0,0.0,956.0,422.0,0.0,935.0,425.0,0.0,939.0,465.0,0.0,955.0,461.0,0.0
85,1698038917.2918072,950.0,302.0,0.0,953.0,298.0,0.0,948.0,298.0,0.0,959.0,299.0,0.0,942.0,299.0,0.0,967.0,325.0,0.0,932.0,327.0,0.0,972.0,357.0,0.0,928.0,354.0,0.0,970.0,380.0,0.0,928.0,377.0,0.0,962.0,383.0,0.0,939.0,384.0,0.0,962.0,421.0,0.0,941.0,424.0,0.0,943.0,463.0,0.0,960.0,460.0,0.0
86,1698038917.492522,954.0,302.0,0.0,957.0,298.0,0.0,951.0,298.0,0.0,963.0,299.0,0.0,946.0,299.0,0.0,971.0,325.0,0.0,937.0,325.0,0.0,976.0,354.0,0.0,931.0,354.0,0.0,974.0,378.0,0.0,931.0,375.0,0.0,964.0,383.0,0.0,943.0,384.0,0.0,966.0,420.0,0.0,944.0,423.0,0.0,949.0,463.0,0.0,964.0,455.0,0.0
87,1698038917.592899,956.0,303.0,0.0,959.0,298.0,0.0,953.0,298.0,0.0,965.0,300.0,0.0,947.0,300.0,0.0,973.0,325.0,0.0,938.0,327.0,0.0,977.0,356.0,0.0,933.0,354.0,0.0,976.0,379.0,0.0,933.0,377.0,0.0,966.0,383.0,0.0,945.0,384.0,0.0,967.0,420.0,0.0,946.0,425.0,0.0,966.0,460.0,0.0,949.0,463.0,0.0
88,1698038917.793612,958.0,302.0,0.0,962.0,298.0,0.0,955.0,298.0,0.0,967.0,300.0,0.0,951.0,300.0,0.0,977.0,325.0,0.0,941.0,327.0,0.0,980.0,357.0,0.0,935.0,355.0,0.0,978.0,380.0,0.0,937.0,377.0,0.0,970.0,383.0,0.0,948.0,383.0,0.0,971.0,421.0,0.0,948.0,424.0,0.0,952.0,464.0,0.0,968.0,460.0,0.0
89,1698038917.9942791,962.0,302.0,0.0,965.0,298.0,0.0,959.0,298.0,0.0,971.0,300.0,0.0,954.0,300.0,0.0,979.0,325.0,0.0,944.0,327.0,0.0,983.0,354.0,0.0,940.0,354.0,0.0,982.0,378.0,0.0,941.0,377.0,0.0,973.0,383.0,0.0,951.0,383.0,0.0,973.0,420.0,0.0,952.0,424.0,0.0,972.0,459.0,0.0,955.0,463.0,0.0
90,1698038918.1949372,967.0,302.0,0.0,970.0,298.0,0.0,964.0,298.0,0.0,957.0,298.0,0.0,976.0,298.0,0.0,984.0,325.0,0.0,950.0,326.0,0.0,988.0,356.0,0.0,944.0,356.0,0.0,987.0,378.0,0.0,944.0,378.0,0.0,956.0,385.0,0.0,956.0,385.0,0.0,957.0,424.0,0.0,978.0,420.0,0.0,961.0,464.0,0.0,977.0,463.0,0.0
91,1698038918.362158,997.0,304.0,0.0,1001.0,300.0,0.0,994.0,300.0,0.0,1006.0,300.0,0.0,989.0,300.0,0.0,1016.0,327.0,0.0,980.0,327.0,0.0,1019.0,357.0,0.0,974.0,356.0,0.0,1017.0,380.0,0.0,976.0,379.0,0.0,1009.0,386.0,0.0,987.0,387.0,0.0,1009.0,423.0,0.0,987.0,429.0,0.0,1006.0,464.0,0.0,990.0,467.0,0.0
92,1698038918.496031,982.0,304.0,0.0,987.0,300.0,0.0,980.0,300.0,0.0,975.0,301.0,0.0,991.0,301.0,0.0,965.0,328.0,0.0,1001.0,325.0,0.0,960.0,358.0,0.0,1005.0,361.0,0.0,961.0,379.0,0.0,1002.0,381.0,0.0,971.0,387.0,0.0,992.0,389.0,0.0,972.0,427.0,0.0,994.0,424.0,0.0,975.0,467.0,0.0,991.0,463.0,0.0
93,1698038918.696659,952.0,304.0,0.0,955.0,300.0,0.0,948.0,300.0,0.0,959.0,301.0,0.0,944.0,301.0,0.0,969.0,327.0,0.0,934.0,328.0,0.0,974.0,357.0,0.0,928.0,356.0,0.0,971.0,382.0,0.0,930.0,379.0,0.0,962.0,387.0,0.0,941.0,387.0,0.0,964.0,423.0,0.0,941.0,428.0,0.0,961.0,461.0,0.0,945.0,465.0,0.0
94,1698038918.863912,959.0,304.0,0.0,962.0,299.0,0.0,956.0,299.0,0.0,951.0,301.0,0.0,968.0,301.0,0.0,941.0,328.0,0.0,977.0,327.0,0.0,935.0,362.0,0.0,935.0,362.0,0.0,938.0,385.0,0.0,979.0,380.0,0.0,948.0,390.0,0.0,948.0,390.0,0.0,948.0,428.0,0.0,970.0,428.0,0.0,952.0,470.0,0.0,968.0,465.0,0.0
95,1698038918.9977891,968.0,304.0,0.0,971.0,301.0,0.0,964.0,301.0,0.0,977.0,301.0,0.0,958.0,301.0,0.0,985.0,329.0,0.0,950.0,330.0,0.0,989.0,359.0,0.0,944.0,359.0,0.0,988.0,382.0,0.0,946.0,382.0,0.0,978.0,389.0,0.0,955.0,389.0,0.0,978.0,425.0,0.0,957.0,430.0,0.0,977.0,464.0,0.0,961.0,468.0,0.0
96,1698038919.2319152,965.0,303.0,0.0,970.0,299.0,0.0,963.0,299.0,0.0,975.0,300.0,0.0,957.0,300.0,0.0,984.0,326.0,0.0,947.0,327.0,0.0,988.0,356.0,0.0,943.0,353.0,0.0,985.0,381.0,0.0,943.0,378.0,0.0,977.0,385.0,0.0,954.0,385.0,0.0,977.0,424.0,0.0,954.0,427.0,0.0,957.0,464.0,0.0,974.0,458.0,0.0
97,1698038919.33229,972.0,305.0,0.0,976.0,302.0,0.0,969.0,302.0,0.0,964.0,302.0,0.0,982.0,302.0,0.0,954.0,328.0,0.0,991.0,328.0,0.0,948.0,360.0,0.0,995.0,360.0,0.0,949.0,382.0,0.0,992.0,380.0,0.0,959.0,389.0,0.0,983.0,388.0,0.0,961.0,428.0,0.0,982.0,428.0,0.0,964.0,469.0,0.0,981.0,461.0,0.0
98,1698038919.533049,987.0,306.0,0.0,992.0,303.0,0.0,985.0,301.0,0.0,998.0,303.0,0.0,979.0,303.0,0.0,1003.0,329.0,0.0,967.0,327.0,0.0,1006.0,362.0,0.0,960.0,357.0,0.0,1003.0,385.0,0.0,962.0,382.0,0.0,995.0,389.0,0.0,972.0,389.0,0.0,993.0,429.0,0.0,972.0,429.0,0.0,974.0,470.0,0.0,989.0,460.0,0.0
99,1698038920.101689,1024.0,312.0,0.0,1027.0,309.0,0.0,1019.0,308.0,0.0,1032.0,309.0,0.0,1014.0,308.0,0.0,1038.0,331.0,0.0,1001.0,328.0,0.0,1041.0,364.0,0.0,994.0,355.0,0.0,1038.0,388.0,0.0,992.0,378.0,0.0,1027.0,391.0,0.0,1004.0,391.0,0.0,1002.0,429.0,0.0,1025.0,429.0,0.0,1004.0,468.0,0.0,1021.0,463.0,0.0
100,1698038920.2689242,1028.0,311.0,0.0,1030.0,308.0,0.0,1025.0,308.0,0.0,1019.0,308.0,0.0,1038.0,309.0,0.0,1008.0,329.0,0.0,1045.0,332.0,0.0,1001.0,356.0,0.0,1049.0,365.0,0.0,999.0,379.0,0.0,1046.0,389.0,0.0,1012.0,392.0,0.0,1033.0,394.0,0.0,1011.0,430.0,0.0,1033.0,433.0,0.0,1012.0,467.0,0.0,1028.0,467.0,0.0
101,1698038920.3693252,1033.0,314.0,0.0,1037.0,310.0,0.0,1030.0,310.0,0.0,1023.0,308.0,0.0,1041.0,310.0,0.0,1011.0,331.0,0.0,1049.0,332.0,0.0,1004.0,360.0,0.0,1004.0,360.0,0.0,1003.0,381.0,0.0,1003.0,383.0,0.0,1016.0,394.0,0.0,1016.0,394.0,0.0,1016.0,430.0,0.0,1037.0,432.0,0.0,1018.0,475.0,0.0,1033.0,470.0,0.0
102,1698038920.6034262,1044.0,312.0,0.0,1048.0,309.0,0.0,1041.0,309.0,0.0,1034.0,309.0,0.0,1054.0,309.0,0.0,1025.0,332.0,0.0,1064.0,330.0,0.0,1019.0,360.0,0.0,1019.0,360.0,0.0,1019.0,385.0,0.0,1066.0,390.0,0.0,1034.0,393.0,0.0,1034.0,393.0,0.0,1034.0,431.0,0.0,1056.0,431.0,0.0,1037.0,465.0,0.0,1055.0,464.0,0.0
103,1698038920.770677,1051.0,309.0,0.0,1056.0,306.0,0.0,1049.0,306.0,0.0,1041.0,306.0,0.0,1060.0,307.0,0.0,1031.0,330.0,0.0,1070.0,329.0,0.0,1026.0,363.0,0.0,1026.0,363.0,0.0,1027.0,389.0,0.0,1026.0,389.0,0.0,1064.0,393.0,0.0,1041.0,396.0,0.0,1041.0,435.0,0.0,1066.0,432.0,0.0,1046.0,472.0,0.0,1066.0,465.0,0.0
104,1698038920.971306,1062.0,309.0,0.0,1066.0,306.0,0.0,1059.0,306.0,0.0,1052.0,306.0,0.0,1072.0,306.0,0.0,1042.0,331.0,0.0,1080.0,329.0,0.0,1036.0,362.0,0.0,1086.0,362.0,0.0,1036.0,388.0,0.0,1086.0,381.0,0.0,1049.0,395.0,0.0,1073.0,395.0,0.0,1050.0,437.0,0.0,1074.0,436.0,0.0,1056.0,473.0,0.0,1070.0,464.0,0.0
105,1698038921.10518,1070.0,310.0,0.0,1074.0,307.0,0.0,1067.0,307.0,0.0,1080.0,307.0,0.0,1060.0,307.0,0.0,1089.0,330.0,0.0,1048.0,330.0,0.0,1093.0,360.0,0.0,1043.0,363.0,0.0,1091.0,386.0,0.0,1044.0,391.0,0.0,1080.0,395.0,0.0,1056.0,396.0,0.0,1081.0,436.0,0.0,1057.0,439.0,0.0,1063.0,472.0,0.0,1061.0,471.0,0.0
106,1698038921.3058052,1070.0,311.0,0.0,1074.0,308.0,0.0,1067.0,308.0,0.0,1060.0,305.0,0.0,1080.0,308.0,0.0,1089.0,331.0,0.0,1049.0,331.0,0.0,1091.0,365.0,0.0,1041.0,361.0,0.0,1040.0,387.0,0.0,1040.0,387.0,0.0,1079.0,395.0,0.0,1053.0,397.0,0.0,1076.0,440.0,0.0,1054.0,440.0,0.0,1059.0,480.0,0.0,1067.0,483.0,0.0
107,1698038921.473057,1069.0,309.0,0.0,1073.0,306.0,0.0,1065.0,306.0,0.0,1079.0,306.0,0.0,1059.0,306.0,0.0,1087.0,331.0,0.0,1046.0,331.0,0.0,1091.0,365.0,0.0,1039.0,361.0,0.0,1089.0,389.0,0.0,1036.0,388.0,0.0,1076.0,397.0,0.0,1049.0,398.0,0.0,1074.0,444.0,0.0,1046.0,447.0,0.0,1067.0,490.0,0.0,1052.0,477.0,0.0
108,1698038921.6403222,1067.0,309.0,0.0,1072.0,306.0,0.0,1064.0,306.0,0.0,1057.0,306.0,0.0,1057.0,306.0,0.0,1087.0,330.0,0.0,1046.0,330.0,0.0,1090.0,366.0,0.0,1037.0,362.0,0.0,1087.0,389.0,0.0,1036.0,386.0,0.0,1074.0,393.0,0.0,1049.0,393.0,0.0,1073.0,441.0,0.0,1044.0,441.0,0.0,1046.0,487.0,0.0,1046.0,481.0,0.0
109,1698038921.807563,1061.0,309.0,0.0,1065.0,305.0,0.0,1058.0,305.0,0.0,1051.0,305.0,0.0,1072.0,306.0,0.0,1081.0,331.0,0.0,1040.0,331.0,0.0,1085.0,364.0,0.0,1031.0,364.0,0.0,1082.0,390.0,0.0,1033.0,388.0,0.0,1069.0,395.0,0.0,1044.0,397.0,0.0,1068.0,443.0,0.0,1041.0,443.0,0.0,1044.0,490.0,0.0,1042.0,488.0,0.0
110,1698038922.8428118,1052.0,309.0,0.0,1056.0,306.0,0.0,1049.0,306.0,0.0,1044.0,306.0,0.0,1062.0,306.0,0.0,1031.0,330.0,0.0,1074.0,329.0,0.0,1024.0,363.0,0.0,1024.0,363.0,0.0,1022.0,382.0,0.0,1074.0,392.0,0.0,1036.0,395.0,0.0,1038.0,396.0,0.0,1036.0,438.0,0.0,1061.0,440.0,0.0,1039.0,481.0,0.0,1056.0,490.0,0.0
111,1698038922.142096,1049.0,310.0,0.0,1052.0,305.0,0.0,1045.0,305.0,0.0,1059.0,307.0,0.0,1039.0,307.0,0.0,1070.0,330.0,0.0,1027.0,331.0,0.0,1075.0,366.0,0.0,1020.0,363.0,0.0,1070.0,393.0,0.0,1019.0,387.0,0.0,1059.0,399.0,0.0,1035.0,399.0,0.0,1057.0,445.0,0.0,1032.0,442.0,0.0,1037.0,484.0,0.0,1037.0,490.0,0.0
112,1698038922.3428142,1042.0,310.0,0.0,1045.0,305.0,0.0,1038.0,305.0,0.0,1052.0,305.0,0.0,1032.0,304.0,0.0,1063.0,328.0,0.0,1021.0,331.0,0.0,1067.0,364.0,0.0,1014.0,362.0,0.0,1065.0,391.0,0.0,1014.0,387.0,0.0,1055.0,400.0,0.0,1029.0,400.0,0.0,1055.0,444.0,0.0,1029.0,444.0,0.0,1055.0,494.0,0.0,1033.0,486.0,0.0
113,1698038922.5101,1041.0,308.0,0.0,1044.0,304.0,0.0,1037.0,304.0,0.0,1051.0,304.0,0.0,1030.0,303.0,0.0,1061.0,327.0,0.0,1019.0,328.0,0.0,1066.0,363.0,0.0,1011.0,363.0,0.0,1064.0,390.0,0.0,1011.0,386.0,0.0,1053.0,397.0,0.0,1027.0,399.0,0.0,1053.0,443.0,0.0,1027.0,443.0,0.0,1033.0,483.0,0.0,1031.0,487.0,0.0
114,1698038922.6438231,1046.0,307.0,0.0,1051.0,304.0,0.0,1042.0,304.0,0.0,1035.0,303.0,0.0,1035.0,304.0,0.0,1065.0,328.0,0.0,1024.0,328.0,0.0,1071.0,363.0,0.0,1015.0,363.0,0.0,1069.0,390.0,0.0,1015.0,387.0,0.0,1056.0,398.0,0.0,1031.0,399.0,0.0,1031.0,442.0,0.0,1058.0,442.0,0.0,1035.0,490.0,0.0,1051.0,494.0,0.0
115,1698038922.878086,1065.0,306.0,0.0,1068.0,303.0,0.0,1061.0,303.0,0.0,1055.0,301.0,0.0,1075.0,303.0,0.0,1082.0,329.0,0.0,1082.0,329.0,0.0,1086.0,362.0,0.0,1088.0,362.0,0.0,1029.0,385.0,0.0,1086.0,392.0,0.0,1072.0,396.0,0.0,1045.0,398.0,0.0,1071.0,445.0,0.0,1045.0,447.0,0.0,1048.0,496.0,0.0,1061.0,483.0,0.0
116,1698038923.118771,1075.0,306.0,0.0,1079.0,302.0,0.0,1071.0,300.0,0.0,1065.0,302.0,0.0,1085.0,303.0,0.0,1094.0,330.0,0.0,1051.0,327.0,0.0,1041.0,360.0,0.0,1041.0,362.0,0.0,1038.0,389.0,0.0,1038.0,389.0,0.0,1082.0,400.0,0.0,1055.0,399.0,0.0,1052.0,442.0,0.0,1081.0,443.0,0.0,1052.0,479.0,0.0,1069.0,481.0,0.0
117,1698038923.24598,1094.0,303.0,0.0,1097.0,300.0,0.0,1090.0,299.0,0.0,1105.0,300.0,0.0,1084.0,300.0,0.0,1115.0,329.0,0.0,1071.0,328.0,0.0,1117.0,364.0,0.0,1061.0,359.0,0.0,1115.0,390.0,0.0,1060.0,388.0,0.0,1101.0,397.0,0.0,1074.0,397.0,0.0,1100.0,444.0,0.0,1071.0,441.0,0.0,1091.0,484.0,0.0,1071.0,489.0,0.0
118,1698038923.3798492,1101.0,306.0,0.0,1105.0,301.0,0.0,1097.0,301.0,0.0,1113.0,303.0,0.0,1091.0,301.0,0.0,1123.0,329.0,0.0,1078.0,329.0,0.0,1127.0,365.0,0.0,1070.0,360.0,0.0,1123.0,389.0,0.0,1067.0,389.0,0.0,1111.0,398.0,0.0,1082.0,398.0,0.0,1108.0,444.0,0.0,1081.0,444.0,0.0,1101.0,484.0,0.0,1080.0,488.0,0.0
119,1698038923.547079,1113.0,308.0,0.0,1116.0,304.0,0.0,1109.0,304.0,0.0,1102.0,301.0,0.0,1123.0,302.0,0.0,1091.0,330.0,0.0,1136.0,328.0,0.0,1082.0,366.0,0.0,1140.0,366.0,0.0,1081.0,387.0,0.0,1137.0,391.0,0.0,1096.0,399.0,0.0,1125.0,403.0,0.0,1095.0,449.0,0.0,1122.0,446.0,0.0,1096.0,495.0,0.0,1116.0,489.0,0.0
120,1698038923.7477372,1119.0,306.0,0.0,1123.0,302.0,0.0,1114.0,302.0,0.0,1107.0,300.0,0.0,1130.0,302.0,0.0,1096.0,330.0,0.0,1143.0,326.0,0.0,1087.0,371.0,0.0,1149.0,366.0,0.0,1089.0,391.0,0.0,1147.0,395.0,0.0,1104.0,404.0,0.0,1133.0,405.0,0.0,1103.0,450.0,0.0,1132.0,450.0,0.0,1107.0,500.0,0.0,1129.0,485.0,0.0
121,1698038923.88158,1128.0,302.0,0.0,1133.0,298.0,0.0,1124.0,298.0,0.0,1118.0,298.0,0.0,1141.0,298.0,0.0,1107.0,327.0,0.0,1154.0,325.0,0.0,1100.0,364.0,0.0,1161.0,364.0,0.0,1098.0,390.0,0.0,1160.0,391.0,0.0,1115.0,403.0,0.0,1115.0,403.0,0.0,1115.0,444.0,0.0,1143.0,444.0,0.0,1118.0,496.0,0.0,1138.0,477.0,0.0
122,1698038924.4883711,1145.0,304.0,0.0,1149.0,301.0,0.0,1140.0,301.0,0.0,1133.0,298.0,0.0,1156.0,299.0,0.0,1120.0,326.0,0.0,1168.0,326.0,0.0,1111.0,369.0,0.0,1175.0,359.0,0.0,1111.0,382.0,0.0,1175.0,390.0,0.0,1130.0,401.0,0.0,1158.0,401.0,0.0,1129.0,447.0,0.0,1156.0,447.0,0.0,1132.0,498.0,0.0,1153.0,488.0,0.0
123,1698038924.249492,1160.0,302.0,0.0,1164.0,298.0,0.0,1155.0,298.0,0.0,1148.0,297.0,0.0,1171.0,298.0,0.0,1133.0,327.0,0.0,1179.0,327.0,0.0,1124.0,364.0,0.0,1187.0,364.0,0.0,1123.0,391.0,0.0,1185.0,393.0,0.0,1140.0,401.0,0.0,1168.0,401.0,0.0,1140.0,454.0,0.0,1168.0,450.0,0.0,1144.0,499.0,0.0,1160.0,490.0,0.0
124,1698038924.4167092,1184.0,301.0,0.0,1189.0,298.0,0.0,1180.0,297.0,0.0,1173.0,294.0,0.0,1196.0,297.0,0.0,1154.0,326.0,0.0,1204.0,326.0,0.0,1209.0,360.0,0.0,1209.0,363.0,0.0,1207.0,390.0,0.0,1209.0,392.0,0.0,1190.0,400.0,0.0,1160.0,405.0,0.0,1160.0,452.0,0.0,1160.0,457.0,0.0,1161.0,497.0,0.0,1176.0,494.0,0.0
125,1698038924.583966,1203.0,298.0,0.0,1208.0,294.0,0.0,1198.0,294.0,0.0,1193.0,293.0,0.0,1215.0,294.0,0.0,1176.0,321.0,0.0,1225.0,323.0,0.0,1229.0,363.0,0.0,1229.0,365.0,0.0,1228.0,393.0,0.0,1228.0,393.0,0.0,1179.0,396.0,0.0,1208.0,401.0,0.0,1175.0,444.0,0.0,1206.0,447.0,0.0,1175.0,496.0,0.0,1198.0,490.0,0.0
126,1698038924.784739,1226.0,299.0,0.0,1230.0,294.0,0.0,1221.0,294.0,0.0,1214.0,291.0,0.0,1237.0,293.0,0.0,1197.0,322.0,0.0,1248.0,323.0,0.0,1185.0,370.0,0.0,1253.0,367.0,0.0,1187.0,382.0,0.0,1247.0,390.0,0.0,1202.0,399.0,0.0,1231.0,400.0,0.0,1197.0,449.0,0.0,1228.0,449.0,0.0,1196.0,505.0,0.0,1220.0,495.0,0.0
127,1698038924.918474,1233.0,301.0,0.0,1239.0,296.0,0.0,1230.0,297.0,0.0,1223.0,291.0,0.0,1247.0,293.0,0.0,1207.0,321.0,0.0,1260.0,321.0,0.0,1196.0,367.0,0.0,1263.0,367.0,0.0,1257.0,393.0,0.0,1257.0,393.0,0.0,1213.0,397.0,0.0,1244.0,400.0,0.0,1209.0,452.0,0.0,1240.0,452.0,0.0,1210.0,512.0,0.0,1233.0,493.0,0.0
128,1698038925.119219,1253.0,292.0,0.0,1259.0,288.0,0.0,1249.0,288.0,0.0,1240.0,288.0,0.0,1266.0,288.0,0.0,1226.0,321.0,0.0,1279.0,320.0,0.0,1214.0,369.0,0.0,1284.0,367.0,0.0,1216.0,387.0,0.0,1279.0,393.0,0.0,1233.0,403.0,0.0,1264.0,403.0,0.0,1230.0,455.0,0.0,1260.0,455.0,0.0,1234.0,507.0,0.0,1257.0,498.0,0.0
129,1698038925.286468,1268.0,291.0,0.0,1272.0,287.0,0.0,1262.0,287.0,0.0,1253.0,288.0,0.0,1279.0,288.0,0.0,1239.0,321.0,0.0,1293.0,320.0,0.0,1228.0,367.0,0.0,1299.0,362.0,0.0,1228.0,387.0,0.0,1296.0,393.0,0.0,1246.0,402.0,0.0,1280.0,403.0,0.0,1245.0,455.0,0.0,1276.0,453.0,0.0,1251.0,505.0,0.0,1275.0,501.0,0.0
130,1698038925.520596,1280.0,292.0,0.0,1285.0,287.0,0.0,1275.0,287.0,0.0,1265.0,287.0,0.0,1292.0,287.0,0.0,1250.0,322.0,0.0,1305.0,319.0,0.0,1241.0,366.0,0.0,1312.0,362.0,0.0,1239.0,388.0,0.0,1307.0,395.0,0.0,1260.0,402.0,0.0,1292.0,403.0,0.0,1259.0,453.0,0.0,1290.0,455.0,0.0,1263.0,508.0,0.0,1282.0,521.0,0.0
131,1698038925.6544712,1281.0,291.0,0.0,1286.0,288.0,0.0,1276.0,288.0,0.0,1265.0,288.0,0.0,1293.0,290.0,0.0,1251.0,321.0,0.0,1307.0,320.0,0.0,1243.0,362.0,0.0,1313.0,366.0,0.0,1240.0,386.0,0.0,1309.0,398.0,0.0,1260.0,403.0,0.0,1291.0,406.0,0.0,1260.0,457.0,0.0,1290.0,458.0,0.0,1263.0,510.0,0.0,1274.0,517.0,0.0
132,1698038925.788246,1274.0,291.0,0.0,1279.0,287.0,0.0,1270.0,287.0,0.0,1262.0,289.0,0.0,1286.0,290.0,0.0,1246.0,323.0,0.0,1300.0,320.0,0.0,1236.0,369.0,0.0,1306.0,365.0,0.0,1236.0,399.0,0.0,1302.0,395.0,0.0,1252.0,409.0,0.0,1283.0,409.0,0.0,1250.0,463.0,0.0,1280.0,463.0,0.0,1254.0,509.0,0.0,1263.0,519.0,0.0
133,1698038926.2235012,1241.0,291.0,0.0,1247.0,286.0,0.0,1237.0,286.0,0.0,1228.0,286.0,0.0,1254.0,287.0,0.0,1211.0,320.0,0.0,1266.0,320.0,0.0,1200.0,366.0,0.0,1271.0,365.0,0.0,1200.0,392.0,0.0,1266.0,398.0,0.0,1214.0,408.0,0.0,1248.0,409.0,0.0,1244.0,465.0,0.0,1244.0,463.0,0.0,1212.0,495.0,0.0,1224.0,515.0,0.0
134,1698038926.122729,1237.0,288.0,0.0,1241.0,285.0,0.0,1231.0,285.0,0.0,1224.0,285.0,0.0,1250.0,285.0,0.0,1208.0,318.0,0.0,1264.0,318.0,0.0,1195.0,370.0,0.0,1267.0,364.0,0.0,1198.0,385.0,0.0,1263.0,395.0,0.0,1210.0,401.0,0.0,1245.0,406.0,0.0,1205.0,457.0,0.0,1241.0,460.0,0.0,1208.0,506.0,0.0,1228.0,509.0,0.0
135,1698038926.3234751,1229.0,288.0,0.0,1233.0,283.0,0.0,1223.0,283.0,0.0,1214.0,283.0,0.0,1242.0,283.0,0.0,1200.0,314.0,0.0,1255.0,316.0,0.0,1184.0,370.0,0.0,1259.0,363.0,0.0,1253.0,392.0,0.0,1253.0,393.0,0.0,1202.0,403.0,0.0,1236.0,407.0,0.0,1196.0,459.0,0.0,1233.0,459.0,0.0,1193.0,521.0,0.0,1222.0,512.0,0.0
136,1698038926.5241172,1205.0,287.0,0.0,1211.0,281.0,0.0,1201.0,281.0,0.0,1191.0,282.0,0.0,1218.0,282.0,0.0,1177.0,317.0,0.0,1232.0,317.0,0.0,1162.0,370.0,0.0,1235.0,369.0,0.0,1167.0,384.0,0.0,1229.0,399.0,0.0,1179.0,403.0,0.0,1215.0,406.0,0.0,1177.0,459.0,0.0,1211.0,456.0,0.0,1177.0,521.0,0.0,1205.0,514.0,0.0
137,1698038926.6579812,1192.0,287.0,0.0,1198.0,281.0,0.0,1188.0,281.0,0.0,1178.0,283.0,0.0,1206.0,283.0,0.0,1163.0,317.0,0.0,1220.0,316.0,0.0,1152.0,365.0,0.0,1225.0,365.0,0.0,1152.0,386.0,0.0,1220.0,396.0,0.0,1169.0,406.0,0.0,1205.0,406.0,0.0,1169.0,463.0,0.0,1202.0,461.0,0.0,1171.0,522.0,0.0,1198.0,513.0,0.0
138,1698038926.858607,1158.0,284.0,0.0,1162.0,279.0,0.0,1154.0,278.0,0.0,1144.0,279.0,0.0,1171.0,281.0,0.0,1129.0,314.0,0.0,1185.0,312.0,0.0,1117.0,367.0,0.0,1192.0,363.0,0.0,1120.0,389.0,0.0,1185.0,396.0,0.0,1138.0,406.0,0.0,1171.0,406.0,0.0,1135.0,464.0,0.0,1169.0,459.0,0.0,1141.0,520.0,0.0,1168.0,502.0,0.0
139,1698038927.2585912,1130.0,284.0,0.0,1134.0,280.0,0.0,1126.0,280.0,0.0,1115.0,275.0,0.0,1143.0,277.0,0.0,1100.0,311.0,0.0,1156.0,310.0,0.0,1089.0,360.0,0.0,1162.0,359.0,0.0,1090.0,389.0,0.0,1156.0,395.0,0.0,1107.0,402.0,0.0,1142.0,406.0,0.0,1109.0,455.0,0.0,1143.0,455.0,0.0,1113.0,517.0,0.0,1140.0,508.0,0.0
140,1698038927.159769,1107.0,281.0,0.0,1111.0,275.0,0.0,1101.0,275.0,0.0,1091.0,275.0,0.0,1118.0,275.0,0.0,1075.0,311.0,0.0,1132.0,307.0,0.0,1067.0,357.0,0.0,1139.0,354.0,0.0,1068.0,392.0,0.0,1137.0,390.0,0.0,1084.0,397.0,0.0,1119.0,397.0,0.0,1085.0,457.0,0.0,1119.0,457.0,0.0,1089.0,513.0,0.0,1114.0,520.0,0.0
141,1698038927.393894,1049.0,280.0,0.0,1053.0,275.0,0.0,1043.0,275.0,0.0,1036.0,275.0,0.0,1065.0,275.0,0.0,1022.0,309.0,0.0,1079.0,308.0,0.0,1011.0,354.0,0.0,1085.0,355.0,0.0,1009.0,390.0,0.0,1080.0,387.0,0.0,1029.0,395.0,0.0,1031.0,398.0,0.0,1029.0,459.0,0.0,1063.0,459.0,0.0,1032.0,523.0,0.0,1052.0,522.0,0.0
142,1698038927.561113,1000.0,275.0,0.0,1006.0,270.0,0.0,996.0,270.0,0.0,987.0,271.0,0.0,1016.0,273.0,0.0,973.0,308.0,0.0,1029.0,310.0,0.0,961.0,353.0,0.0,1033.0,359.0,0.0,958.0,386.0,0.0,1027.0,390.0,0.0,977.0,396.0,0.0,977.0,402.0,0.0,976.0,463.0,0.0,1007.0,462.0,0.0,980.0,526.0,0.0,999.0,521.0,0.0
143,1698038927.694862,952.0,274.0,0.0,956.0,270.0,0.0,948.0,270.0,0.0,938.0,270.0,0.0,966.0,271.0,0.0,925.0,305.0,0.0,981.0,308.0,0.0,910.0,359.0,0.0,985.0,361.0,0.0,912.0,393.0,0.0,979.0,393.0,0.0,926.0,402.0,0.0,963.0,402.0,0.0,925.0,465.0,0.0,961.0,466.0,0.0,929.0,518.0,0.0,952.0,518.0,0.0
144,1698038927.895652,865.0,272.0,0.0,869.0,266.0,0.0,859.0,266.0,0.0,849.0,269.0,0.0,879.0,269.0,0.0,836.0,305.0,0.0,893.0,306.0,0.0,823.0,354.0,0.0,899.0,360.0,0.0,826.0,393.0,0.0,895.0,394.0,0.0,839.0,398.0,0.0,876.0,398.0,0.0,839.0,465.0,0.0,875.0,463.0,0.0,839.0,529.0,0.0,870.0,518.0,0.0
145,1698038928.6288311,784.0,272.0,0.0,788.0,266.0,0.0,780.0,265.0,0.0,770.0,267.0,0.0,798.0,267.0,0.0,757.0,305.0,0.0,815.0,306.0,0.0,747.0,351.0,0.0,822.0,357.0,0.0,748.0,390.0,0.0,820.0,394.0,0.0,764.0,398.0,0.0,802.0,400.0,0.0,765.0,467.0,0.0,801.0,463.0,0.0,768.0,534.0,0.0,797.0,522.0,0.0
146,1698038928.1966531,710.0,271.0,0.0,715.0,266.0,0.0,706.0,266.0,0.0,698.0,267.0,0.0,725.0,266.0,0.0,686.0,306.0,0.0,743.0,300.0,0.0,678.0,352.0,0.0,753.0,352.0,0.0,676.0,392.0,0.0,752.0,398.0,0.0,699.0,396.0,0.0,736.0,399.0,0.0,699.0,464.0,0.0,736.0,458.0,0.0,706.0,531.0,0.0,738.0,515.0,0.0
147,1698038928.363873,612.0,263.0,0.0,613.0,257.0,0.0,612.0,256.0,0.0,617.0,263.0,0.0,645.0,257.0,0.0,612.0,303.0,0.0,675.0,297.0,0.0,601.0,356.0,0.0,689.0,356.0,0.0,596.0,397.0,0.0,678.0,391.0,0.0,622.0,402.0,0.0,665.0,401.0,0.0,623.0,473.0,0.0,666.0,461.0,0.0,639.0,537.0,0.0,668.0,519.0,0.0
148,1698038928.5311491,594.0,277.0,0.0,601.0,271.0,0.0,589.0,271.0,0.0,614.0,262.0,0.0,612.0,262.0,0.0,637.0,300.0,0.0,568.0,303.0,0.0,649.0,351.0,0.0,559.0,353.0,0.0,651.0,393.0,0.0,562.0,392.0,0.0,629.0,405.0,0.0,588.0,405.0,0.0,637.0,469.0,0.0,595.0,477.0,0.0,638.0,534.0,0.0,639.0,521.0,0.0
149,1698038928.6984031,593.0,279.0,0.0,600.0,274.0,0.0,587.0,274.0,0.0,612.0,262.0,0.0,610.0,261.0,0.0,633.0,299.0,0.0,563.0,304.0,0.0,648.0,351.0,0.0,556.0,350.0,0.0,645.0,399.0,0.0,559.0,394.0,0.0,628.0,406.0,0.0,586.0,407.0,0.0,631.0,475.0,0.0,592.0,476.0,0.0,621.0,555.0,0.0,603.0,542.0,0.0
150,1698038928.8991551,614.0,265.0,0.0,618.0,258.0,0.0,605.0,259.0,0.0,598.0,258.0,0.0,632.0,256.0,0.0,585.0,301.0,0.0,654.0,300.0,0.0,577.0,353.0,0.0,665.0,357.0,0.0,578.0,396.0,0.0,665.0,400.0,0.0,602.0,405.0,0.0,642.0,407.0,0.0,611.0,477.0,0.0,645.0,481.0,0.0,622.0,543.0,0.0,637.0,551.0,0.0
151,1698038929.6641312,658.0,262.0,0.0,664.0,256.0,0.0,652.0,256.0,0.0,642.0,256.0,0.0,675.0,256.0,0.0,628.0,299.0,0.0,695.0,296.0,0.0,617.0,354.0,0.0,707.0,357.0,0.0,619.0,394.0,0.0,702.0,394.0,0.0,644.0,400.0,0.0,684.0,404.0,0.0,645.0,476.0,0.0,682.0,476.0,0.0,661.0,537.0,0.0,674.0,544.0,0.0
152,1698038929.2001271,682.0,262.0,0.0,687.0,256.0,0.0,676.0,256.0,0.0,666.0,255.0,0.0,699.0,255.0,0.0,651.0,295.0,0.0,719.0,295.0,0.0,638.0,367.0,0.0,730.0,358.0,0.0,643.0,387.0,0.0,725.0,399.0,0.0,663.0,404.0,0.0,707.0,410.0,0.0,664.0,479.0,0.0,707.0,486.0,0.0,677.0,523.0,0.0,699.0,542.0,0.0
153,1698038929.400882,715.0,267.0,0.0,722.0,260.0,0.0,709.0,260.0,0.0,702.0,259.0,0.0,735.0,256.0,0.0,688.0,297.0,0.0,757.0,297.0,0.0,676.0,349.0,0.0,765.0,359.0,0.0,679.0,387.0,0.0,759.0,394.0,0.0,698.0,407.0,0.0,741.0,407.0,0.0,701.0,480.0,0.0,742.0,476.0,0.0,704.0,551.0,0.0,735.0,541.0,0.0
154,1698038929.56825,747.0,261.0,0.0,753.0,253.0,0.0,740.0,255.0,0.0,733.0,255.0,0.0,766.0,253.0,0.0,718.0,298.0,0.0,788.0,296.0,0.0,708.0,360.0,0.0,796.0,355.0,0.0,711.0,393.0,0.0,791.0,391.0,0.0,733.0,406.0,0.0,777.0,404.0,0.0,733.0,480.0,0.0,776.0,473.0,0.0,741.0,551.0,0.0,771.0,536.0,0.0
155,1698038929.7018812,771.0,261.0,0.0,777.0,254.0,0.0,764.0,255.0,0.0,758.0,255.0,0.0,791.0,254.0,0.0,745.0,298.0,0.0,813.0,294.0,0.0,734.0,354.0,0.0,822.0,353.0,0.0,735.0,393.0,0.0,820.0,394.0,0.0,760.0,404.0,0.0,804.0,406.0,0.0,763.0,479.0,0.0,801.0,469.0,0.0,773.0,554.0,0.0,801.0,536.0,0.0
156,1698038929.9695451,815.0,258.0,0.0,821.0,251.0,0.0,810.0,252.0,0.0,800.0,251.0,0.0,834.0,249.0,0.0,787.0,294.0,0.0,858.0,291.0,0.0,775.0,347.0,0.0,870.0,346.0,0.0,775.0,393.0,0.0,871.0,396.0,0.0,805.0,406.0,0.0,850.0,408.0,0.0,810.0,481.0,0.0,853.0,481.0,0.0,823.0,553.0,0.0,854.0,535.0,0.0
157,1698038930.1367602,833.0,258.0,0.0,841.0,251.0,0.0,828.0,253.0,0.0,820.0,250.0,0.0,856.0,248.0,0.0,806.0,293.0,0.0,878.0,290.0,0.0,796.0,348.0,0.0,889.0,346.0,0.0,798.0,391.0,0.0,886.0,396.0,0.0,825.0,404.0,0.0,869.0,404.0,0.0,829.0,480.0,0.0,871.0,480.0,0.0,843.0,554.0,0.0,868.0,552.0,0.0
158,1698038930.3040452,849.0,261.0,0.0,854.0,255.0,0.0,843.0,256.0,0.0,834.0,249.0,0.0,870.0,248.0,0.0,818.0,294.0,0.0,893.0,288.0,0.0,810.0,348.0,0.0,905.0,348.0,0.0,810.0,393.0,0.0,903.0,397.0,0.0,837.0,406.0,0.0,883.0,410.0,0.0,841.0,479.0,0.0,883.0,485.0,0.0,850.0,545.0,0.0,869.0,553.0,0.0
159,1698038930.4712622,864.0,261.0,0.0,873.0,252.0,0.0,858.0,255.0,0.0,850.0,249.0,0.0,889.0,248.0,0.0,835.0,292.0,0.0,910.0,291.0,0.0,824.0,354.0,0.0,922.0,348.0,0.0,824.0,400.0,0.0,922.0,399.0,0.0,848.0,406.0,0.0,896.0,409.0,0.0,855.0,482.0,0.0,893.0,490.0,0.0,866.0,550.0,0.0,880.0,566.0,0.0
160,1698038930.6385152,878.0,252.0,0.0,886.0,245.0,0.0,872.0,246.0,0.0,862.0,245.0,0.0,901.0,243.0,0.0,847.0,288.0,0.0,922.0,288.0,0.0,832.0,347.0,0.0,932.0,350.0,0.0,831.0,393.0,0.0,929.0,397.0,0.0,859.0,404.0,0.0,908.0,406.0,0.0,861.0,481.0,0.0,904.0,488.0,0.0,884.0,574.0,0.0,875.0,577.0,0.0
161,1698038930.8057752,887.0,254.0,0.0,894.0,245.0,0.0,880.0,247.0,0.0,870.0,242.0,0.0,910.0,241.0,0.0,854.0,285.0,0.0,932.0,285.0,0.0,838.0,363.0,0.0,940.0,353.0,0.0,841.0,383.0,0.0,935.0,395.0,0.0,863.0,410.0,0.0,913.0,416.0,0.0,863.0,478.0,0.0,913.0,491.0,0.0,870.0,534.0,0.0,894.0,568.0,0.0
162,1698038931.3997211,885.0,257.0,0.0,892.0,250.0,0.0,877.0,251.0,0.0,866.0,243.0,0.0,906.0,241.0,0.0,852.0,287.0,0.0,931.0,286.0,0.0,839.0,352.0,0.0,939.0,355.0,0.0,843.0,398.0,0.0,929.0,402.0,0.0,860.0,411.0,0.0,910.0,409.0,0.0,860.0,490.0,0.0,909.0,496.0,0.0,862.0,575.0,0.0,899.0,562.0,0.0
163,1698038931.106893,877.0,250.0,0.0,886.0,243.0,0.0,870.0,243.0,0.0,864.0,242.0,0.0,903.0,240.0,0.0,848.0,286.0,0.0,929.0,285.0,0.0,837.0,349.0,0.0,937.0,354.0,0.0,841.0,400.0,0.0,926.0,401.0,0.0,860.0,408.0,0.0,909.0,408.0,0.0,860.0,493.0,0.0,907.0,494.0,0.0,863.0,580.0,0.0,900.0,562.0,0.0
164,1698038931.341025,861.0,250.0,0.0,868.0,240.0,0.0,855.0,246.0,0.0,843.0,238.0,0.0,884.0,235.0,0.0,831.0,285.0,0.0,912.0,281.0,0.0,819.0,354.0,0.0,925.0,350.0,0.0,823.0,397.0,0.0,921.0,403.0,0.0,848.0,416.0,0.0,901.0,416.0,0.0,851.0,495.0,0.0,901.0,486.0,0.0,861.0,578.0,0.0,896.0,558.0,0.0
165,1698038931.575148,850.0,250.0,0.0,857.0,241.0,0.0,843.0,243.0,0.0,873.0,234.0,0.0,873.0,233.0,0.0,820.0,285.0,0.0,905.0,279.0,0.0,808.0,346.0,0.0,921.0,349.0,0.0,810.0,394.0,0.0,912.0,401.0,0.0,892.0,413.0,0.0,843.0,415.0,0.0,846.0,493.0,0.0,895.0,495.0,0.0,859.0,577.0,0.0,898.0,561.0,0.0
166,1698038931.708897,844.0,244.0,0.0,853.0,237.0,0.0,838.0,239.0,0.0,828.0,230.0,0.0,870.0,227.0,0.0,815.0,282.0,0.0,898.0,276.0,0.0,804.0,344.0,0.0,916.0,345.0,0.0,805.0,394.0,0.0,914.0,400.0,0.0,837.0,408.0,0.0,888.0,410.0,0.0,841.0,490.0,0.0,888.0,493.0,0.0,854.0,574.0,0.0,890.0,569.0,0.0
167,1698038931.842775,845.0,246.0,0.0,853.0,238.0,0.0,838.0,240.0,0.0,827.0,231.0,0.0,870.0,230.0,0.0,814.0,283.0,0.0,897.0,277.0,0.0,801.0,349.0,0.0,914.0,349.0,0.0,804.0,397.0,0.0,913.0,403.0,0.0,835.0,413.0,0.0,835.0,420.0,0.0,840.0,495.0,0.0,887.0,502.0,0.0,851.0,577.0,0.0,871.0,580.0,0.0
168,1698038931.976525,841.0,241.0,0.0,850.0,232.0,0.0,836.0,233.0,0.0,824.0,228.0,0.0,867.0,226.0,0.0,810.0,281.0,0.0,897.0,278.0,0.0,797.0,346.0,0.0,912.0,350.0,0.0,797.0,400.0,0.0,909.0,403.0,0.0,830.0,407.0,0.0,883.0,413.0,0.0,837.0,497.0,0.0,879.0,501.0,0.0,854.0,589.0,0.0,862.0,587.0,0.0
169,1698038932.177278,851.0,230.0,0.0,858.0,222.0,0.0,841.0,223.0,0.0,831.0,223.0,0.0,874.0,223.0,0.0,812.0,278.0,0.0,903.0,278.0,0.0,798.0,342.0,0.0,914.0,351.0,0.0,798.0,401.0,0.0,910.0,407.0,0.0,828.0,410.0,0.0,884.0,416.0,0.0,838.0,499.0,0.0,880.0,508.0,0.0,860.0,604.0,0.0,855.0,604.0,0.0
170,1698038932.411405,851.0,229.0,0.0,861.0,220.0,0.0,842.0,220.0,0.0,831.0,217.0,0.0,877.0,217.0,0.0,815.0,275.0,0.0,908.0,273.0,0.0,801.0,366.0,0.0,918.0,351.0,0.0,803.0,399.0,0.0,912.0,399.0,0.0,828.0,423.0,0.0,891.0,423.0,0.0,829.0,500.0,0.0,887.0,505.0,0.0,845.0,567.0,0.0,875.0,583.0,0.0
171,1698038932.5786612,857.0,230.0,0.0,863.0,222.0,0.0,848.0,222.0,0.0,838.0,220.0,0.0,883.0,216.0,0.0,822.0,273.0,0.0,914.0,272.0,0.0,808.0,350.0,0.0,926.0,350.0,0.0,817.0,406.0,0.0,914.0,404.0,0.0,835.0,421.0,0.0,896.0,420.0,0.0,834.0,514.0,0.0,891.0,515.0,0.0,835.0,620.0,0.0,880.0,606.0,0.0
172,1698038932.7124052,853.0,228.0,0.0,860.0,219.0,0.0,846.0,219.0,0.0,835.0,218.0,0.0,880.0,214.0,0.0,820.0,271.0,0.0,913.0,270.0,0.0,807.0,353.0,0.0,924.0,346.0,0.0,816.0,405.0,0.0,913.0,403.0,0.0,833.0,420.0,0.0,892.0,419.0,0.0,832.0,514.0,0.0,892.0,520.0,0.0,833.0,622.0,0.0,880.0,617.0,0.0
173,1698038932.8796582,851.0,223.0,0.0,856.0,214.0,0.0,842.0,214.0,0.0,828.0,214.0,0.0,875.0,213.0,0.0,815.0,274.0,0.0,910.0,269.0,0.0,800.0,374.0,0.0,923.0,355.0,0.0,812.0,408.0,0.0,917.0,415.0,0.0,832.0,427.0,0.0,892.0,427.0,0.0,835.0,522.0,0.0,894.0,520.0,0.0,839.0,627.0,0.0,888.0,602.0,0.0
174,1698038933.1139252,831.0,216.0,0.0,840.0,208.0,0.0,820.0,209.0,0.0,808.0,206.0,0.0,859.0,201.0,0.0,797.0,268.0,0.0,895.0,260.0,0.0,781.0,363.0,0.0,913.0,343.0,0.0,790.0,407.0,0.0,910.0,402.0,0.0,821.0,427.0,0.0,883.0,424.0,0.0,823.0,522.0,0.0,885.0,509.0,0.0,840.0,617.0,0.0,886.0,587.0,0.0
175,1698038933.2476852,829.0,214.0,0.0,838.0,204.0,0.0,821.0,206.0,0.0,807.0,204.0,0.0,855.0,196.0,0.0,794.0,265.0,0.0,894.0,255.0,0.0,781.0,349.0,0.0,913.0,342.0,0.0,782.0,403.0,0.0,911.0,408.0,0.0,821.0,419.0,0.0,882.0,419.0,0.0,825.0,518.0,0.0,882.0,517.0,0.0,842.0,612.0,0.0,888.0,595.0,0.0
176,1698038933.4484432,827.0,208.0,0.0,836.0,193.0,0.0,817.0,199.0,0.0,803.0,192.0,0.0,853.0,189.0,0.0,785.0,262.0,0.0,889.0,252.0,0.0,768.0,347.0,0.0,912.0,347.0,0.0,775.0,402.0,0.0,905.0,405.0,0.0,814.0,423.0,0.0,876.0,422.0,0.0,820.0,517.0,0.0,876.0,530.0,0.0,837.0,603.0,0.0,831.0,701.0,0.0
177,1698038933.615705,825.0,207.0,0.0,835.0,196.0,0.0,816.0,202.0,0.0,803.0,196.0,0.0,853.0,193.0,0.0,785.0,264.0,0.0,891.0,256.0,0.0,768.0,355.0,0.0,911.0,347.0,0.0,770.0,412.0,0.0,909.0,413.0,0.0,809.0,430.0,0.0,874.0,430.0,0.0,821.0,532.0,0.0,868.0,539.0,0.0,852.0,677.0,0.0,835.0,674.0,0.0
178,1698038933.849824,829.0,204.0,0.0,838.0,194.0,0.0,819.0,195.0,0.0,805.0,185.0,0.0,858.0,184.0,0.0,786.0,257.0,0.0,894.0,256.0,0.0,767.0,354.0,0.0,914.0,351.0,0.0,773.0,417.0,0.0,908.0,417.0,0.0,805.0,428.0,0.0,874.0,430.0,0.0,816.0,532.0,0.0,868.0,543.0,0.0,842.0,643.0,0.0,854.0,648.0,0.0
179,1698038933.9835432,823.0,199.0,0.0,833.0,191.0,0.0,816.0,193.0,0.0,800.0,181.0,0.0,856.0,179.0,0.0,784.0,254.0,0.0,895.0,248.0,0.0,767.0,345.0,0.0,912.0,337.0,0.0,908.0,414.0,0.0,906.0,414.0,0.0,799.0,433.0,0.0,873.0,433.0,0.0,803.0,532.0,0.0,869.0,543.0,0.0,826.0,595.0,0.0,860.0,625.0,0.0
180,1698038934.150798,825.0,188.0,0.0,834.0,176.0,0.0,815.0,179.0,0.0,801.0,178.0,0.0,858.0,171.0,0.0,785.0,250.0,0.0,898.0,248.0,0.0,767.0,350.0,0.0,911.0,348.0,0.0,778.0,418.0,0.0,898.0,412.0,0.0,799.0,431.0,0.0,873.0,431.0,0.0,799.0,540.0,0.0,870.0,546.0,0.0,802.0,655.0,0.0,860.0,645.0,0.0
181,1698038934.351581,819.0,187.0,0.0,829.0,176.0,0.0,809.0,183.0,0.0,791.0,174.0,0.0,848.0,166.0,0.0,775.0,251.0,0.0,894.0,242.0,0.0,905.0,333.0,0.0,907.0,334.0,0.0,892.0,407.0,0.0,891.0,407.0,0.0,794.0,429.0,0.0,868.0,429.0,0.0,792.0,547.0,0.0,868.0,544.0,0.0,794.0,670.0,0.0,861.0,655.0,0.0
182,1698038934.485301,810.0,188.0,0.0,820.0,177.0,0.0,799.0,187.0,0.0,782.0,174.0,0.0,843.0,168.0,0.0,768.0,253.0,0.0,884.0,244.0,0.0,751.0,361.0,0.0,900.0,345.0,0.0,764.0,427.0,0.0,890.0,417.0,0.0,791.0,440.0,0.0,864.0,440.0,0.0,794.0,560.0,0.0,867.0,546.0,0.0,799.0,683.0,0.0,864.0,658.0,0.0
183,1698038934.652578,793.0,177.0,0.0,761.0,166.0,0.0,778.0,169.0,0.0,764.0,166.0,0.0,824.0,157.0,0.0,750.0,245.0,0.0,870.0,236.0,0.0,732.0,370.0,0.0,892.0,351.0,0.0,742.0,424.0,0.0,885.0,426.0,0.0,776.0,445.0,0.0,853.0,440.0,0.0,781.0,565.0,0.0,856.0,545.0,0.0,797.0,687.0,0.0,860.0,666.0,0.0
184,1698038934.853331,784.0,181.0,0.0,794.0,174.0,0.0,772.0,177.0,0.0,755.0,165.0,0.0,818.0,154.0,0.0,739.0,246.0,0.0,863.0,234.0,0.0,722.0,342.0,0.0,890.0,342.0,0.0,722.0,417.0,0.0,886.0,424.0,0.0,771.0,437.0,0.0,848.0,440.0,0.0,779.0,561.0,0.0,851.0,565.0,0.0,801.0,686.0,0.0,854.0,681.0,0.0
185,1698038934.98708,783.0,179.0,0.0,794.0,163.0,0.0,770.0,170.0,0.0,754.0,157.0,0.0,817.0,149.0,0.0,738.0,238.0,0.0,863.0,231.0,0.0,718.0,340.0,0.0,890.0,342.0,0.0,717.0,412.0,0.0,887.0,422.0,0.0,773.0,438.0,0.0,849.0,439.0,0.0,778.0,559.0,0.0,844.0,578.0,0.0,800.0,671.0,0.0,833.0,684.0,0.0
186,1698038935.187833,792.0,173.0,0.0,803.0,159.0,0.0,780.0,166.0,0.0,760.0,153.0,0.0,827.0,146.0,0.0,744.0,241.0,0.0,876.0,231.0,0.0,724.0,342.0,0.0,900.0,347.0,0.0,723.0,422.0,0.0,895.0,434.0,0.0,774.0,450.0,0.0,855.0,457.0,0.0,787.0,570.0,0.0,850.0,588.0,0.0,816.0,698.0,0.0,830.0,703.0,0.0
187,1698038935.355084,793.0,164.0,0.0,806.0,150.0,0.0,782.0,154.0,0.0,763.0,142.0,0.0,832.0,138.0,0.0,744.0,233.0,0.0,881.0,230.0,0.0,724.0,339.0,0.0,904.0,345.0,0.0,727.0,427.0,0.0,898.0,436.0,0.0,769.0,450.0,0.0,855.0,454.0,0.0,784.0,572.0,0.0,848.0,591.0,0.0,819.0,692.0,0.0,830.0,711.0,0.0
188,1698038935.5892112,806.0,155.0,0.0,816.0,144.0,0.0,792.0,148.0,0.0,776.0,136.0,0.0,848.0,126.0,0.0,759.0,223.0,0.0,898.0,221.0,0.0,915.0,336.0,0.0,915.0,342.0,0.0,746.0,426.0,0.0,904.0,434.0,0.0,775.0,450.0,0.0,867.0,453.0,0.0,776.0,587.0,0.0,864.0,598.0,0.0,808.0,697.0,0.0,851.0,707.0,0.0
189,1698038935.722963,808.0,149.0,0.0,820.0,137.0,0.0,791.0,143.0,0.0,775.0,129.0,0.0,849.0,120.0,0.0,762.0,222.0,0.0,905.0,211.0,0.0,922.0,332.0,0.0,921.0,333.0,0.0,905.0,428.0,0.0,903.0,428.0,0.0,778.0,441.0,0.0,872.0,442.0,0.0,778.0,591.0,0.0,867.0,594.0,0.0,783.0,737.0,0.0,854.0,730.0,0.0
190,1698038935.923716,800.0,143.0,0.0,813.0,127.0,0.0,785.0,133.0,0.0,766.0,126.0,0.0,841.0,110.0,0.0,753.0,218.0,0.0,898.0,211.0,0.0,914.0,335.0,0.0,916.0,339.0,0.0,893.0,427.0,0.0,893.0,425.0,0.0,770.0,440.0,0.0,868.0,441.0,0.0,773.0,594.0,0.0,871.0,597.0,0.0,775.0,747.0,0.0,861.0,736.0,0.0
191,1698038936.9096713,774.0,132.0,0.0,792.0,115.0,0.0,761.0,129.0,0.0,740.0,117.0,0.0,816.0,101.0,0.0,731.0,220.0,0.0,880.0,206.0,0.0,899.0,330.0,0.0,899.0,331.0,0.0,890.0,436.0,0.0,889.0,436.0,0.0,757.0,456.0,0.0,852.0,453.0,0.0,766.0,609.0,0.0,859.0,595.0,0.0,780.0,763.0,0.0,863.0,733.0,0.0
192,1698038936.2581892,754.0,133.0,0.0,768.0,113.0,0.0,738.0,125.0,0.0,724.0,114.0,0.0,801.0,97.0,0.0,716.0,211.0,0.0,866.0,198.0,0.0,892.0,329.0,0.0,893.0,329.0,0.0,892.0,437.0,0.0,887.0,438.0,0.0,747.0,459.0,0.0,843.0,464.0,0.0,758.0,608.0,0.0,849.0,593.0,0.0,785.0,764.0,0.0,869.0,729.0,0.0
193,1698038936.425472,747.0,114.0,0.0,765.0,95.0,0.0,731.0,101.0,0.0,711.0,99.0,0.0,793.0,84.0,0.0,702.0,209.0,0.0,860.0,194.0,0.0,679.0,331.0,0.0,889.0,325.0,0.0,675.0,429.0,0.0,880.0,429.0,0.0,745.0,462.0,0.0,840.0,457.0,0.0,758.0,629.0,0.0,837.0,649.0,0.0,781.0,793.0,0.0,836.0,797.0,0.0
194,1698038936.592728,740.0,105.0,0.0,757.0,82.0,0.0,723.0,92.0,0.0,707.0,92.0,0.0,790.0,77.0,0.0,697.0,198.0,0.0,856.0,190.0,0.0,671.0,329.0,0.0,888.0,329.0,0.0,660.0,430.0,0.0,875.0,430.0,0.0,737.0,462.0,0.0,833.0,463.0,0.0,754.0,620.0,0.0,826.0,640.0,0.0,786.0,780.0,0.0,796.0,823.0,0.0
195,1698038936.89382,733.0,101.0,0.0,748.0,81.0,0.0,717.0,84.0,0.0,790.0,76.0,0.0,707.0,84.0,0.0,855.0,192.0,0.0,692.0,199.0,0.0,889.0,324.0,0.0,669.0,328.0,0.0,885.0,446.0,0.0,672.0,442.0,0.0,825.0,461.0,0.0,723.0,462.0,0.0,807.0,632.0,0.0,748.0,625.0,0.0,799.0,805.0,0.0,777.0,743.0,0.0
196,1698038937.462452,717.0,73.0,0.0,734.0,52.0,0.0,701.0,52.0,0.0,786.0,42.0,0.0,684.0,54.0,0.0,852.0,169.0,0.0,691.0,189.0,0.0,864.0,324.0,0.0,678.0,339.0,0.0,813.0,437.0,0.0,682.0,451.0,0.0,829.0,468.0,0.0,711.0,477.0,0.0,829.0,654.0,0.0,705.0,657.0,0.0,824.0,845.0,0.0,701.0,855.0,0.0
197,1698038937.6296992,685.0,65.0,0.0,703.0,51.0,0.0,667.0,51.0,0.0,752.0,15.0,0.0,654.0,52.0,0.0,828.0,166.0,0.0,666.0,183.0,0.0,843.0,320.0,0.0,653.0,330.0,0.0,818.0,453.0,0.0,666.0,440.0,0.0,801.0,466.0,0.0,690.0,468.0,0.0,821.0,665.0,0.0,700.0,668.0,0.0,831.0,865.0,0.0,710.0,853.0,0.0
198,1698038937.730076,672.0,58.0,0.0,689.0,44.0,0.0,655.0,44.0,0.0,739.0,8.0,0.0,642.0,47.0,0.0,823.0,160.0,0.0,652.0,179.0,0.0,846.0,323.0,0.0,639.0,342.0,0.0,841.0,463.0,0.0,658.0,463.0,0.0,794.0,470.0,0.0,684.0,480.0,0.0,814.0,684.0,0.0,699.0,684.0,0.0,844.0,877.0,0.0,724.0,888.0,0.0
199,1698038937.9975832,656.0,51.0,0.0,673.0,3.0,0.0,638.0,38.0,0.0,726.0,3.0,0.0,627.0,42.0,0.0,807.0,158.0,0.0,634.0,173.0,0.0,844.0,314.0,0.0,611.0,318.0,0.0,841.0,446.0,0.0,594.0,443.0,0.0,781.0,475.0,0.0,669.0,476.0,0.0,765.0,692.0,0.0,690.0,688.0,0.0,784.0,924.0,0.0,719.0,851.0,0.0
200,1698038938.1314552,643.0,43.0,0.0,664.0,2.0,0.0,628.0,2.0,0.0,720.0,2.0,0.0,619.0,38.0,0.0,798.0,154.0,0.0,620.0,166.0,0.0,826.0,318.0,0.0,595.0,311.0,0.0,825.0,457.0,0.0,574.0,435.0,0.0,774.0,465.0,0.0,662.0,467.0,0.0,744.0,677.0,0.0,681.0,670.0,0.0,741.0,881.0,0.0,704.0,854.0,0.0
201,1698038938.265208,632.0,38.0,0.0,651.0,7.0,0.0,616.0,7.0,0.0,708.0,7.0,0.0,606.0,7.0,0.0,786.0,158.0,0.0,610.0,165.0,0.0,819.0,317.0,0.0,583.0,316.0,0.0,818.0,457.0,0.0,566.0,446.0,0.0,762.0,470.0,0.0,651.0,471.0,0.0,736.0,670.0,0.0,678.0,663.0,0.0,716.0,873.0,0.0,744.0,830.0,0.0
202,1698038938.465955,605.0,8.0,0.0,625.0,8.0,0.0,595.0,8.0,0.0,686.0,8.0,0.0,588.0,8.0,0.0,763.0,150.0,0.0,584.0,157.0,0.0,795.0,316.0,0.0,572.0,324.0,0.0,794.0,474.0,0.0,573.0,465.0,0.0,740.0,472.0,0.0,630.0,477.0,0.0,722.0,668.0,0.0,658.0,668.0,0.0,704.0,862.0,0.0,735.0,815.0,0.0
203,1698038938.633208,591.0,2.0,0.0,620.0,2.0,0.0,583.0,2.0,0.0,666.0,2.0,0.0,577.0,2.0,0.0,743.0,132.0,0.0,567.0,147.0,0.0,769.0,297.0,0.0,560.0,322.0,0.0,759.0,448.0,0.0,562.0,460.0,0.0,710.0,463.0,0.0,597.0,463.0,0.0,694.0,676.0,0.0,614.0,668.0,0.0,694.0,879.0,0.0,656.0,810.0,0.0
204,1698038938.86734,541.0,3.0,0.0,570.0,3.0,0.0,541.0,3.0,0.0,544.0,3.0,0.0,535.0,3.0,0.0,702.0,121.0,0.0,531.0,137.0,0.0,705.0,301.0,0.0,530.0,314.0,0.0,637.0,468.0,0.0,522.0,455.0,0.0,674.0,457.0,0.0,544.0,457.0,0.0,667.0,686.0,0.0,535.0,684.0,0.0,545.0,905.0,0.0,696.0,909.0,0.0
205,1698038939.3458612,488.0,3.0,0.0,426.0,983.0,0.0,494.0,3.0,0.0,492.0,3.0,0.0,488.0,3.0,0.0,659.0,120.0,0.0,492.0,134.0,0.0,673.0,311.0,0.0,494.0,315.0,0.0,601.0,471.0,0.0,491.0,475.0,0.0,644.0,479.0,0.0,512.0,496.0,0.0,682.0,777.0,0.0,504.0,780.0,0.0,484.0,937.0,0.0,697.0,983.0,0.0
206,1698038939.20184,425.0,3.0,0.0,729.0,989.0,0.0,729.0,989.0,0.0,437.0,3.0,0.0,431.0,3.0,0.0,601.0,110.0,0.0,441.0,137.0,0.0,644.0,305.0,0.0,437.0,317.0,0.0,602.0,480.0,0.0,437.0,445.0,0.0,582.0,482.0,0.0,473.0,481.0,0.0,625.0,707.0,0.0,631.0,706.0,0.0,490.0,921.0,0.0,694.0,947.0,0.0
207,1698038939.369096,366.0,531.0,0.0,344.0,3.0,0.0,711.0,991.0,0.0,386.0,3.0,0.0,374.0,3.0,0.0,554.0,102.0,0.0,390.0,128.0,0.0,609.0,295.0,0.0,383.0,318.0,0.0,600.0,469.0,0.0,390.0,468.0,0.0,543.0,496.0,0.0,440.0,495.0,0.0,535.0,729.0,0.0,440.0,725.0,0.0,661.0,852.0,0.0,475.0,944.0,0.0
208,1698038939.53635,377.0,8.0,0.0,645.0,972.0,0.0,645.0,972.0,0.0,645.0,972.0,0.0,355.0,8.0,0.0,532.0,93.0,0.0,355.0,125.0,0.0,591.0,294.0,0.0,336.0,302.0,0.0,594.0,470.0,0.0,316.0,460.0,0.0,525.0,490.0,0.0,417.0,493.0,0.0,488.0,746.0,0.0,429.0,730.0,0.0,518.0,972.0,0.0,456.0,972.0,0.0
209,1698038939.670096,344.0,8.0,0.0,346.0,8.0,0.0,267.0,496.0,0.0,346.0,8.0,0.0,624.0,963.0,0.0,343.0,113.0,0.0,330.0,112.0,0.0,560.0,283.0,0.0,306.0,296.0,0.0,571.0,470.0,0.0,274.0,458.0,0.0,516.0,487.0,0.0,403.0,500.0,0.0,460.0,757.0,0.0,429.0,743.0,0.0,464.0,963.0,0.0,445.0,963.0,0.0
210,1698038940.3809912,280.0,3.0,0.0,555.0,969.0,0.0,555.0,969.0,0.0,283.0,3.0,0.0,555.0,969.0,0.0,258.0,89.0,0.0,445.0,66.0,0.0,237.0,298.0,0.0,485.0,294.0,0.0,260.0,469.0,0.0,465.0,468.0,0.0,301.0,518.0,0.0,439.0,527.0,0.0,366.0,781.0,0.0,452.0,793.0,0.0,399.0,969.0,0.0,398.0,969.0,0.0
211,1698038940.205346,257.0,732.0,0.0,241.0,164.0,0.0,532.0,999.0,0.0,237.0,147.0,0.0,434.0,236.0,0.0,421.0,75.0,0.0,430.0,59.0,0.0,234.0,318.0,0.0,227.0,319.0,0.0,269.0,540.0,0.0,394.0,678.0,0.0,299.0,607.0,0.0,435.0,574.0,0.0,273.0,737.0,0.0,451.0,958.0,0.0,441.0,963.0,0.0,460.0,930.0,0.0
212,1698038940.539855,306.0,49.0,0.0,312.0,43.0,0.0,613.0,1009.0,0.0,314.0,236.0,0.0,479.0,258.0,0.0,403.0,68.0,0.0,450.0,55.0,0.0,386.0,291.0,0.0,434.0,310.0,0.0,328.0,471.0,0.0,339.0,471.0,0.0,422.0,494.0,0.0,506.0,556.0,0.0,319.0,960.0,0.0,550.0,947.0,0.0,296.0,1009.0,0.0,555.0,970.0,0.0
213,1698038940.7071311,248.0,3.0,0.0,248.0,3.0,0.0,248.0,3.0,0.0,269.0,3.0,0.0,248.0,3.0,0.0,402.0,87.0,0.0,452.0,56.0,0.0,330.0,338.0,0.0,496.0,262.0,0.0,348.0,517.0,0.0,362.0,492.0,0.0,438.0,533.0,0.0,488.0,536.0,0.0,519.0,767.0,0.0,389.0,786.0,0.0,369.0,993.0,0.0,376.0,993.0,0.0
214,1698038940.9412322,271.0,3.0,0.0,271.0,3.0,0.0,271.0,3.0,0.0,291.0,3.0,0.0,271.0,3.0,0.0,439.0,75.0,0.0,369.0,89.0,0.0,535.0,269.0,0.0,438.0,304.0,0.0,531.0,482.0,0.0,407.0,485.0,0.0,482.0,492.0,0.0,415.0,504.0,0.0,474.0,741.0,0.0,429.0,755.0,0.0,648.0,921.0,0.0,451.0,955.0,0.0
215,1698038941.416351,273.0,3.0,0.0,257.0,3.0,0.0,257.0,3.0,0.0,285.0,3.0,0.0,651.0,1001.0,0.0,450.0,74.0,0.0,391.0,78.0,0.0,540.0,269.0,0.0,532.0,267.0,0.0,538.0,472.0,0.0,391.0,484.0,0.0,466.0,500.0,0.0,425.0,494.0,0.0,433.0,734.0,0.0,490.0,733.0,0.0,584.0,933.0,0.0,477.0,950.0,0.0
216,1698038941.275731,250.0,3.0,0.0,250.0,3.0,0.0,250.0,3.0,0.0,250.0,3.0,0.0,586.0,995.0,0.0,414.0,71.0,0.0,455.0,55.0,0.0,412.0,301.0,0.0,441.0,287.0,0.0,514.0,478.0,0.0,320.0,446.0,0.0,428.0,500.0,0.0,484.0,482.0,0.0,407.0,747.0,0.0,507.0,733.0,0.0,399.0,954.0,0.0,523.0,941.0,0.0
217,1698038941.4430132,200.0,3.0,0.0,200.0,3.0,0.0,568.0,997.0,0.0,200.0,3.0,0.0,568.0,997.0,0.0,357.0,75.0,0.0,404.0,64.0,0.0,370.0,300.0,0.0,409.0,284.0,0.0,299.0,451.0,0.0,311.0,448.0,0.0,378.0,519.0,0.0,469.0,483.0,0.0,358.0,768.0,0.0,479.0,727.0,0.0,345.0,997.0,0.0,522.0,933.0,0.0
218,1698038941.9782672,2.0,1016.0,0.0,2.0,1016.0,0.0,2.0,1016.0,0.0,194.0,577.0,0.0,2.0,1016.0,0.0,75.0,38.0,0.0,85.0,45.0,0.0,191.0,1016.0,0.0,188.0,1016.0,0.0,2.0,1016.0,0.0,207.0,540.0,0.0,108.0,553.0,0.0,104.0,581.0,0.0,211.0,1016.0,0.0,183.0,977.0,0.0,239.0,1016.0,0.0,227.0,1016.0,0.0
219,1698038942.145526,242.0,1018.0,0.0,5.0,3.0,0.0,139.0,546.0,0.0,5.0,3.0,0.0,242.0,1018.0,0.0,17.0,55.0,0.0,20.0,56.0,0.0,77.0,588.0,0.0,103.0,566.0,0.0,179.0,1018.0,0.0,202.0,1018.0,0.0,103.0,929.0,0.0,68.0,576.0,0.0,74.0,746.0,0.0,70.0,749.0,0.0,191.0,1018.0,0.0,196.0,1018.0,0.0
220,1698038943.416629,3.0,1011.0,0.0,3.0,245.0,0.0,3.0,1011.0,0.0,3.0,214.0,0.0,3.0,214.0,0.0,3.0,310.0,0.0,3.0,214.0,0.0,38.0,738.0,0.0,36.0,739.0,0.0,192.0,916.0,0.0,193.0,920.0,0.0,3.0,487.0,0.0,29.0,497.0,0.0,30.0,730.0,0.0,36.0,739.0,0.0,193.0,923.0,0.0,193.0,925.0,0.0
221,1698038943.5503752,244.0,1008.0,0.0,149.0,540.0,0.0,130.0,550.0,0.0,189.0,524.0,0.0,84.0,559.0,0.0,21.0,130.0,0.0,21.0,115.0,0.0,22.0,740.0,0.0,101.0,481.0,0.0,38.0,740.0,0.0,188.0,900.0,0.0,37.0,489.0,0.0,67.0,422.0,0.0,40.0,746.0,0.0,48.0,737.0,0.0,189.0,903.0,0.0,184.0,900.0,0.0
222,1698038943.751127,336.0,975.0,0.0,1.0,975.0,0.0,336.0,975.0,0.0,1.0,6.0,0.0,336.0,975.0,0.0,65.0,88.0,0.0,98.0,86.0,0.0,141.0,668.0,0.0,138.0,661.0,0.0,168.0,789.0,0.0,151.0,717.0,0.0,115.0,487.0,0.0,242.0,472.0,0.0,121.0,687.0,0.0,132.0,685.0,0.0,254.0,927.0,0.0,259.0,926.0,0.0
223,1698038944.856311,138.0,48.0,0.0,137.0,2.0,0.0,128.0,36.0,0.0,185.0,2.0,0.0,247.0,2.0,0.0,208.0,110.0,0.0,318.0,101.0,0.0,208.0,272.0,0.0,397.0,258.0,0.0,201.0,454.0,0.0,348.0,387.0,0.0,292.0,447.0,0.0,401.0,439.0,0.0,319.0,662.0,0.0,390.0,657.0,0.0,485.0,871.0,0.0,316.0,850.0,0.0
224,1698038944.25288,240.0,72.0,0.0,235.0,49.0,1.0,230.0,52.0,0.0,270.0,2.0,0.0,332.0,2.0,0.0,302.0,127.0,0.0,392.0,115.0,0.0,316.0,294.0,0.0,309.0,295.0,0.0,326.0,445.0,0.0,325.0,429.0,0.0,369.0,442.0,0.0,483.0,441.0,0.0,379.0,647.0,0.0,444.0,658.0,0.0,535.0,822.0,0.0,529.0,818.0,0.0
225,1698038944.687762,445.0,110.0,0.0,440.0,84.0,0.0,437.0,93.0,0.0,467.0,60.0,0.0,519.0,51.0,0.0,499.0,159.0,0.0,586.0,156.0,0.0,512.0,308.0,0.0,598.0,313.0,0.0,513.0,451.0,0.0,653.0,439.0,0.0,555.0,447.0,0.0,627.0,436.0,0.0,523.0,626.0,0.0,628.0,634.0,0.0,489.0,804.0,0.0,660.0,803.0,0.0
226,1698038944.788011,462.0,117.0,0.0,456.0,96.0,1.0,455.0,102.0,0.0,483.0,70.0,0.0,538.0,65.0,0.0,508.0,163.0,0.0,603.0,160.0,0.0,519.0,309.0,0.0,649.0,315.0,0.0,525.0,455.0,0.0,670.0,442.0,0.0,565.0,456.0,0.0,637.0,443.0,0.0,542.0,644.0,0.0,654.0,631.0,0.0,535.0,818.0,0.0,694.0,784.0,0.0
227,1698038944.92189,488.0,122.0,0.0,482.0,102.0,0.0,482.0,105.0,0.0,504.0,82.0,0.0,558.0,72.0,0.0,525.0,169.0,0.0,624.0,162.0,0.0,527.0,315.0,0.0,667.0,315.0,0.0,535.0,453.0,0.0,690.0,443.0,0.0,583.0,447.0,0.0,660.0,441.0,0.0,575.0,630.0,0.0,677.0,624.0,0.0,570.0,804.0,0.0,734.0,770.0,0.0
228,1698038945.8914611,518.0,133.0,0.0,512.0,113.0,0.0,512.0,119.0,0.0,535.0,90.0,1.0,587.0,79.0,0.0,551.0,181.0,0.0,656.0,171.0,0.0,538.0,316.0,0.0,698.0,310.0,0.0,541.0,444.0,0.0,715.0,430.0,0.0,606.0,450.0,0.0,693.0,442.0,0.0,611.0,628.0,0.0,685.0,601.0,0.0,639.0,821.0,0.0,755.0,743.0,0.0
229,1698038945.32327,573.0,138.0,0.0,567.0,121.0,0.0,566.0,122.0,0.0,586.0,93.0,0.0,636.0,89.0,0.0,590.0,184.0,0.0,702.0,180.0,0.0,573.0,312.0,0.0,745.0,319.0,0.0,556.0,426.0,0.0,751.0,425.0,0.0,649.0,443.0,0.0,735.0,430.0,0.0,668.0,608.0,0.0,717.0,602.0,0.0,689.0,777.0,0.0,712.0,760.0,0.0
230,1698038945.423643,590.0,145.0,0.0,587.0,129.0,0.0,585.0,130.0,0.0,603.0,102.0,1.0,655.0,96.0,0.0,615.0,187.0,0.0,721.0,184.0,0.0,587.0,316.0,0.0,762.0,326.0,0.0,566.0,421.0,0.0,762.0,433.0,0.0,656.0,437.0,0.0,750.0,434.0,0.0,675.0,594.0,0.0,721.0,595.0,0.0,729.0,777.0,0.0,682.0,734.0,0.0
231,1698038945.5908952,600.0,159.0,0.0,595.0,143.0,0.0,594.0,148.0,0.0,611.0,119.0,0.0,660.0,109.0,0.0,621.0,194.0,0.0,726.0,192.0,0.0,597.0,320.0,0.0,766.0,342.0,0.0,581.0,430.0,0.0,766.0,446.0,0.0,666.0,453.0,0.0,751.0,444.0,0.0,705.0,605.0,0.0,713.0,605.0,0.0,753.0,775.0,0.0,663.0,745.0,0.0
232,1698038945.82502,634.0,156.0,0.0,633.0,147.0,0.0,633.0,150.0,0.0,650.0,126.0,0.0,694.0,121.0,0.0,653.0,202.0,0.0,750.0,193.0,0.0,641.0,324.0,0.0,790.0,313.0,0.0,650.0,444.0,0.0,799.0,419.0,0.0,707.0,437.0,0.0,783.0,429.0,0.0,729.0,591.0,0.0,759.0,582.0,0.0,789.0,740.0,0.0,713.0,725.0,0.0
233,1698038945.9922912,669.0,162.0,0.0,666.0,150.0,0.0,668.0,152.0,0.0,685.0,134.0,0.0,730.0,129.0,0.0,690.0,203.0,0.0,786.0,200.0,0.0,677.0,326.0,0.0,821.0,331.0,0.0,684.0,410.0,0.0,826.0,439.0,0.0,727.0,441.0,0.0,810.0,439.0,0.0,724.0,587.0,0.0,786.0,587.0,0.0,793.0,725.0,0.0,785.0,723.0,0.0
234,1698038946.9267712,691.0,169.0,0.0,687.0,154.0,0.0,687.0,159.0,0.0,705.0,134.0,0.0,748.0,130.0,0.0,708.0,203.0,0.0,807.0,206.0,0.0,698.0,326.0,0.0,838.0,328.0,0.0,705.0,415.0,0.0,838.0,431.0,0.0,740.0,435.0,0.0,823.0,432.0,0.0,740.0,587.0,0.0,804.0,589.0,0.0,778.0,748.0,0.0,803.0,731.0,0.0
235,1698038946.360305,730.0,175.0,0.0,726.0,162.0,0.0,726.0,165.0,0.0,740.0,146.0,0.0,785.0,138.0,0.0,749.0,211.0,0.0,842.0,210.0,0.0,742.0,328.0,0.0,872.0,338.0,0.0,750.0,428.0,0.0,877.0,433.0,0.0,785.0,445.0,0.0,861.0,444.0,0.0,766.0,584.0,0.0,854.0,595.0,0.0,743.0,720.0,0.0,852.0,735.0,0.0
236,1698038946.527563,722.0,173.0,0.0,722.0,158.0,0.0,722.0,158.0,0.0,737.0,150.0,0.0,778.0,143.0,0.0,738.0,216.0,0.0,840.0,213.0,0.0,732.0,335.0,0.0,866.0,334.0,0.0,747.0,429.0,0.0,870.0,440.0,0.0,781.0,453.0,0.0,856.0,450.0,0.0,771.0,615.0,0.0,857.0,600.0,0.0,763.0,753.0,0.0,873.0,734.0,0.0
237,1698038946.594403,719.0,174.0,0.0,718.0,158.0,0.0,719.0,158.0,0.0,733.0,154.0,0.0,778.0,143.0,0.0,733.0,220.0,0.0,839.0,215.0,0.0,725.0,341.0,0.0,870.0,337.0,0.0,741.0,428.0,0.0,870.0,438.0,0.0,775.0,446.0,0.0,854.0,442.0,0.0,771.0,600.0,0.0,854.0,586.0,0.0,775.0,769.0,0.0,878.0,720.0,0.0
238,1698038946.862059,721.0,179.0,0.0,719.0,167.0,0.0,719.0,167.0,0.0,733.0,154.0,0.0,780.0,143.0,0.0,731.0,225.0,0.0,840.0,216.0,0.0,711.0,336.0,0.0,872.0,336.0,0.0,707.0,424.0,0.0,870.0,422.0,0.0,776.0,444.0,0.0,856.0,436.0,0.0,780.0,583.0,0.0,837.0,572.0,0.0,803.0,730.0,0.0,852.0,719.0,0.0
239,1698038947.293111,729.0,181.0,0.0,728.0,166.0,0.0,729.0,168.0,0.0,742.0,156.0,1.0,788.0,149.0,0.0,736.0,225.0,0.0,845.0,218.0,0.0,715.0,329.0,0.0,880.0,330.0,0.0,705.0,402.0,0.0,884.0,427.0,0.0,785.0,438.0,0.0,858.0,435.0,0.0,791.0,573.0,0.0,842.0,570.0,0.0,812.0,720.0,0.0,822.0,696.0,0.0
240,1698038947.1965692,736.0,180.0,0.0,733.0,167.0,0.0,736.0,167.0,0.0,747.0,164.0,0.0,795.0,158.0,0.0,745.0,227.0,0.0,852.0,226.0,0.0,722.0,330.0,0.0,890.0,366.0,0.0,716.0,411.0,0.0,874.0,422.0,0.0,786.0,435.0,0.0,862.0,435.0,0.0,795.0,572.0,0.0,839.0,565.0,0.0,832.0,704.0,0.0,796.0,688.0,0.0
241,1698038947.3638132,743.0,186.0,0.0,743.0,174.0,0.0,743.0,174.0,0.0,754.0,165.0,0.0,803.0,164.0,0.0,745.0,232.0,0.0,853.0,232.0,0.0,728.0,334.0,0.0,881.0,345.0,0.0,728.0,426.0,0.0,875.0,434.0,0.0,784.0,441.0,0.0,853.0,437.0,0.0,799.0,581.0,0.0,843.0,561.0,0.0,837.0,699.0,0.0,809.0,696.0,0.0
242,1698038947.5310652,753.0,189.0,0.0,753.0,177.0,0.0,753.0,177.0,0.0,760.0,172.0,0.0,810.0,166.0,0.0,754.0,234.0,0.0,860.0,236.0,0.0,741.0,341.0,0.0,878.0,353.0,0.0,747.0,433.0,0.0,872.0,440.0,0.0,783.0,440.0,0.0,863.0,438.0,0.0,784.0,571.0,0.0,843.0,571.0,0.0,830.0,689.0,0.0,839.0,689.0,0.0
243,1698038947.6983192,760.0,187.0,0.0,757.0,174.0,0.0,760.0,174.0,0.0,769.0,171.0,0.0,815.0,165.0,0.0,763.0,232.0,0.0,862.0,232.0,0.0,749.0,334.0,0.0,880.0,351.0,0.0,750.0,426.0,0.0,875.0,442.0,0.0,782.0,440.0,0.0,858.0,446.0,0.0,779.0,567.0,0.0,848.0,570.0,0.0,797.0,683.0,0.0,842.0,692.0,0.0
244,1698038947.832071,754.0,187.0,0.0,754.0,179.0,0.0,754.0,179.0,0.0,765.0,172.0,0.0,808.0,170.0,0.0,762.0,232.0,0.0,859.0,233.0,0.0,750.0,336.0,0.0,881.0,350.0,0.0,747.0,432.0,0.0,877.0,442.0,0.0,780.0,451.0,0.0,857.0,453.0,0.0,773.0,573.0,0.0,851.0,578.0,0.0,767.0,683.0,0.0,845.0,698.0,0.0
245,1698038948.6619413,755.0,200.0,0.0,752.0,189.0,0.0,752.0,189.0,0.0,763.0,182.0,0.0,808.0,179.0,0.0,759.0,242.0,0.0,860.0,242.0,0.0,747.0,343.0,0.0,881.0,351.0,0.0,757.0,410.0,0.0,878.0,436.0,0.0,787.0,448.0,0.0,862.0,449.0,0.0,783.0,579.0,0.0,866.0,584.0,0.0,785.0,710.0,0.0,866.0,708.0,0.0
246,1698038948.233416,748.0,201.0,0.0,748.0,188.0,0.0,748.0,188.0,0.0,758.0,187.0,0.0,805.0,184.0,0.0,752.0,253.0,0.0,859.0,245.0,0.0,744.0,369.0,0.0,877.0,348.0,0.0,748.0,424.0,0.0,880.0,435.0,0.0,791.0,450.0,0.0,864.0,445.0,0.0,793.0,586.0,0.0,861.0,566.0,0.0,805.0,734.0,0.0,880.0,695.0,0.0
247,1698038948.367294,748.0,208.0,0.0,748.0,197.0,0.0,745.0,197.0,0.0,759.0,188.0,0.0,807.0,185.0,0.0,753.0,249.0,0.0,857.0,244.0,0.0,739.0,348.0,0.0,881.0,349.0,0.0,748.0,444.0,0.0,881.0,428.0,0.0,788.0,447.0,0.0,864.0,444.0,0.0,798.0,583.0,0.0,860.0,560.0,0.0,817.0,727.0,0.0,878.0,687.0,0.0
248,1698038948.601454,765.0,207.0,0.0,763.0,196.0,0.0,763.0,199.0,0.0,770.0,189.0,0.0,819.0,186.0,0.0,763.0,248.0,0.0,871.0,248.0,0.0,746.0,337.0,0.0,901.0,367.0,0.0,746.0,412.0,0.0,896.0,432.0,0.0,802.0,432.0,0.0,875.0,430.0,0.0,813.0,554.0,0.0,865.0,547.0,0.0,841.0,723.0,0.0,849.0,659.0,0.0
249,1698038948.768674,777.0,207.0,0.0,774.0,197.0,0.0,775.0,197.0,0.0,781.0,194.0,0.0,830.0,188.0,0.0,774.0,250.0,0.0,878.0,248.0,0.0,757.0,340.0,0.0,904.0,362.0,0.0,754.0,414.0,0.0,901.0,435.0,0.0,810.0,437.0,0.0,878.0,441.0,0.0,824.0,560.0,0.0,870.0,553.0,0.0,850.0,701.0,0.0,840.0,658.0,0.0
250,1698038948.9694252,796.0,207.0,0.0,796.0,198.0,0.0,798.0,198.0,0.0,804.0,196.0,0.0,853.0,193.0,0.0,794.0,252.0,0.0,891.0,252.0,0.0,776.0,341.0,0.0,913.0,342.0,0.0,775.0,414.0,0.0,907.0,422.0,0.0,824.0,433.0,0.0,889.0,433.0,0.0,835.0,560.0,0.0,878.0,551.0,0.0,867.0,711.0,0.0,867.0,652.0,0.0
251,1698038949.6970413,804.0,207.0,0.0,804.0,200.0,0.0,805.0,199.0,0.0,814.0,196.0,0.0,860.0,196.0,0.0,798.0,255.0,0.0,898.0,256.0,0.0,785.0,343.0,0.0,919.0,354.0,0.0,785.0,416.0,0.0,906.0,419.0,0.0,825.0,430.0,0.0,891.0,432.0,0.0,828.0,545.0,0.0,880.0,547.0,0.0,851.0,651.0,0.0,871.0,653.0,0.0
252,1698038949.303928,805.0,210.0,0.0,805.0,200.0,0.0,807.0,200.0,0.0,813.0,199.0,0.0,857.0,197.0,0.0,804.0,255.0,0.0,896.0,256.0,0.0,788.0,340.0,0.0,911.0,351.0,0.0,791.0,413.0,0.0,901.0,413.0,0.0,820.0,430.0,0.0,889.0,432.0,0.0,817.0,548.0,0.0,880.0,548.0,0.0,820.0,656.0,0.0,871.0,656.0,0.0
253,1698038949.471178,807.0,214.0,0.0,807.0,204.0,0.0,807.0,206.0,0.0,812.0,204.0,0.0,860.0,202.0,0.0,806.0,260.0,0.0,898.0,262.0,0.0,793.0,342.0,0.0,911.0,360.0,0.0,793.0,420.0,0.0,902.0,429.0,0.0,823.0,434.0,0.0,891.0,436.0,0.0,816.0,541.0,0.0,885.0,551.0,0.0,809.0,638.0,0.0,879.0,658.0,0.0
254,1698038949.6384282,789.0,222.0,0.0,789.0,210.0,0.0,791.0,210.0,0.0,796.0,209.0,0.0,842.0,208.0,0.0,788.0,267.0,0.0,879.0,267.0,0.0,774.0,367.0,0.0,892.0,370.0,0.0,782.0,425.0,0.0,886.0,435.0,0.0,811.0,449.0,0.0,876.0,458.0,0.0,808.0,552.0,0.0,874.0,562.0,0.0,808.0,657.0,0.0,875.0,665.0,0.0
255,1698038949.8056812,785.0,229.0,0.0,782.0,214.0,0.0,782.0,214.0,0.0,788.0,211.0,0.0,833.0,206.0,0.0,779.0,266.0,0.0,874.0,266.0,0.0,763.0,346.0,0.0,892.0,357.0,0.0,767.0,410.0,0.0,895.0,391.0,0.0,806.0,436.0,0.0,872.0,438.0,0.0,809.0,543.0,0.0,869.0,543.0,0.0,818.0,648.0,0.0,882.0,644.0,0.0
256,1698038949.9729412,781.0,225.0,0.0,780.0,215.0,0.0,782.0,217.0,0.0,782.0,214.0,0.0,831.0,207.0,0.0,774.0,266.0,0.0,869.0,263.0,0.0,759.0,349.0,0.0,889.0,349.0,0.0,757.0,417.0,0.0,889.0,418.0,0.0,805.0,434.0,0.0,867.0,435.0,0.0,810.0,542.0,0.0,860.0,536.0,0.0,824.0,657.0,0.0,872.0,646.0,0.0
257,1698038950.140181,767.0,226.0,0.0,767.0,216.0,0.0,787.0,213.0,0.0,768.0,215.0,0.0,815.0,210.0,0.0,758.0,268.0,0.0,850.0,261.0,0.0,744.0,342.0,0.0,872.0,341.0,0.0,741.0,406.0,0.0,876.0,420.0,0.0,788.0,423.0,0.0,850.0,427.0,0.0,798.0,531.0,0.0,843.0,528.0,0.0,815.0,644.0,0.0,840.0,626.0,0.0
258,1698038950.307434,754.0,233.0,0.0,752.0,221.0,0.0,755.0,226.0,0.0,757.0,218.0,0.0,803.0,216.0,0.0,744.0,272.0,0.0,836.0,269.0,0.0,729.0,343.0,0.0,857.0,349.0,0.0,731.0,408.0,0.0,859.0,421.0,0.0,775.0,422.0,0.0,837.0,422.0,0.0,787.0,530.0,0.0,829.0,524.0,0.0,806.0,647.0,0.0,816.0,624.0,0.0
259,1698038950.47469,743.0,234.0,0.0,741.0,224.0,0.0,744.0,228.0,0.0,747.0,224.0,0.0,793.0,221.0,0.0,735.0,273.0,0.0,826.0,273.0,0.0,724.0,349.0,0.0,844.0,354.0,0.0,723.0,415.0,0.0,846.0,422.0,0.0,767.0,422.0,0.0,824.0,422.0,0.0,776.0,525.0,0.0,817.0,520.0,0.0,793.0,649.0,0.0,811.0,610.0,0.0
260,1698038950.6419382,730.0,233.0,0.0,729.0,224.0,0.0,736.0,227.0,0.0,732.0,224.0,0.0,776.0,221.0,0.0,723.0,275.0,0.0,809.0,270.0,0.0,710.0,349.0,0.0,826.0,352.0,0.0,712.0,418.0,0.0,825.0,400.0,0.0,747.0,429.0,0.0,808.0,427.0,0.0,747.0,534.0,0.0,796.0,528.0,0.0,770.0,627.0,0.0,791.0,617.0,0.0
261,1698038950.842566,677.0,235.0,0.0,677.0,226.0,0.0,678.0,226.0,0.0,681.0,225.0,0.0,721.0,219.0,0.0,674.0,272.0,0.0,755.0,271.0,0.0,659.0,347.0,0.0,774.0,352.0,0.0,662.0,408.0,0.0,765.0,419.0,0.0,691.0,429.0,0.0,750.0,429.0,0.0,685.0,530.0,0.0,744.0,532.0,0.0,688.0,627.0,0.0,738.0,621.0,0.0
262,1698038951.9817119,600.0,234.0,0.0,597.0,224.0,0.0,618.0,221.0,0.0,603.0,224.0,0.0,645.0,220.0,0.0,595.0,274.0,0.0,678.0,273.0,0.0,583.0,345.0,0.0,696.0,352.0,0.0,586.0,395.0,0.0,691.0,409.0,0.0,616.0,429.0,0.0,674.0,429.0,0.0,613.0,529.0,0.0,674.0,529.0,0.0,608.0,622.0,0.0,674.0,613.0,0.0
263,1698038951.243947,469.0,223.0,0.0,478.0,213.0,0.0,459.0,214.0,0.0,448.0,222.0,0.0,489.0,217.0,0.0,442.0,275.0,0.0,528.0,272.0,0.0,431.0,368.0,0.0,551.0,368.0,0.0,458.0,403.0,0.0,537.0,409.0,0.0,469.0,436.0,0.0,528.0,437.0,0.0,472.0,539.0,0.0,535.0,538.0,0.0,478.0,633.0,0.0,545.0,623.0,0.0
264,1698038953.853092,224.0,246.0,0.0,232.0,237.0,0.0,219.0,237.0,0.0,207.0,238.0,0.0,240.0,237.0,0.0,198.0,286.0,0.0,275.0,280.0,0.0,196.0,351.0,0.0,299.0,356.0,0.0,214.0,401.0,0.0,304.0,410.0,0.0,234.0,425.0,0.0,286.0,424.0,0.0,247.0,509.0,0.0,291.0,513.0,0.0,253.0,684.0,0.0,289.0,684.0,0.0
265,1698038954.522128,593.0,270.0,0.0,591.0,262.0,0.0,596.0,264.0,0.0,594.0,262.0,0.0,627.0,258.0,0.0,586.0,300.0,0.0,656.0,297.0,0.0,578.0,371.0,0.0,674.0,370.0,0.0,583.0,389.0,0.0,666.0,400.0,0.0,610.0,410.0,0.0,656.0,412.0,0.0,614.0,481.0,0.0,656.0,478.0,0.0,620.0,557.0,0.0,660.0,545.0,0.0
266,1698038954.689378,587.0,272.0,0.0,585.0,263.0,0.0,585.0,266.0,0.0,590.0,263.0,0.0,623.0,260.0,0.0,581.0,301.0,0.0,651.0,296.0,0.0,574.0,365.0,0.0,668.0,357.0,0.0,581.0,398.0,0.0,668.0,404.0,0.0,608.0,413.0,0.0,651.0,411.0,0.0,614.0,482.0,0.0,657.0,482.0,0.0,625.0,572.0,0.0,665.0,584.0,0.0
267,1698038954.89011,587.0,269.0,0.0,587.0,262.0,0.0,587.0,263.0,0.0,590.0,262.0,0.0,624.0,260.0,0.0,581.0,299.0,0.0,651.0,295.0,0.0,574.0,352.0,0.0,669.0,358.0,0.0,581.0,394.0,0.0,669.0,401.0,0.0,610.0,409.0,0.0,651.0,408.0,0.0,615.0,473.0,0.0,656.0,471.0,0.0,627.0,547.0,0.0,659.0,536.0,0.0
268,1698038955.9085312,565.0,271.0,0.0,565.0,264.0,0.0,565.0,265.0,0.0,568.0,262.0,0.0,601.0,261.0,0.0,560.0,300.0,0.0,629.0,298.0,0.0,552.0,364.0,0.0,644.0,353.0,0.0,560.0,396.0,0.0,646.0,402.0,0.0,587.0,407.0,0.0,627.0,406.0,0.0,594.0,473.0,0.0,631.0,469.0,0.0,604.0,541.0,0.0,630.0,526.0,0.0
269,1698038955.191203,557.0,272.0,0.0,557.0,265.0,0.0,561.0,267.0,0.0,559.0,265.0,0.0,592.0,262.0,0.0,551.0,301.0,0.0,620.0,300.0,0.0,541.0,370.0,0.0,634.0,356.0,0.0,549.0,394.0,0.0,635.0,399.0,0.0,575.0,411.0,0.0,617.0,407.0,0.0,584.0,480.0,0.0,618.0,473.0,0.0,594.0,546.0,0.0,615.0,528.0,0.0
270,1698038955.425461,547.0,272.0,0.0,547.0,265.0,0.0,548.0,266.0,0.0,550.0,265.0,0.0,581.0,265.0,0.0,537.0,302.0,0.0,604.0,302.0,0.0,527.0,359.0,0.0,619.0,357.0,0.0,538.0,400.0,0.0,620.0,400.0,0.0,560.0,409.0,0.0,600.0,409.0,0.0,568.0,478.0,0.0,603.0,477.0,0.0,578.0,546.0,0.0,599.0,534.0,0.0
271,1698038955.559107,553.0,276.0,0.0,551.0,267.0,0.0,553.0,270.0,0.0,556.0,265.0,0.0,587.0,265.0,0.0,543.0,300.0,0.0,610.0,301.0,0.0,533.0,353.0,0.0,624.0,366.0,0.0,540.0,395.0,0.0,620.0,405.0,0.0,563.0,406.0,0.0,606.0,406.0,0.0,564.0,467.0,0.0,606.0,470.0,0.0,577.0,536.0,0.0,603.0,530.0,0.0
272,1698038955.793234,563.0,274.0,0.0,564.0,268.0,0.0,564.0,268.0,0.0,567.0,267.0,0.0,598.0,267.0,0.0,555.0,300.0,0.0,619.0,301.0,0.0,544.0,366.0,0.0,635.0,367.0,0.0,550.0,390.0,0.0,625.0,395.0,0.0,572.0,402.0,0.0,614.0,403.0,0.0,572.0,465.0,0.0,612.0,464.0,0.0,574.0,543.0,0.0,608.0,535.0,0.0
273,1698038955.927109,555.0,276.0,0.0,555.0,267.0,0.0,555.0,268.0,0.0,558.0,267.0,0.0,589.0,266.0,0.0,547.0,300.0,0.0,611.0,302.0,0.0,537.0,348.0,0.0,628.0,369.0,0.0,540.0,381.0,0.0,619.0,399.0,0.0,561.0,401.0,0.0,607.0,404.0,0.0,565.0,462.0,0.0,605.0,467.0,0.0,565.0,533.0,0.0,602.0,537.0,0.0
274,1698038956.9436212,533.0,278.0,0.0,533.0,272.0,0.0,533.0,273.0,0.0,534.0,271.0,0.0,564.0,268.0,0.0,524.0,302.0,0.0,587.0,302.0,0.0,514.0,353.0,0.0,604.0,366.0,0.0,520.0,389.0,0.0,599.0,401.0,0.0,542.0,404.0,0.0,586.0,404.0,0.0,543.0,463.0,0.0,586.0,465.0,0.0,547.0,538.0,0.0,586.0,527.0,0.0
275,1698038956.294995,514.0,281.0,0.0,514.0,273.0,0.0,514.0,275.0,0.0,517.0,271.0,0.0,547.0,268.0,0.0,508.0,305.0,0.0,574.0,305.0,0.0,500.0,361.0,0.0,590.0,365.0,0.0,508.0,398.0,0.0,587.0,400.0,0.0,531.0,411.0,0.0,573.0,411.0,0.0,534.0,471.0,0.0,576.0,471.0,0.0,544.0,540.0,0.0,577.0,526.0,0.0
276,1698038956.428862,522.0,281.0,0.0,522.0,275.0,0.0,535.0,275.0,0.0,523.0,271.0,0.0,554.0,269.0,0.0,515.0,307.0,0.0,580.0,304.0,0.0,509.0,358.0,0.0,595.0,358.0,0.0,516.0,401.0,0.0,598.0,400.0,0.0,541.0,409.0,0.0,580.0,407.0,0.0,545.0,469.0,0.0,585.0,466.0,0.0,557.0,538.0,0.0,591.0,520.0,0.0
277,1698038956.62949,551.0,280.0,0.0,550.0,274.0,0.0,551.0,275.0,0.0,551.0,273.0,0.0,583.0,268.0,0.0,543.0,306.0,0.0,607.0,304.0,0.0,537.0,364.0,0.0,624.0,356.0,0.0,543.0,389.0,0.0,627.0,393.0,0.0,570.0,409.0,0.0,609.0,406.0,0.0,576.0,469.0,0.0,613.0,465.0,0.0,587.0,535.0,0.0,616.0,524.0,0.0
278,1698038956.7967422,562.0,280.0,0.0,562.0,274.0,0.0,577.0,274.0,0.0,567.0,274.0,0.0,595.0,268.0,0.0,555.0,308.0,0.0,620.0,304.0,0.0,550.0,359.0,0.0,635.0,356.0,0.0,557.0,390.0,0.0,640.0,392.0,0.0,580.0,405.0,0.0,618.0,403.0,0.0,587.0,468.0,0.0,624.0,467.0,0.0,598.0,526.0,0.0,620.0,520.0,0.0
279,1698038956.8971171,561.0,281.0,0.0,561.0,275.0,0.0,594.0,270.0,0.0,564.0,275.0,0.0,593.0,271.0,0.0,553.0,310.0,0.0,615.0,305.0,0.0,550.0,367.0,0.0,630.0,354.0,0.0,556.0,403.0,0.0,634.0,393.0,0.0,575.0,406.0,0.0,612.0,404.0,0.0,583.0,469.0,0.0,615.0,463.0,0.0,594.0,526.0,0.0,612.0,519.0,0.0
280,1698038957.643701,558.0,280.0,0.0,540.0,275.0,0.0,554.0,275.0,0.0,543.0,275.0,0.0,571.0,272.0,0.0,531.0,308.0,0.0,593.0,308.0,0.0,525.0,360.0,0.0,606.0,354.0,0.0,531.0,399.0,0.0,609.0,393.0,0.0,551.0,400.0,0.0,589.0,400.0,0.0,558.0,462.0,0.0,590.0,460.0,0.0,568.0,529.0,0.0,589.0,518.0,0.0
281,1698038957.2985,540.0,280.0,0.0,524.0,276.0,0.0,534.0,276.0,0.0,526.0,276.0,0.0,554.0,274.0,0.0,514.0,309.0,0.0,574.0,309.0,0.0,505.0,363.0,0.0,590.0,371.0,0.0,513.0,398.0,0.0,586.0,388.0,0.0,531.0,408.0,0.0,572.0,408.0,0.0,533.0,461.0,0.0,572.0,461.0,0.0,543.0,516.0,0.0,567.0,520.0,0.0
282,1698038957.465748,544.0,277.0,0.0,528.0,276.0,0.0,536.0,276.0,0.0,529.0,276.0,0.0,556.0,275.0,0.0,519.0,308.0,0.0,579.0,309.0,0.0,509.0,355.0,0.0,592.0,372.0,0.0,514.0,395.0,0.0,585.0,388.0,0.0,535.0,404.0,0.0,573.0,404.0,0.0,536.0,461.0,0.0,572.0,461.0,0.0,541.0,526.0,0.0,569.0,525.0,0.0
283,1698038957.6329982,513.0,281.0,0.0,513.0,276.0,0.0,513.0,277.0,0.0,516.0,271.0,0.0,543.0,271.0,0.0,506.0,304.0,0.0,563.0,304.0,0.0,497.0,349.0,0.0,579.0,369.0,0.0,501.0,385.0,0.0,565.0,380.0,0.0,519.0,396.0,0.0,559.0,398.0,0.0,522.0,454.0,0.0,559.0,456.0,0.0,524.0,522.0,0.0,558.0,515.0,0.0
284,1698038957.800252,494.0,285.0,0.0,494.0,278.0,0.0,507.0,275.0,0.0,497.0,275.0,0.0,526.0,275.0,0.0,487.0,308.0,0.0,545.0,308.0,0.0,479.0,354.0,0.0,560.0,370.0,0.0,486.0,392.0,0.0,558.0,380.0,0.0,504.0,402.0,0.0,543.0,402.0,0.0,507.0,458.0,0.0,543.0,461.0,0.0,513.0,523.0,0.0,544.0,520.0,0.0
285,1698038957.934126,476.0,285.0,0.0,476.0,280.0,0.0,509.0,274.0,0.0,479.0,277.0,0.0,507.0,275.0,0.0,470.0,308.0,0.0,530.0,308.0,0.0,463.0,363.0,0.0,543.0,362.0,0.0,471.0,396.0,0.0,540.0,398.0,0.0,491.0,405.0,0.0,530.0,405.0,0.0,494.0,461.0,0.0,529.0,460.0,0.0,506.0,535.0,0.0,534.0,543.0,0.0
286,1698038958.1347551,480.0,280.0,0.0,461.0,277.0,0.0,474.0,275.0,0.0,463.0,275.0,0.0,493.0,274.0,0.0,454.0,308.0,0.0,515.0,304.0,0.0,448.0,359.0,0.0,530.0,353.0,0.0,458.0,392.0,0.0,531.0,392.0,0.0,480.0,402.0,0.0,515.0,399.0,0.0,483.0,456.0,0.0,520.0,450.0,0.0,498.0,521.0,0.0,525.0,499.0,0.0
287,1698038958.302011,485.0,275.0,0.0,466.0,275.0,0.0,498.0,270.0,0.0,469.0,273.0,0.0,496.0,272.0,0.0,459.0,306.0,0.0,518.0,303.0,0.0,455.0,348.0,0.0,534.0,349.0,0.0,459.0,382.0,0.0,536.0,384.0,0.0,485.0,397.0,0.0,521.0,392.0,0.0,491.0,448.0,0.0,525.0,445.0,0.0,505.0,507.0,0.0,529.0,494.0,0.0
288,1698038958.469252,500.0,277.0,0.0,482.0,276.0,0.0,494.0,275.0,0.0,484.0,276.0,0.0,510.0,275.0,0.0,473.0,308.0,0.0,532.0,306.0,0.0,469.0,356.0,0.0,545.0,349.0,0.0,479.0,391.0,0.0,549.0,384.0,0.0,497.0,397.0,0.0,530.0,395.0,0.0,503.0,447.0,0.0,536.0,445.0,0.0,515.0,501.0,0.0,536.0,496.0,0.0
289,1698038958.6365051,497.0,281.0,0.0,481.0,281.0,0.0,484.0,281.0,0.0,484.0,280.0,0.0,510.0,280.0,0.0,473.0,311.0,0.0,530.0,310.0,0.0,467.0,362.0,0.0,543.0,353.0,0.0,476.0,395.0,0.0,545.0,384.0,0.0,494.0,403.0,0.0,528.0,400.0,0.0,501.0,453.0,0.0,531.0,450.0,0.0,513.0,506.0,0.0,530.0,505.0,0.0
290,1698038958.80376,472.0,286.0,0.0,470.0,280.0,0.0,483.0,279.0,0.0,475.0,280.0,0.0,502.0,279.0,0.0,463.0,309.0,0.0,520.0,309.0,0.0,456.0,353.0,0.0,532.0,351.0,0.0,463.0,386.0,0.0,535.0,385.0,0.0,483.0,398.0,0.0,516.0,396.0,0.0,488.0,449.0,0.0,519.0,448.0,0.0,499.0,498.0,0.0,518.0,501.0,0.0
291,1698038958.937664,484.0,281.0,0.0,468.0,279.0,0.0,479.0,279.0,0.0,469.0,279.0,0.0,498.0,278.0,0.0,459.0,307.0,0.0,515.0,307.0,0.0,451.0,358.0,0.0,528.0,348.0,0.0,458.0,380.0,0.0,531.0,380.0,0.0,475.0,396.0,0.0,511.0,396.0,0.0,478.0,439.0,0.0,512.0,445.0,0.0,489.0,491.0,0.0,508.0,507.0,0.0
292,1698038959.1382632,486.0,280.0,0.0,468.0,279.0,0.0,480.0,279.0,0.0,471.0,279.0,0.0,497.0,277.0,0.0,463.0,306.0,0.0,517.0,308.0,0.0,454.0,354.0,0.0,529.0,356.0,0.0,458.0,387.0,0.0,524.0,390.0,0.0,478.0,395.0,0.0,513.0,395.0,0.0,478.0,446.0,0.0,511.0,449.0,0.0,484.0,505.0,0.0,511.0,515.0,0.0
293,1698038959.305516,503.0,283.0,0.0,486.0,279.0,0.0,498.0,283.0,0.0,489.0,279.0,0.0,516.0,279.0,0.0,479.0,308.0,0.0,535.0,309.0,0.0,472.0,355.0,0.0,546.0,361.0,0.0,478.0,384.0,0.0,545.0,374.0,0.0,495.0,394.0,0.0,530.0,394.0,0.0,496.0,446.0,0.0,529.0,447.0,0.0,500.0,508.0,0.0,529.0,509.0,0.0
294,1698038959.573142,491.0,286.0,0.0,476.0,284.0,0.0,484.0,284.0,0.0,477.0,284.0,0.0,504.0,281.0,0.0,470.0,312.0,0.0,523.0,310.0,0.0,463.0,359.0,0.0,536.0,359.0,0.0,469.0,390.0,0.0,531.0,390.0,0.0,489.0,399.0,0.0,523.0,395.0,0.0,489.0,444.0,0.0,523.0,449.0,0.0,499.0,507.0,0.0,526.0,508.0,0.0
295,1698038959.6400182,485.0,285.0,0.0,469.0,285.0,0.0,478.0,281.0,0.0,470.0,285.0,0.0,495.0,282.0,0.0,463.0,311.0,0.0,516.0,311.0,0.0,458.0,365.0,0.0,529.0,361.0,0.0,463.0,388.0,0.0,524.0,393.0,0.0,482.0,403.0,0.0,516.0,400.0,0.0,483.0,447.0,0.0,518.0,446.0,0.0,493.0,503.0,0.0,519.0,489.0,0.0
296,1698038959.8072991,472.0,286.0,0.0,450.0,285.0,0.0,463.0,289.0,0.0,453.0,284.0,0.0,480.0,281.0,0.0,446.0,309.0,0.0,499.0,308.0,0.0,440.0,351.0,0.0,512.0,348.0,0.0,446.0,387.0,0.0,513.0,381.0,0.0,464.0,391.0,0.0,499.0,390.0,0.0,470.0,442.0,0.0,502.0,440.0,0.0,482.0,504.0,0.0,512.0,505.0,0.0
297,1698038959.9745252,463.0,287.0,0.0,442.0,284.0,0.0,473.0,281.0,0.0,445.0,282.0,0.0,473.0,281.0,0.0,437.0,311.0,0.0,491.0,310.0,0.0,432.0,357.0,0.0,506.0,353.0,0.0,440.0,387.0,0.0,507.0,383.0,0.0,458.0,396.0,0.0,490.0,393.0,0.0,464.0,445.0,0.0,496.0,443.0,0.0,475.0,497.0,0.0,501.0,494.0,0.0
298,1698038960.208795,496.0,285.0,0.0,465.0,285.0,0.0,495.0,279.0,0.0,468.0,285.0,0.0,494.0,283.0,0.0,458.0,315.0,0.0,512.0,312.0,0.0,455.0,359.0,0.0,525.0,349.0,0.0,467.0,389.0,0.0,529.0,378.0,0.0,481.0,400.0,0.0,511.0,395.0,0.0,485.0,444.0,0.0,516.0,444.0,0.0,495.0,496.0,0.0,515.0,496.0,0.0
299,1698038960.3760512,493.0,287.0,0.0,476.0,285.0,0.0,489.0,285.0,0.0,479.0,285.0,0.0,504.0,285.0,0.0,469.0,314.0,0.0,521.0,312.0,0.0,465.0,358.0,0.0,533.0,350.0,0.0,472.0,390.0,0.0,537.0,380.0,0.0,489.0,397.0,0.0,519.0,394.0,0.0,493.0,446.0,0.0,521.0,445.0,0.0,500.0,491.0,0.0,520.0,491.0,0.0
300,1698038960.576683,481.0,288.0,0.0,466.0,288.0,0.0,476.0,288.0,0.0,467.0,287.0,0.0,493.0,287.0,0.0,457.0,314.0,0.0,510.0,315.0,0.0,451.0,357.0,0.0,522.0,361.0,0.0,457.0,389.0,0.0,519.0,386.0,0.0,476.0,396.0,0.0,506.0,394.0,0.0,474.0,437.0,0.0,507.0,445.0,0.0,483.0,485.0,0.0,503.0,505.0,0.0
301,1698038960.7105272,477.0,289.0,0.0,461.0,288.0,0.0,471.0,285.0,0.0,463.0,288.0,0.0,487.0,286.0,0.0,453.0,313.0,0.0,504.0,313.0,0.0,446.0,362.0,0.0,516.0,358.0,0.0,453.0,387.0,0.0,510.0,387.0,0.0,469.0,394.0,0.0,502.0,394.0,0.0,469.0,435.0,0.0,502.0,441.0,0.0,477.0,483.0,0.0,500.0,496.0,0.0
302,1698038960.91121,473.0,289.0,0.0,458.0,287.0,0.0,468.0,287.0,0.0,461.0,287.0,0.0,485.0,286.0,0.0,452.0,313.0,0.0,502.0,313.0,0.0,443.0,361.0,0.0,515.0,362.0,0.0,449.0,388.0,0.0,514.0,371.0,0.0,468.0,393.0,0.0,499.0,391.0,0.0,469.0,436.0,0.0,499.0,440.0,0.0,473.0,492.0,0.0,498.0,490.0,0.0
303,1698038961.784351,483.0,289.0,0.0,467.0,288.0,0.0,478.0,285.0,0.0,468.0,288.0,0.0,494.0,286.0,0.0,461.0,314.0,0.0,513.0,315.0,0.0,454.0,363.0,0.0,524.0,364.0,0.0,463.0,389.0,0.0,517.0,387.0,0.0,477.0,396.0,0.0,510.0,394.0,0.0,480.0,437.0,0.0,510.0,437.0,0.0,487.0,495.0,0.0,511.0,488.0,0.0
304,1698038961.2456882,504.0,293.0,0.0,487.0,292.0,0.0,493.0,298.0,0.0,488.0,289.0,0.0,513.0,288.0,0.0,480.0,316.0,0.0,531.0,314.0,0.0,477.0,362.0,0.0,544.0,361.0,0.0,485.0,391.0,0.0,544.0,385.0,0.0,500.0,397.0,0.0,530.0,396.0,0.0,503.0,440.0,0.0,531.0,436.0,0.0,511.0,495.0,0.0,533.0,483.0,0.0
305,1698038961.4129362,493.0,296.0,0.0,493.0,291.0,0.0,495.0,293.0,0.0,495.0,291.0,0.0,519.0,288.0,0.0,489.0,317.0,0.0,538.0,314.0,0.0,485.0,357.0,0.0,549.0,352.0,0.0,491.0,388.0,0.0,553.0,386.0,0.0,508.0,392.0,0.0,536.0,391.0,0.0,511.0,435.0,0.0,540.0,429.0,0.0,521.0,491.0,0.0,545.0,475.0,0.0
306,1698038961.58016,482.0,294.0,0.0,482.0,290.0,0.0,492.0,291.0,0.0,484.0,291.0,0.0,508.0,289.0,0.0,477.0,317.0,0.0,526.0,316.0,0.0,474.0,361.0,0.0,538.0,353.0,0.0,481.0,384.0,0.0,542.0,384.0,0.0,496.0,395.0,0.0,526.0,392.0,0.0,502.0,443.0,0.0,531.0,437.0,0.0,512.0,493.0,0.0,535.0,487.0,0.0
307,1698038961.747409,481.0,300.0,0.0,468.0,294.0,0.0,477.0,294.0,0.0,470.0,294.0,0.0,495.0,291.0,0.0,462.0,322.0,0.0,512.0,320.0,0.0,460.0,366.0,0.0,525.0,360.0,0.0,467.0,392.0,0.0,528.0,386.0,0.0,481.0,396.0,0.0,511.0,395.0,0.0,487.0,439.0,0.0,517.0,436.0,0.0,498.0,495.0,0.0,518.0,484.0,0.0
308,1698038961.9481692,491.0,297.0,0.0,475.0,295.0,0.0,485.0,295.0,0.0,477.0,295.0,0.0,499.0,294.0,0.0,469.0,321.0,0.0,517.0,321.0,0.0,465.0,367.0,0.0,528.0,357.0,0.0,471.0,393.0,0.0,532.0,389.0,0.0,487.0,400.0,0.0,514.0,397.0,0.0,491.0,443.0,0.0,518.0,439.0,0.0,502.0,489.0,0.0,517.0,482.0,0.0
309,1698038962.8191411,508.0,299.0,0.0,513.0,296.0,0.0,504.0,296.0,0.0,496.0,296.0,0.0,520.0,295.0,0.0,487.0,320.0,0.0,533.0,320.0,0.0,483.0,361.0,0.0,544.0,356.0,0.0,487.0,390.0,0.0,547.0,385.0,0.0,503.0,397.0,0.0,530.0,392.0,0.0,507.0,439.0,0.0,533.0,439.0,0.0,514.0,482.0,0.0,531.0,480.0,0.0
310,1698038962.249164,514.0,301.0,0.0,516.0,298.0,0.0,509.0,300.0,0.0,501.0,297.0,0.0,525.0,297.0,0.0,491.0,321.0,0.0,538.0,323.0,0.0,485.0,361.0,0.0,548.0,363.0,0.0,489.0,390.0,0.0,549.0,386.0,0.0,506.0,394.0,0.0,534.0,394.0,0.0,506.0,432.0,0.0,535.0,437.0,0.0,515.0,477.0,0.0,532.0,483.0,0.0
311,1698038962.449917,501.0,298.0,0.0,486.0,295.0,0.0,495.0,297.0,0.0,488.0,297.0,0.0,511.0,295.0,0.0,478.0,321.0,0.0,525.0,323.0,0.0,472.0,363.0,0.0,533.0,364.0,0.0,476.0,390.0,0.0,529.0,392.0,0.0,491.0,395.0,0.0,519.0,395.0,0.0,492.0,438.0,0.0,519.0,438.0,0.0,495.0,484.0,0.0,518.0,479.0,0.0
312,1698038962.650544,477.0,302.0,0.0,482.0,299.0,0.0,473.0,300.0,0.0,467.0,298.0,0.0,490.0,296.0,0.0,459.0,322.0,0.0,505.0,323.0,0.0,453.0,364.0,0.0,515.0,368.0,0.0,456.0,390.0,0.0,508.0,391.0,0.0,472.0,394.0,0.0,500.0,394.0,0.0,473.0,438.0,0.0,500.0,436.0,0.0,477.0,489.0,0.0,500.0,482.0,0.0
313,1698038962.8512971,464.0,301.0,0.0,450.0,298.0,0.0,460.0,298.0,0.0,453.0,298.0,0.0,476.0,295.0,0.0,446.0,325.0,0.0,491.0,325.0,0.0,440.0,366.0,0.0,503.0,370.0,0.0,445.0,387.0,0.0,499.0,394.0,0.0,460.0,397.0,0.0,489.0,397.0,0.0,463.0,438.0,0.0,490.0,439.0,0.0,470.0,489.0,0.0,491.0,492.0,0.0
314,1698038962.985047,455.0,301.0,0.0,442.0,298.0,0.0,451.0,298.0,0.0,443.0,298.0,0.0,466.0,295.0,0.0,436.0,326.0,0.0,482.0,326.0,0.0,432.0,366.0,0.0,494.0,366.0,0.0,436.0,393.0,0.0,495.0,392.0,0.0,453.0,396.0,0.0,481.0,396.0,0.0,458.0,441.0,0.0,484.0,441.0,0.0,466.0,497.0,0.0,488.0,500.0,0.0
315,1698038963.1857991,432.0,301.0,0.0,437.0,295.0,0.0,427.0,296.0,0.0,420.0,299.0,0.0,443.0,298.0,0.0,413.0,328.0,0.0,459.0,326.0,0.0,409.0,365.0,0.0,470.0,364.0,0.0,412.0,391.0,0.0,473.0,391.0,0.0,430.0,398.0,0.0,457.0,395.0,0.0,433.0,438.0,0.0,461.0,434.0,0.0,444.0,490.0,0.0,468.0,487.0,0.0
316,1698038963.3530502,420.0,303.0,0.0,424.0,298.0,0.0,416.0,298.0,0.0,407.0,300.0,0.0,431.0,298.0,0.0,397.0,328.0,0.0,446.0,328.0,0.0,394.0,366.0,0.0,457.0,366.0,0.0,402.0,391.0,0.0,458.0,390.0,0.0,416.0,400.0,0.0,444.0,399.0,0.0,421.0,441.0,0.0,449.0,440.0,0.0,433.0,489.0,0.0,451.0,484.0,0.0
317,1698038963.4868102,413.0,305.0,0.0,399.0,301.0,0.0,409.0,301.0,0.0,402.0,302.0,0.0,425.0,301.0,0.0,390.0,331.0,0.0,439.0,330.0,0.0,389.0,370.0,0.0,449.0,366.0,0.0,396.0,394.0,0.0,452.0,392.0,0.0,409.0,403.0,0.0,436.0,402.0,0.0,415.0,443.0,0.0,442.0,440.0,0.0,426.0,486.0,0.0,440.0,481.0,0.0
318,1698038963.68755,416.0,307.0,0.0,401.0,304.0,0.0,412.0,304.0,0.0,404.0,305.0,0.0,427.0,304.0,0.0,394.0,333.0,0.0,440.0,333.0,0.0,390.0,370.0,0.0,450.0,368.0,0.0,396.0,396.0,0.0,453.0,393.0,0.0,409.0,404.0,0.0,436.0,403.0,0.0,414.0,446.0,0.0,442.0,446.0,0.0,426.0,486.0,0.0,440.0,485.0,0.0
319,1698038963.854803,431.0,308.0,0.0,418.0,305.0,0.0,425.0,305.0,0.0,421.0,305.0,0.0,442.0,305.0,0.0,409.0,332.0,0.0,455.0,333.0,0.0,402.0,371.0,0.0,465.0,371.0,0.0,408.0,395.0,0.0,465.0,391.0,0.0,423.0,402.0,0.0,450.0,402.0,0.0,425.0,438.0,0.0,453.0,441.0,0.0,433.0,477.0,0.0,449.0,480.0,0.0
320,1698038963.988554,432.0,308.0,0.0,417.0,305.0,0.0,425.0,305.0,0.0,420.0,305.0,0.0,442.0,305.0,0.0,409.0,331.0,0.0,454.0,333.0,0.0,403.0,368.0,0.0,464.0,374.0,0.0,406.0,394.0,0.0,460.0,396.0,0.0,423.0,400.0,0.0,450.0,398.0,0.0,422.0,433.0,0.0,452.0,436.0,0.0,430.0,476.0,0.0,450.0,480.0,0.0
321,1698038964.155805,423.0,309.0,0.0,409.0,305.0,0.0,417.0,306.0,0.0,412.0,305.0,0.0,434.0,305.0,0.0,403.0,331.0,0.0,447.0,332.0,0.0,396.0,368.0,0.0,457.0,375.0,0.0,399.0,392.0,0.0,450.0,392.0,0.0,414.0,398.0,0.0,443.0,398.0,0.0,416.0,440.0,0.0,442.0,440.0,0.0,419.0,486.0,0.0,442.0,484.0,0.0
322,1698038964.256181,415.0,308.0,0.0,401.0,303.0,0.0,411.0,305.0,0.0,404.0,305.0,0.0,425.0,303.0,0.0,395.0,331.0,0.0,439.0,331.0,0.0,390.0,368.0,0.0,448.0,371.0,0.0,393.0,395.0,0.0,444.0,391.0,0.0,407.0,398.0,0.0,435.0,398.0,0.0,410.0,441.0,0.0,435.0,439.0,0.0,412.0,484.0,0.0,435.0,487.0,0.0
323,1698038964.5238092,407.0,310.0,0.0,393.0,309.0,0.0,400.0,310.0,0.0,394.0,307.0,0.0,417.0,304.0,0.0,387.0,332.0,0.0,432.0,330.0,0.0,384.0,368.0,0.0,442.0,370.0,0.0,389.0,396.0,0.0,440.0,395.0,0.0,404.0,401.0,0.0,431.0,398.0,0.0,406.0,435.0,0.0,432.0,435.0,0.0,414.0,489.0,0.0,434.0,487.0,0.0
324,1698038964.691059,402.0,310.0,0.0,404.0,309.0,0.0,396.0,309.0,0.0,390.0,309.0,0.0,410.0,307.0,0.0,386.0,331.0,0.0,424.0,330.0,0.0,383.0,363.0,0.0,437.0,363.0,0.0,386.0,383.0,0.0,441.0,383.0,0.0,400.0,392.0,0.0,424.0,392.0,0.0,404.0,438.0,0.0,429.0,435.0,0.0,413.0,489.0,0.0,433.0,486.0,0.0
325,1698038965.2556412,206.0,303.0,0.0,193.0,301.0,0.0,202.0,301.0,0.0,194.0,301.0,0.0,216.0,299.0,0.0,190.0,328.0,0.0,230.0,325.0,0.0,187.0,364.0,0.0,245.0,355.0,0.0,196.0,381.0,0.0,253.0,378.0,0.0,206.0,394.0,0.0,235.0,391.0,0.0,212.0,437.0,0.0,243.0,434.0,0.0,223.0,484.0,0.0,246.0,480.0,0.0
