1.673173367914700747e+09,3.636908375432078344e+00,4.078661765426947028e+01,1.762568263473054003e+03,0.000000000000000000e+00,1.673173367986623764e+09,-5.527194532180468994e-03,6.625045341350889808e-04,1.331987936472659673e+00,-4.548886979982569301e-06
1.673173368147428513e+09,3.943891175604861132e+00,3.914970619109822536e+01,1.766805289421157795e+03,0.000000000000000000e+00,1.673173368116037130e+09,-4.753797033624049435e-03,1.753268020387695539e-04,1.332129701668385069e+00,-4.548886979982569301e-06
1.673173368814893246e+09,5.019840100547840578e+00,3.821308194022920901e+01,1.764621806387225661e+03,0.000000000000000000e+00,1.673173368616243362e+09,-5.594929032865869969e-03,-2.625667455714809570e-04,1.331855492155670673e+00,-4.548886979982569301e-06
1.673173368148287535e+09,6.403881705643219568e+00,4.245494833723986972e+01,1.757895808383233543e+03,0.000000000000000000e+00,1.673173368136790276e+09,-5.437393512666678641e-03,-4.291019847288326389e-04,1.331848434111651658e+00,-4.548886979982569301e-06
1.673173368281888962e+09,7.299264432236339140e+00,3.687036713524389597e+01,1.763241417165668508e+03,0.000000000000000000e+00,1.673173368286846638e+09,-6.233584059311150088e-03,2.164235577527574839e-04,1.331783293742843988e+00,-4.548886979982569301e-06
1.673173368382093668e+09,2.551796726501549539e+00,3.806674499500528697e+01,1.760443812375249763e+03,0.000000000000000000e+00,1.673173368386908770e+09,-5.645602643500023665e-03,-6.973724373095487386e-04,1.331919763170180460e+00,-4.548886979982569301e-06
1.673173368549107313e+09,5.054132729350767406e+00,4.165128214555186048e+01,1.761527195608782449e+03,0.000000000000000000e+00,1.673173368562378168e+09,-5.471735468759990166e-03,-3.405617695902973807e-04,1.331937991785572262e+00,-4.548886979982569301e-06
1.673173368649320602e+09,3.676059414796413627e+00,4.120963072479280953e+01,1.760325449101796494e+03,0.000000000000000000e+00,1.673173368637044191e+09,-5.977815264209887514e-03,-7.379827018072927097e-05,1.331738406179869827e+00,-4.548886979982569301e-06
1.673173368749535561e+09,2.162635552913855896e+00,4.067662563724653779e+01,1.757468712574850088e+03,0.000000000000000000e+00,1.673173368737134695e+09,-6.047854599960009701e-03,-2.099143855373037520e-05,1.331916073670614820e+00,-4.548886979982569301e-06
1.673173368883161068e+09,2.620802736233121877e+00,4.164381572458957947e+01,1.763004191616766548e+03,0.000000000000000000e+00,1.673173368887288094e+09,-5.113762782937908945e-03,-6.024820215127530548e-04,1.332170312909136900e+00,-4.548886979982569301e-06
1.673173368983384371e+09,1.328638725515428387e+00,4.070941037240537241e+01,1.759976197604790741e+03,0.000000000000000000e+00,1.673173368962467670e+09,-5.688573562497059068e-03,-3.958242551767134423e-04,1.331865674194191218e+00,-4.548886979982569301e-06
1.673173369835425854e+09,3.755280345581308410e+00,3.929875147353789799e+01,1.759691566866267522e+03,0.000000000000000000e+00,1.673173369674962759e+09,-5.609224224780223408e-03,3.217004600552112251e-04,1.332054372873265446e+00,-4.548886979982569301e-06
1.673173369216913462e+09,2.600822350245071135e+00,4.165257230838910374e+01,1.764476297405189825e+03,0.000000000000000000e+00,1.673173369237523794e+09,-5.193648521253665593e-03,-1.822792117449675148e-04,1.331949083729927263e+00,-4.548886979982569301e-06
1.673173369316941738e+09,3.727114327744064148e+00,4.183149690387868702e+01,1.757886926147704798e+03,0.000000000000000000e+00,1.673173369312483072e+09,-6.553231047692252564e-03,-3.673431309095167435e-04,1.331874849890934964e+00,-4.548886979982569301e-06
1.673173369416968822e+09,4.025004226636756499e+00,4.157438131288859040e+01,1.760595758483033933e+03,0.000000000000000000e+00,1.673173369412507057e+09,-6.078049689268330211e-03,-2.067302640900506305e-04,1.331754736420172724e+00,-4.548886979982569301e-06
1.673173369550337791e+09,1.825651876409863483e+00,4.215517516660155195e+01,1.765034081836327459e+03,0.000000000000000000e+00,1.673173369562624454e+09,-5.345042763269079386e-03,8.752395314344726951e-04,1.332129884160501598e+00,-4.548886979982569301e-06
1.673173369650364876e+09,4.655635423587228594e+00,4.060799598901148499e+01,1.768480688622754769e+03,0.000000000000000000e+00,1.673173369637624025e+09,-6.882806544906952019e-03,1.290072891308620406e-04,1.331908217967795460e+00,-4.548886979982569301e-06
1.673173369750390530e+09,3.801511646275350209e+00,4.108409056589791675e+01,1.765328892215568885e+03,0.000000000000000000e+00,1.673173369762793779e+09,-5.056688770062578095e-03,-5.632269312271370731e-04,1.332125112900867325e+00,-4.548886979982569301e-06
1.673173369850416660e+09,7.593828131256556979e+00,4.139096693565868890e+01,1.763647754491018077e+03,0.000000000000000000e+00,1.673173369862835646e+09,-5.958264184947574191e-03,-5.906374088679123766e-04,1.331718234859490924e+00,-4.548886979982569301e-06
1.673173369983783960e+09,6.262936802990753726e+00,4.195917756390156228e+01,1.768149301397205363e+03,0.000000000000000000e+00,1.673173369987847328e+09,-6.034827606480743650e-03,5.955022852376697790e-05,1.332197629899574576e+00,-4.548886979982569301e-06
1.673173370117160320e+09,2.973332011744457049e+00,4.240947041394878170e+01,1.764306886227544965e+03,0.000000000000000000e+00,1.673173370137995720e+09,-5.652860683633543007e-03,-1.793126175147928200e-04,1.331880769229623507e+00,-4.548886979982569301e-06
1.673173370217194557e+09,8.437127104873525241e+00,3.638449989011016328e+01,1.773226247504990397e+03,0.000000000000000000e+00,1.673173370213046074e+09,-6.304968205854808230e-03,-3.215392270278652834e-04,1.331703681649067272e+00,-4.548886979982569301e-06
1.673173370317229271e+09,6.697510448576654341e+00,4.031429649377395918e+01,1.768392015968063788e+03,0.000000000000000000e+00,1.673173370313060999e+09,-6.249999671654661582e-03,-1.156214922185720174e-03,1.331694017790060469e+00,-4.548886979982569301e-06
1.673173370450608253e+09,6.067897781951526959e+00,3.864424777120318311e+01,1.771708732534930050e+03,0.000000000000000000e+00,1.673173370438129425e+09,-5.990329006234768744e-03,-7.322852697668105065e-04,1.331611903399719132e+00,-4.548886979982569301e-06
1.673173370550641298e+09,7.296270070887455717e+00,4.294439748155387093e+01,1.765471157684630953e+03,0.000000000000000000e+00,1.673173370538237810e+09,-6.727504354353158397e-03,-3.866764585553029640e-04,1.331751669330188736e+00,-4.548886979982569301e-06
1.673173370684019327e+09,1.680797016172706648e+01,3.951404400713006737e+01,1.769287475049900195e+03,0.000000000000000000e+00,1.673173370688323975e+09,-5.910521974261847590e-03,5.931602294113819465e-04,1.331996612924956302e+00,-4.548886979982569301e-06
1.673173370784053087e+09,1.546763650125095246e+01,3.970073498920535826e+01,1.769738822355289358e+03,0.000000000000000000e+00,1.673173370763370037e+09,-6.003084447341610480e-03,2.890760812480682590e-04,1.331807826947323248e+00,-4.548886979982569301e-06
1.673173370884085417e+09,5.212936097098034516e+00,4.324883114666953077e+01,1.763865568862275268e+03,0.000000000000000000e+00,1.673173370888409376e+09,-6.216654246554029206e-03,-2.619180935220025153e-04,1.331707100208158190e+00,-4.548886979982569301e-06
1.673173370984118462e+09,6.215100877763084952e+00,4.132793201912182468e+01,1.764235528942115934e+03,0.000000000000000000e+00,1.673173370988497019e+09,-5.254576593452998934e-03,-4.889425811013389453e-04,1.332039077937392735e+00,-4.548886979982569301e-06
1.673173371117491722e+09,6.149135332865963477e+00,4.033036949430217533e+01,1.769011277445109954e+03,0.000000000000000000e+00,1.673173371113550901e+09,-5.127263771314578139e-03,-1.512909353843907082e-04,1.332127548327790345e+00,-4.548886979982569301e-06
1.673173371217519760e+09,6.217054379823850674e+00,4.005257597045635265e+01,1.765312475049900286e+03,0.000000000000000000e+00,1.673173371213733673e+09,-5.777651724384044035e-03,-7.721335667356275453e-04,1.332139957320002344e+00,-4.548886979982569301e-06
1.673173371317548513e+09,4.987416262481937146e+00,3.962035602989316629e+01,1.761053592814371086e+03,0.000000000000000000e+00,1.673173371313701868e+09,-5.337227497460553596e-03,-1.180166109410905537e-04,1.332146597957301504e+00,-4.548886979982569301e-06
1.673173371417575598e+09,8.692516029327270743e+00,3.849393774566486570e+01,1.759899251497006162e+03,0.000000000000000000e+00,1.673173371438768625e+09,-6.408973595359785010e-03,1.564522904103577208e-04,1.331832563654033130e+00,-4.548886979982569301e-06
1.673173371550945520e+09,8.532991679485506964e+00,3.921404558276891805e+01,1.763174950099800299e+03,0.000000000000000000e+00,1.673173371538830280e+09,-6.061818837232585411e-03,-5.216275764723093261e-04,1.331760485602932587e+00,-4.548886979982569301e-06
1.673173371650972843e+09,2.229428660769766424e+01,3.432130408955226386e+01,1.764037774451097675e+03,0.000000000000000000e+00,1.673173371663920641e+09,-6.184085790170462671e-03,-1.520352512661667446e-04,1.331824773699284981e+00,-4.548886979982569301e-06
1.673173371750998974e+09,7.338609881144355640e+00,3.471943742834763214e+01,1.762108383233533232e+03,0.000000000000000000e+00,1.673173371738976002e+09,-5.372624951681651342e-03,6.374322405896448371e-04,1.331870784084516091e+00,-4.548886979982569301e-06
1.673173371884367228e+09,1.870093392641563668e+01,4.015177551559526847e+01,1.763311826347305441e+03,0.000000000000000000e+00,1.673173371889072180e+09,-5.065786351739725094e-03,-1.946195092527615300e-04,1.332078240165759597e+00,1.045111301989365415e-05
1.673173371984393358e+09,1.744975371714161483e+01,3.791286330065967292e+01,1.763816791417165405e+03,0.000000000000000000e+00,1.673173371989123583e+09,-5.497638801432299868e-03,4.547175356468908733e-04,1.332068098684880075e+00,1.045111301989365415e-05
1.673173372844278336e+09,1.697020820412469178e+01,3.963199864223589941e+01,1.762750249500998279e+03,0.000000000000000000e+00,1.673173372642049313e+09,-4.301807319783182947e-03,-1.026167532346673392e-03,1.332016220610572788e+00,1.045111301989365415e-05
1.673173372184454679e+09,1.675742855052818214e+01,3.801916917869737489e+01,1.768739321357285462e+03,0.000000000000000000e+00,1.673173372189281464e+09,-5.688283652251002916e-03,9.528094255653336148e-05,1.331946908187184642e+00,1.045111301989365415e-05
1.673173372317822218e+09,1.627149233966318675e+01,3.969483049794764895e+01,1.764189071856287455e+03,0.000000000000000000e+00,1.673173372339376211e+09,-5.885899163255862813e-03,-2.181939971343067539e-04,1.331760569652540749e+00,1.045111301989365415e-05
1.673173372451189041e+09,1.695558267603563607e+01,3.932049224342647875e+01,1.760539121756487020e+03,0.000000000000000000e+00,1.673173372439432621e+09,-5.863386565377678647e-03,2.001297116732162970e-04,1.331925826187881245e+00,1.045111301989365415e-05
1.673173372517872334e+09,4.900970824590898722e+00,3.962763645464494289e+01,1.760204815369261496e+03,0.000000000000000000e+00,1.673173372539451361e+09,-5.281042056647250807e-03,-7.121705382916818788e-04,1.332007051893916216e+00,1.045111301989365415e-05
1.673173372617896318e+09,3.293734468745981303e+00,3.765110693590678181e+01,1.760099151696606896e+03,0.000000000000000000e+00,1.673173372614530802e+09,-5.883350941259782654e-03,-5.392852256204967026e-04,1.332016515429126136e+00,1.045111301989365415e-05
1.673173372784603119e+09,4.702828456541841007e+00,3.662901531753110618e+01,1.759726796407186157e+03,0.000000000000000000e+00,1.673173372789683819e+09,-5.039741361305248232e-03,6.407812630320345107e-04,1.331925072129848120e+00,1.045111301989365415e-05
1.673173372884625673e+09,1.703906798309126458e+01,4.252281666357624346e+01,1.757113872255489468e+03,0.000000000000000000e+00,1.673173372889761686e+09,-6.952474249902236211e-03,8.288513389118727648e-04,1.331872889561420026e+00,1.045111301989365415e-05
1.673173372951307774e+09,6.680867945585730716e+00,3.823229598132184748e+01,1.756004191616766548e+03,0.000000000000000000e+00,1.673173372939769268e+09,-5.364311747886886181e-03,1.641891618321426535e-04,1.332030476882210213e+00,1.045111301989365415e-05
1.673173373846731663e+09,6.922594131162815856e+00,3.615196244701000694e+01,1.761749900199600916e+03,0.000000000000000000e+00,1.673173373649157524e+09,-6.101680161987273372e-03,-7.270076085378572583e-04,1.331615537671159144e+00,1.045111301989365415e-05
1.673173373218039513e+09,9.170818789585098330e+00,3.893385981514546046e+01,1.755627295409181670e+03,0.000000000000000000e+00,1.673173373214952469e+09,-4.941902610636320775e-03,-1.887479120004365019e-04,1.332268848273621575e+00,1.045111301989365415e-05
1.673173373318064451e+09,1.805950509843356855e+01,4.214519125823456847e+01,1.758197904191616772e+03,0.000000000000000000e+00,1.673173373340057850e+09,-6.314294481655301390e-03,1.297612901425427429e-04,1.331929703387341402e+00,1.045111301989365415e-05
1.673173373418088198e+09,9.387208974429405828e+00,4.016226468659013449e+01,1.756409231536926427e+03,0.000000000000000000e+00,1.673173373440128088e+09,-5.644838948919480431e-03,9.334984762487423191e-04,1.332104931144302062e+00,1.045111301989365415e-05
1.673173373551452637e+09,7.791702609168320137e+00,3.842833004859190993e+01,1.757726297405189825e+03,0.000000000000000000e+00,1.673173373565256596e+09,-5.607266006230500130e-03,-4.857149112235253918e-04,1.332031318021356325e+00,1.045111301989365415e-05
1.673173373651476145e+09,9.501094595057981707e+00,4.359467800216837929e+01,1.751437375249501201e+03,0.000000000000000000e+00,1.673173373665291548e+09,-6.636636916242468626e-03,-1.097495824409700643e-03,1.331788611566434799e+00,1.045111301989365415e-05
1.673173373751497984e+09,8.787443366634729358e+00,4.061153232734614704e+01,1.756937425149700857e+03,0.000000000000000000e+00,1.673173373740435362e+09,-6.759199389829507673e-03,-2.645097617664871406e-04,1.331530857074614271e+00,1.045111301989365415e-05
1.673173373851520538e+09,8.770111220485729220e+00,4.071333097636365750e+01,1.758151646706586916e+03,0.000000000000000000e+00,1.673173373840430737e+09,-5.272145029154082577e-03,1.864952558147774109e-04,1.332037772725850777e+00,1.045111301989365415e-05
1.673173374182225704e+09,8.965494566070157489e+00,3.737130633494526677e+01,1.759558233532934537e+03,0.000000000000000000e+00,1.673173374155860186e+09,-5.655850377619843841e-03,-1.346949025285201079e-04,1.331965605013068821e+00,1.045111301989365415e-05
1.673173374849146843e+09,1.647291309803091508e+01,4.091437839691585054e+01,1.758420658682634894e+03,0.000000000000000000e+00,1.673173374655798197e+09,-5.450150614736092719e-03,7.468321671648386201e-04,1.331870649620801039e+00,1.045111301989365415e-05
1.673173374218285084e+09,8.006471508190230679e+00,3.860111785555051966e+01,1.752605389221557061e+03,0.000000000000000000e+00,1.673173374240717888e+09,-6.206876636570938383e-03,1.981683598411850163e-03,1.331953749195567971e+00,1.045111301989365415e-05
1.673173374318312645e+09,1.558205979321459189e+01,4.077428783609455110e+01,1.754012624750499299e+03,0.000000000000000000e+00,1.673173374340749979e+09,-5.679944534756617598e-03,-5.712648536283660566e-04,1.331755730967945972e+00,1.045111301989365415e-05
1.673173374451681852e+09,1.642183045171340439e+01,3.912151176885251402e+01,1.758330089820359262e+03,0.000000000000000000e+00,1.673173374465869904e+09,-5.239365979706596399e-03,4.581514189224188474e-04,1.332051251420915738e+00,1.045111301989365415e-05
1.673173374551707745e+09,1.582489137977952787e+01,3.705134704804810042e+01,1.755861277445109636e+03,0.000000000000000000e+00,1.673173374540916681e+09,-5.377874912041962288e-03,7.361540560679984829e-04,1.332015321918418538e+00,1.045111301989365415e-05
1.673173374685075760e+09,4.098041933722279317e+00,3.625183413143805922e+01,1.754583832335329589e+03,0.000000000000000000e+00,1.673173374691020250e+09,-5.562808684010239757e-03,-5.896404542199487619e-04,1.331937774334823743e+00,1.045111301989365415e-05
1.673173374785101652e+09,1.665913932421909394e+01,3.727734672888426104e+01,1.749841666666667379e+03,0.000000000000000000e+00,1.673173374791042089e+09,-5.428156251443955888e-03,-4.341965769472820244e-04,1.331954075384840896e+00,1.045111301989365415e-05
1.673173374885125875e+09,1.350636595812229501e+01,3.608227776223490935e+01,1.751707485029940017e+03,0.000000000000000000e+00,1.673173374866127729e+09,-5.624322828724024476e-03,5.367430736976774169e-04,1.331891603789667311e+00,-4.548886979982569301e-06
1.673173374985151052e+09,6.895770507659372939e+00,3.811828256228806566e+01,1.747597954091816746e+03,0.000000000000000000e+00,1.673173374966198921e+09,-5.822369911941409522e-03,1.659183668882696465e-03,1.331908741135590768e+00,-4.548886979982569301e-06
1.673173375118517160e+09,1.460680192614242934e+01,3.764660345158363697e+01,1.751599950099800708e+03,0.000000000000000000e+00,1.673173375141336441e+09,-5.576143061079015528e-03,-3.582128224815300452e-04,1.332026669451733314e+00,-4.548886979982569301e-06
1.673173375185199976e+09,1.637702875949652537e+01,3.937423665920092475e+01,1.747931636726546913e+03,0.000000000000000000e+00,1.673173375191355944e+09,-4.700599251578388080e-03,8.466110770857099288e-05,1.332166540512507158e+00,-4.548886979982569301e-06
1.673173375318564892e+09,1.535888919119554252e+01,3.446891298129808234e+01,1.749570758483034069e+03,0.000000000000000000e+00,1.673173375316504717e+09,-5.731947061332424639e-03,3.903461557843808036e-04,1.331750607095544492e+00,-4.548886979982569301e-06
1.673173375418587923e+09,1.661174206753351612e+01,3.604465577688312550e+01,1.752061127744511396e+03,0.000000000000000000e+00,1.673173375417181492e+09,-5.091021734912955406e-03,1.019219891282284983e-03,1.331903668323769940e+00,-4.548886979982569301e-06
1.673173375551951408e+09,8.300850161953173156e+00,3.657302417617770374e+01,1.751460728542914239e+03,0.000000000000000000e+00,1.673173375541545391e+09,-5.015880593598916019e-03,1.165334354778183035e-03,1.331973696134006069e+00,-4.548886979982569301e-06
1.673173375651973963e+09,9.334441367914417143e+00,4.105787895512947472e+01,1.753034530938124135e+03,0.000000000000000000e+00,1.673173375641682625e+09,-6.170541743464873739e-03,5.931389186334835167e-04,1.331924194051365973e+00,-4.548886979982569301e-06
1.673173375751995087e+09,9.327751638164786030e+00,3.888395712504930657e+01,1.752966616766467041e+03,0.000000000000000000e+00,1.673173375741754293e+09,-5.336687235735008451e-03,1.704343778303144680e-04,1.332021549537415028e+00,-4.548886979982569301e-06
1.673173375852016926e+09,1.067606318439981372e+01,4.011535177309762190e+01,1.754771906187625063e+03,0.000000000000000000e+00,1.673173375866844177e+09,-6.216878585478328480e-03,1.152799615317323494e-03,1.332042324651245835e+00,-4.548886979982569301e-06
1.673173375985377550e+09,1.197387222939724971e+01,4.105911649469282310e+01,1.750409680638722648e+03,0.000000000000000000e+00,1.673173375991933823e+09,-5.987237748541493834e-03,1.443921417676087213e-03,1.332035438352717760e+00,-4.548886979982569301e-06
1.673173376854001045e+09,9.448139973124161983e+00,4.095590686023350457e+01,1.755256886227545237e+03,0.000000000000000000e+00,1.673173376920583725e+09,-5.991977153623731685e-03,7.500373976154894179e-04,1.331977831128974055e+00,-4.548886979982569301e-06
1.673173376218771935e+09,1.439412270121945170e+01,3.730104497422829724e+01,1.755779990019960223e+03,0.000000000000000000e+00,1.673173376217128038e+09,-5.380066794725889452e-03,6.802944928543767922e-05,1.331979683527395375e+00,-4.548886979982569301e-06
1.673173376318800926e+09,1.280268013348050715e+01,4.474506326772866061e+01,1.755124251497006298e+03,0.000000000000000000e+00,1.673173376317178249e+09,-4.775474398317395598e-03,2.943331176583248443e-05,1.332158040722678738e+00,-4.548886979982569301e-06
1.673173376418828487e+09,1.269779048829965440e+01,4.131336342987956556e+01,1.754801447105788611e+03,0.000000000000000000e+00,1.673173376442232370e+09,-6.758066265986870623e-03,4.357340241531951902e-04,1.331694769406337908e+00,-4.548886979982569301e-06
1.673173376552198410e+09,1.334015073317626765e+01,3.854716572404204555e+01,1.754156012974051919e+03,0.000000000000000000e+00,1.673173376542300940e+09,-5.481535595964164356e-03,9.878529984590940505e-04,1.332001061827982724e+00,-4.548886979982569301e-06
1.673173376652226210e+09,1.298971319415052328e+01,3.952878058282007601e+01,1.754181636726547140e+03,0.000000000000000000e+00,1.673173376667409420e+09,-7.228380433241777918e-03,1.045926028395679011e-03,1.331771635409553678e+00,-4.548886979982569301e-06
1.673173376752252340e+09,1.242412087730795456e+01,3.924691982440599958e+01,1.756849101796407240e+03,0.000000000000000000e+00,1.673173376742480993e+09,-4.973829664419553154e-03,8.378068282873180408e-04,1.332180367365996432e+00,-4.548886979982569301e-06
1.673173376852279425e+09,1.066182285710029554e+01,3.964965400961601460e+01,1.758297854291417480e+03,0.000000000000000000e+00,1.673173376842551708e+09,-6.238424614404096402e-03,3.562260815343247164e-04,1.332136312715937798e+00,-4.548886979982569301e-06
1.673173376985647440e+09,6.938758959895952927e+00,3.970223565117909459e+01,1.757157235528942465e+03,0.000000000000000000e+00,1.673173376992599249e+09,-5.912711601286254476e-03,1.000025646276745533e-03,1.332144912235328826e+00,-4.548886979982569301e-06
1.673173377856778622e+09,7.863108261407186994e+00,4.297940729435867269e+01,1.755530838323353464e+03,0.000000000000000000e+00,1.673173377676693439e+09,-5.975134049132004022e-03,8.718010838640955287e-04,1.332006272734657326e+00,-4.548886979982569301e-06
1.673173377219049454e+09,6.860381442506341187e+00,3.816586451880584718e+01,1.758721756487026141e+03,0.000000000000000000e+00,1.673173377218176126e+09,-5.642740585176076254e-03,-7.162776053183167110e-04,1.331874798558334350e+00,-4.548886979982569301e-06
1.673173377319078207e+09,1.100686679073443841e+01,4.242643933956365032e+01,1.759064870259481040e+03,0.000000000000000000e+00,1.673173377342856646e+09,-5.137542323347510376e-03,2.981704156148814316e-04,1.332290828134974792e+00,-4.548886979982569301e-06
1.673173377452448368e+09,2.638101328095565190e+00,4.076437160469617993e+01,1.761251896207584878e+03,0.000000000000000000e+00,1.673173377442928076e+09,-5.421357041263952237e-03,-1.574571458935226931e-05,1.331901855400393853e+00,-4.548886979982569301e-06
1.673173377552475214e+09,1.742992418244431185e+00,4.235611546742120481e+01,1.757258133732535043e+03,0.000000000000000000e+00,1.673173377542955875e+09,-5.241894279208717325e-03,1.997885584706215328e-04,1.331917009180340505e+00,-4.548886979982569301e-06
1.673173377652502537e+09,4.597851067131450975e+00,3.665106443890083199e+01,1.759738897205588955e+03,0.000000000000000000e+00,1.673173377668159246e+09,-5.785193050500444210e-03,1.629813631486599912e-04,1.331848876163824080e+00,-4.548886979982569301e-06
1.673173377719186783e+09,5.914682574794842829e+00,4.236420251113865021e+01,1.760506936127744893e+03,0.000000000000000000e+00,1.673173377718099117e+09,-6.509845514342203592e-03,4.092972764842975689e-04,1.331860077774337459e+00,-4.548886979982569301e-06
1.673173377852555037e+09,6.007377314319028550e+00,4.017182753078260049e+01,1.764610978043912382e+03,0.000000000000000000e+00,1.673173377843147039e+09,-5.502165097653457203e-03,9.897573562109608647e-04,1.332306605614368200e+00,-4.548886979982569301e-06
1.673173377952579737e+09,1.274148277863769785e+01,3.806103271838661328e+01,1.770318762475050107e+03,0.000000000000000000e+00,1.673173377943174839e+09,-5.163121747432840129e-03,4.147923827293557852e-04,1.332026760695534051e+00,-4.548886979982569301e-06
1.673173378526039600e+09,1.724555458303964617e+00,4.318547147901947625e+01,1.762069311377245413e+03,0.000000000000000000e+00,1.673173378683081150e+09,-5.238127774673057881e-03,-3.016006256653918499e-04,1.332057914386871822e+00,-4.548886979982569301e-06
1.673173378152633429e+09,5.788808471288262147e+00,4.070417321358033291e+01,1.762305738522954471e+03,0.000000000000000000e+00,1.673173378143322229e+09,-6.694635358502906176e-03,-4.033723651610159402e-04,1.331771229680227986e+00,-4.548886979982569301e-06
1.673173378286006212e+09,5.382018903566472723e+00,3.975963006462451688e+01,1.767825598802395234e+03,0.000000000000000000e+00,1.673173378293369532e+09,-5.322174235733642504e-03,1.012441623416844398e-03,1.332073082823842070e+00,-4.548886979982569301e-06
1.673173378386035919e+09,1.288626444155284467e+01,3.989340383221814079e+01,1.767562874251496851e+03,0.000000000000000000e+00,1.673173378368507862e+09,-5.009245374588369715e-03,2.388794047247008029e-05,1.332026171358008826e+00,-4.548886979982569301e-06
1.673173378486064196e+09,1.338942081790862160e+00,4.080223780845470571e+01,1.773697604790419064e+03,0.000000000000000000e+00,1.673173378493532896e+09,-5.517641282588539586e-03,-2.260904492795787896e-04,1.331989621701999083e+00,-4.548886979982569301e-06
1.673173378586092949e+09,-1.476076235957950455e-01,3.802650838068922923e+01,1.771052245508981969e+03,0.000000000000000000e+00,1.673173378593534946e+09,-4.389145896118818585e-03,-5.450355282794021317e-04,1.332450761907211678e+00,-4.548886979982569301e-06
1.673173378719463587e+09,3.871312919282745124e+00,4.468510486531619819e+01,1.766631287425149822e+03,0.000000000000000000e+00,1.673173378718683958e+09,-4.976549314634301502e-03,5.585080537198880077e-04,1.331857113916620428e+00,-4.548886979982569301e-06
1.673173378852833509e+09,-3.312848798671731987e-01,4.179703569041603117e+01,1.773775573852295565e+03,0.000000000000000000e+00,1.673173378868814230e+09,-5.287788320866078362e-03,6.180592639348598746e-04,1.332071442173343945e+00,-4.548886979982569301e-06
1.673173378952860117e+09,-1.631757552220123308e+00,4.127812887091460681e+01,1.770001197604790605e+03,0.000000000000000000e+00,1.673173378943810940e+09,-6.665262127602963708e-03,6.442503087835073014e-04,1.331607559335330260e+00,-4.548886979982569301e-06
1.673173379862290859e+09,8.898480121236838514e+00,4.105348553059560146e+01,1.774548752495009921e+03,0.000000000000000000e+00,1.673173379938546658e+09,-6.260591836876727885e-03,6.573393019224885864e-05,1.331683512167338934e+00,-4.548886979982569301e-06
1.673173379219597340e+09,7.349513639929758035e+00,4.082810530704327334e+01,1.776184131736526751e+03,0.000000000000000000e+00,1.673173379218916655e+09,-6.166484716656217731e-03,-1.472770657661662957e-05,1.331740719009433471e+00,-4.548886979982569301e-06
1.673173379319623470e+09,-5.195877154886234806e+00,3.860254239159781520e+01,1.774881187624750737e+03,0.000000000000000000e+00,1.673173379318924427e+09,-6.117411217024245479e-03,1.205366082760181770e-04,1.331832998777453092e+00,1.045111301989365415e-05
1.673173379419648170e+09,7.240517355277699352e+00,3.954671313032338276e+01,1.768924550898203734e+03,0.000000000000000000e+00,1.673173379418992519e+09,-5.683708669271578251e-03,6.940349865004269772e-04,1.332087099966182020e+00,1.045111301989365415e-05
1.673173379553014755e+09,-2.030144119928979585e+00,4.027468895308795993e+01,1.765959505988023921e+03,0.000000000000000000e+00,1.673173379544020891e+09,-5.401577559117157375e-03,3.801064976964993111e-04,1.332156804287651708e+00,1.045111301989365415e-05
1.673173379686380386e+09,-2.170682233050551080e+00,4.165345725109823150e+01,1.772343612774451231e+03,0.000000000000000000e+00,1.673173379694110394e+09,-6.124760869437440372e-03,4.806387847783744754e-05,1.331961866106101011e+00,1.045111301989365415e-05
1.673173379786404610e+09,6.092544637846086353e+00,4.619732389262468786e+01,1.766336477045908396e+03,0.000000000000000000e+00,1.673173379769142151e+09,-5.031663817607410182e-03,-9.776151365425457540e-05,1.331766717481458917e+00,1.045111301989365415e-05
1.673173379886427402e+09,7.061344228895812591e+00,4.159256278252965444e+01,1.767326896207585150e+03,0.000000000000000000e+00,1.673173379869180918e+09,-4.434394285393818309e-03,5.734015839084869587e-04,1.332262495290446935e+00,1.045111301989365415e-05
1.673173379986450911e+09,9.385475419336351877e+00,3.950297047772794912e+01,1.766445608782435329e+03,0.000000000000000000e+00,1.673173379994283438e+09,-5.682511181049366804e-03,7.018230270161079573e-04,1.331864992607029174e+00,1.045111301989365415e-05
1.673173380864777565e+09,8.816703892884433458e+00,4.409260760737340945e+01,1.765159331337325511e+03,0.000000000000000000e+00,1.673173380943088055e+09,-5.393582758527716396e-03,-6.877872839347520459e-04,1.331965997294413340e+00,1.045111301989365415e-05
1.673173380219846487e+09,7.046138496807320628e+00,4.195055308656849036e+01,1.762537574850299279e+03,0.000000000000000000e+00,1.673173380244462013e+09,-5.436762205084441114e-03,9.561117805358468336e-05,1.332234044891046798e+00,1.045111301989365415e-05
1.673173380319873095e+09,6.355153818938204857e+00,4.312986911977718307e+01,1.764342764471057762e+03,0.000000000000000000e+00,1.673173380319435596e+09,-5.209143849962794004e-03,4.484544067100788498e-04,1.332270917571616309e+00,1.045111301989365415e-05
1.673173380419898272e+09,4.166436700382368130e+00,3.945248868396385689e+01,1.764615718562874463e+03,0.000000000000000000e+00,1.673173380419514894e+09,-4.961989747929320890e-03,-9.303964959622105374e-05,1.332102603195597368e+00,1.045111301989365415e-05
1.673173380553265095e+09,3.903145625815262143e+00,4.301807975932822359e+01,1.762470608782435193e+03,0.000000000000000000e+00,1.673173380544549465e+09,-5.431872768177944781e-03,-4.184452169662712662e-04,1.331990569159947180e+00,1.045111301989365415e-05
1.673173380686631441e+09,4.036842124090532558e+00,4.207834735703323048e+01,1.759850748502994065e+03,0.000000000000000000e+00,1.673173380694702387e+09,-6.454124636970535664e-03,8.761380973994958507e-04,1.331869212058040652e+00,1.045111301989365415e-05
1.673173380786655664e+09,2.586937440818610323e+00,4.157392355966220521e+01,1.772742165668662665e+03,0.000000000000000000e+00,1.673173380769960642e+09,-5.302710841350718671e-03,-1.495118712257423321e-04,1.332312236908486103e+00,1.045111301989365415e-05
1.673173380886679173e+09,3.627300778373927947e+00,4.083641473915528053e+01,1.773977495009980430e+03,0.000000000000000000e+00,1.673173380869706631e+09,-6.121611141499708544e-03,2.345685334028931382e-04,1.331712048007714255e+00,1.045111301989365415e-05
1.673173380986702919e+09,4.519833436333609455e+00,4.513545599619881443e+01,1.771727295409181806e+03,0.000000000000000000e+00,1.673173380994790316e+09,-5.870086106655883831e-03,3.166565641773222764e-04,1.332029937241673290e+00,1.045111301989365415e-05
1.673173381120066881e+09,2.952023059544697681e+00,4.172439373403314278e+01,1.775578043912175644e+03,0.000000000000000000e+00,1.673173381144885063e+09,-5.623126251520660195e-03,1.673291327802766196e-03,1.332219361068410990e+00,1.045111301989365415e-05
1.673173381253430128e+09,7.949024319921435655e+00,3.957986485724043746e+01,1.777033532934131699e+03,0.000000000000000000e+00,1.673173381244916916e+09,-5.577437873524297360e-03,5.217344566491770655e-04,1.332057099077586404e+00,1.045111301989365415e-05
1.673173381353451967e+09,7.329266522295450947e+00,4.791068561021619132e+01,1.773235179640718343e+03,0.000000000000000000e+00,1.673173381369975328e+09,-6.976456460915624914e-03,5.568978367004092517e-04,1.332070192005431419e+00,1.045111301989365415e-05
1.673173381453473806e+09,1.041950041084225376e+01,4.578694386648198389e+01,1.769793013972056087e+03,0.000000000000000000e+00,1.673173381445058107e+09,-5.620653934416668801e-03,5.050748355324898714e-04,1.331984396069450405e+00,1.045111301989365415e-05
1.673173381586835146e+09,9.626825924646505328e+00,4.246818976383582367e+01,1.778602744510978027e+03,0.000000000000000000e+00,1.673173381595104694e+09,-5.988234030327815177e-03,5.426380707851223562e-05,1.331961277155572887e+00,1.045111301989365415e-05
1.673173381686855078e+09,1.151825379279461714e+01,4.717369149327718247e+01,1.775657135728543153e+03,0.000000000000000000e+00,1.673173381695206165e+09,-5.365265674203009531e-03,5.127009444452212961e-04,1.331993284065885019e+00,1.045111301989365415e-05
1.673173381786875486e+09,1.040618708628534250e+01,4.305560940842885032e+01,1.776232185628742400e+03,0.000000000000000000e+00,1.673173381770267963e+09,-5.788035873111407360e-03,-4.675085850876876600e-04,1.331837186510700599e+00,1.045111301989365415e-05
1.673173381886894226e+09,1.078470244159614566e+01,4.313942253386510117e+01,1.780357235528942510e+03,0.000000000000000000e+00,1.673173381870305777e+09,-5.844407993488863473e-03,8.040905405876583312e-04,1.331903529082349769e+00,1.045111301989365415e-05
1.673173382202527046e+09,1.856389158930328875e+01,4.245439079874820010e+01,1.779092664670658451e+03,0.000000000000000000e+00,1.673173381995376825e+09,-6.133728499692547506e-03,-6.377423674387462660e-04,1.331752344502217911e+00,1.045111301989365415e-05
1.673173382120274544e+09,1.962318254493392189e+01,4.160048614291998348e+01,1.778479191616766684e+03,0.000000000000000000e+00,1.673173382120481253e+09,-6.515843275974971503e-03,-1.553478375570290643e-04,1.331921490638044991e+00,1.045111301989365415e-05
1.673173382253644705e+09,1.753653751727776111e+01,4.394090259828052325e+01,1.777269660678642822e+03,0.000000000000000000e+00,1.673173382270532131e+09,-6.185183075722600413e-03,3.862043732580366928e-06,1.331853781660760294e+00,-4.548886979982569301e-06
1.673173382353671074e+09,1.793568735671193437e+01,4.397976266669282097e+01,1.778865968063872288e+03,0.000000000000000000e+00,1.673173382345577478e+09,-6.420857133723784083e-03,3.361690504410218966e-04,1.331812807918776098e+00,-4.548886979982569301e-06
1.673173382453698158e+09,1.785313751980160646e+01,4.201615156731617873e+01,1.781166417165668690e+03,0.000000000000000000e+00,1.673173382445628166e+09,-6.150350110453137696e-03,8.092480321699475204e-04,1.331695984496333862e+00,-4.548886979982569301e-06
1.673173382553723812e+09,1.661319270760021638e+01,4.082118712947521288e+01,1.778004266467065918e+03,0.000000000000000000e+00,1.673173382545674086e+09,-5.663111481157725828e-03,-2.549561644554455483e-04,1.332066408480944153e+00,-4.548886979982569301e-06
1.673173382687091589e+09,9.004543207409188454e+00,4.011783527312408637e+01,1.790572804391217460e+03,0.000000000000000000e+00,1.673173382670894861e+09,-6.005437772555718805e-03,4.890534127790589075e-04,1.332091674354771271e+00,-4.548886979982569301e-06
1.673173382787117243e+09,9.345210502866773794e+00,4.287301554320102781e+01,1.787481536926147555e+03,0.000000000000000000e+00,1.673173382770880699e+09,-5.684693326529027119e-03,1.436671002224011381e-03,1.332210823957621360e+00,-4.548886979982569301e-06
1.673173382887141705e+09,1.906203254770987243e+01,4.769231569078069555e+01,1.781404890219560912e+03,0.000000000000000000e+00,1.673173382895935059e+09,-5.422857028506828519e-03,3.062325437875983158e-05,1.331911541169236379e+00,-4.548886979982569301e-06
1.673173382987166405e+09,8.776831700956902793e+00,4.711835315438484884e+01,1.786470059880239205e+03,0.000000000000000000e+00,1.673173382995977879e+09,-5.413717778346476862e-03,2.314781900072558282e-04,1.331939130877408006e+00,-4.548886979982569301e-06
1.673173383871899128e+09,1.060411011427789951e+01,4.837186616197710265e+01,1.785904740518962171e+03,0.000000000000000000e+00,1.673173383960192442e+09,-5.908626379415199935e-03,4.542617414766475167e-04,1.331846909848112714e+00,-4.548886979982569301e-06
1.673173383187216520e+09,1.034938563491842167e+01,4.805079009617458041e+01,1.785343512974051919e+03,0.000000000000000000e+00,1.673173383171159744e+09,-5.661815695774406569e-03,5.703880114468883739e-04,1.332000966828447597e+00,-4.548886979982569301e-06
1.673173383287241459e+09,1.654620259673986515e+00,4.463666822210596052e+01,1.783532035928144069e+03,0.000000000000000000e+00,1.673173383296950579e+09,-7.516673712607332275e-03,-5.931313936914754670e-04,1.331658957542276145e+00,-4.548886979982569301e-06
1.673173383420608044e+09,1.196532343461917591e+01,4.695827529409854151e+01,1.787629341317365288e+03,0.000000000000000000e+00,1.673173383396233082e+09,-5.219511593414072684e-03,-5.006481324177584208e-05,1.332009350990914331e+00,-4.548886979982569301e-06
1.673173383520633221e+09,1.221035635204164649e+01,4.428840478335870756e+01,1.783823852295409324e+03,0.000000000000000000e+00,1.673173383521325588e+09,-5.742135576781185954e-03,3.983273359688434268e-04,1.331991578533593179e+00,-4.548886979982569301e-06
1.673173383620656967e+09,1.250682817160484461e+01,4.577236524796263950e+01,1.782583932135728446e+03,0.000000000000000000e+00,1.673173383621353626e+09,-5.800370786977119761e-03,-2.743169102058413966e-04,1.331998287679880155e+00,-4.548886979982569301e-06
1.673173383720681190e+09,1.277098955172817618e+01,4.488716356101753746e+01,1.786780688622754496e+03,0.000000000000000000e+00,1.673173383696551085e+09,-5.079693208985608041e-03,9.250693995679079920e-04,1.332037756826910835e+00,-4.548886979982569301e-06
1.673173383854045391e+09,1.358687600315431965e+01,4.363740661522859199e+01,1.780542614770459522e+03,0.000000000000000000e+00,1.673173383846526861e+09,-5.938184995975398506e-03,-7.890660650130649698e-04,1.331780866953520714e+00,-4.548886979982569301e-06
1.673173383987408638e+09,1.172668876605697186e+01,4.603495359153487954e+01,1.779785728542914512e+03,0.000000000000000000e+00,1.673173383996660471e+09,-5.355216917788977078e-03,1.251556959502540811e-04,1.332043703256857059e+00,-4.548886979982569301e-06
1.673173384874896049e+09,1.228311417311594766e+01,3.694820512050279859e+01,1.784741916167664613e+03,0.000000000000000000e+00,1.673173384966740608e+09,-6.749978652692014379e-03,-6.111282914026822111e-04,1.331737886700462337e+00,-4.548886979982569301e-06
1.673173384187603235e+09,1.128428075211486892e+01,4.798317306499406953e+01,1.778547779441117882e+03,0.000000000000000000e+00,1.673173384196755648e+09,-5.639042296178221197e-03,1.139458570089133330e-03,1.332086979665859650e+00,-4.548886979982569301e-06
1.673173384287718773e+09,1.179006079891662573e+01,4.462239786837185562e+01,1.783501946107784306e+03,0.000000000000000000e+00,1.673173384271798372e+09,-4.237306213016423656e-03,9.391063329286537115e-04,1.332229452263295588e+00,-4.548886979982569301e-06
1.673173384387838125e+09,8.215787999383691087e+00,4.364323846399279461e+01,1.778383982035928057e+03,0.000000000000000000e+00,1.673173384371899605e+09,-5.745239733810571410e-03,-8.815929833270782362e-04,1.331915673831157276e+00,-4.548886979982569301e-06
1.673173384521334648e+09,8.244165905480956624e+00,4.322410448808746253e+01,1.779118762475049834e+03,0.000000000000000000e+00,1.673173384496941328e+09,-5.463833338145353269e-03,4.193718681103448739e-04,1.332077241020101388e+00,-4.548886979982569301e-06
1.673173384621459723e+09,8.232660119058289538e+00,4.867698909494895787e+01,1.777692614770458931e+03,0.000000000000000000e+00,1.673173384597037554e+09,-5.058059087550881641e-03,5.921279197784049333e-04,1.332060381211392031e+00,-4.548886979982569301e-06
1.673173384721588850e+09,9.374655163854104245e+00,4.469193615182010149e+01,1.784437674650698682e+03,0.000000000000000000e+00,1.673173384722093105e+09,-5.893436448551264001e-03,-5.573746096132438030e-04,1.331808223201663255e+00,-4.548886979982569301e-06
1.673173384821719646e+09,8.124259683811066779e+00,3.912853301691089314e+01,1.785093363273453178e+03,0.000000000000000000e+00,1.673173384822144747e+09,-7.000478097805058406e-03,-3.756672343798068969e-04,1.331538523115496586e+00,-4.548886979982569301e-06
1.673173384921854734e+09,6.680437684408791377e+00,4.441691265235647990e+01,1.779313473053892267e+03,0.000000000000000000e+00,1.673173384922191381e+09,-5.999605583749605814e-03,1.374974699079309359e-03,1.332018627799236743e+00,-4.548886979982569301e-06
1.673173385219609737e+09,-4.886145641959076968e+00,4.106150863483972557e+01,1.785483233532934037e+03,0.000000000000000000e+00,1.673173384997259378e+09,-5.066739352937096007e-03,1.532978123277415131e-03,1.332184561548512836e+00,-4.548886979982569301e-06
1.673173385122008562e+09,5.796332790406422575e+00,4.151548892024417370e+01,1.784291117764471210e+03,0.000000000000000000e+00,1.673173385972858906e+09,-5.438566522684951457e-03,1.039518739672689977e-03,1.331998589116490717e+00,-4.548886979982569301e-06
1.673173385222055197e+09,4.485496833223120206e+00,4.084838677798277473e+01,1.785874850299401487e+03,0.000000000000000000e+00,1.673173385222544193e+09,-5.330776498858399645e-03,2.891175056608501909e-04,1.331984447380272663e+00,-4.548886979982569301e-06
1.673173385355451345e+09,3.885850851179800891e+00,4.214209299071617210e+01,1.784874900199600688e+03,0.000000000000000000e+00,1.673173385372391462e+09,-5.078209970902044720e-03,-8.743394935734980639e-04,1.331924804491395387e+00,-4.548886979982569301e-06
1.673173385455499172e+09,4.435694099345146135e+00,4.195078707261903617e+01,1.783667714570858379e+03,0.000000000000000000e+00,1.673173385447420120e+09,-6.345598868601371421e-03,6.221037030831443743e-04,1.331807711876264122e+00,-4.548886979982569301e-06
1.673173385555546284e+09,4.503784959633654772e+00,4.507419103219798018e+01,1.779407684630738459e+03,0.000000000000000000e+00,1.673173385572507143e+09,-6.395516189724354678e-03,-3.009524553008440656e-04,1.331811560709693643e+00,-4.548886979982569301e-06
1.673173385622244835e+09,3.584063158138880212e+00,4.096343103252505102e+01,1.780142614770459431e+03,0.000000000000000000e+00,1.673173385622615814e+09,-6.132511837334971537e-03,2.622490653762573481e-04,1.331777210611349460e+00,-4.548886979982569301e-06
1.673173385788991690e+09,-7.463768123307348290e+00,3.754561988446663179e+01,1.781588223552894078e+03,0.000000000000000000e+00,1.673173385798927069e+09,-5.853995891089128559e-03,-1.632821860455494628e-04,1.332367595847433694e+00,-4.548886979982569301e-06
1.673173385889039040e+09,-5.287748683537413008e+00,4.446401288868392498e+01,1.777225149700599104e+03,0.000000000000000000e+00,1.673173385897700548e+09,-6.629730929662012648e-03,-4.387094891838971833e-05,1.331954343033717292e+00,-4.548886979982569301e-06
1.673173385989086628e+09,-5.254488451136133165e+00,3.901078136716544975e+01,1.780958408183632855e+03,0.000000000000000000e+00,1.673173385997703314e+09,-5.602061018428624271e-03,-5.134601404633287736e-04,1.332074689038958315e+00,-4.548886979982569301e-06
1.673173386122480392e+09,-4.751990377594522030e+00,4.442930686428427123e+01,1.776800049900199610e+03,0.000000000000000000e+00,1.673173386122805834e+09,-5.457715361306313996e-03,-3.503936151788393516e-04,1.331945755763097594e+00,1.045111301989365415e-05
1.673173386222525358e+09,-7.947462358859901599e+00,4.220329753924652039e+01,1.782469411177644815e+03,0.000000000000000000e+00,1.673173386197836161e+09,-4.930625631893744906e-03,-6.097749598882058059e-05,1.332052477065701623e+00,1.045111301989365415e-05
1.673173386389268637e+09,-7.151222565883560200e+00,4.116598630163090888e+01,1.784094710578842523e+03,0.000000000000000000e+00,1.673173386398183107e+09,-4.810200500787669732e-03,1.021207601477276510e-03,1.332142497022298810e+00,1.045111301989365415e-05
