1.697864875901087523e+09,1.359635593524246133e+03,-2.924177648458278895e+02,7.366263448103795781e+03,0.000000000000000000e+00,1.697864876213912249e+09,1.004810515509713120e-04,-1.300227432207467452e-03,3.852417936349073922e-04,-6.767947846597621719e-07
1.697864876130956888e+09,1.321436712440754718e+03,-2.954319357514601734e+02,7.142758483033933771e+03,0.000000000000000000e+00,1.697864876388931990e+09,6.964189652939878350e-04,2.140837789236835318e-04,1.163241911865862493e-04,-6.767947846597621719e-07
1.697864876168560505e+09,1.318350283550465292e+03,-2.985884669756464973e+02,7.109124750499006041e+03,0.000000000000000000e+00,1.697864876563971281e+09,1.993467420117828182e-03,5.125438188714406687e-04,-2.432938164752603157e-04,-6.767947846597621719e-07
1.697864876302470684e+09,1.256019585988282415e+03,-2.666744487575041944e+02,6.758130314371261193e+03,0.000000000000000000e+00,1.697864876764003038e+09,1.220193701374910900e-03,7.591727782689406279e-04,-1.936988806883063405e-04,-6.767947846597621719e-07
1.697864876503061533e+09,1.274329998641912880e+03,-2.538666332790982381e+02,6.774378293413177744e+03,0.000000000000000000e+00,1.697864876913899183e+09,5.000691405113999455e-04,-6.568901676011262630e-04,3.065775662083684286e-04,-6.767947846597621719e-07
1.697864876570102453e+09,1.236928973335649289e+03,-2.438272689667823840e+02,6.562205164670661361e+03,0.000000000000000000e+00,1.697864877639201403e+09,-4.080937399418560485e-04,-3.925929765459451669e-04,5.099739113552160158e-05,-6.767947846597621719e-07
1.697864876737312555e+09,1.272129600512060051e+03,-2.179596148141378364e+02,6.602427994011978626e+03,0.000000000000000000e+00,1.697864877238965750e+09,6.493690976091259781e-04,8.895727336729569550e-04,-2.580955973190460738e-04,-6.767947846597621719e-07
1.697864876904597521e+09,1.270861023060605248e+03,-2.352754800268446331e+02,6.461019610778446804e+03,0.000000000000000000e+00,1.697864877363917112e+09,1.909369626899554140e-03,5.733363864697732038e-04,-2.441505507659311788e-04,-6.767947846597621719e-07
1.697864877673948526e+09,1.223075597321676696e+03,-2.722609241753472702e+02,5.964510603792418806e+03,0.000000000000000000e+00,1.697864877938992500e+09,9.103564854971157860e-04,1.038083034707978951e-04,-1.130211904797391603e-04,-6.767947846597621719e-07
1.697864877941482544e+09,3.907170204554461748e+02,-6.886698728806902636e+01,1.888134431137725414e+03,0.000000000000000000e+00,1.697864878213982582e+09,8.877960400979767464e-04,3.375342912103096210e-04,-7.695816269173495251e-05,-6.767947846597621719e-07
1.697864878577082634e+09,1.241757612976834025e+03,-2.881791437117339569e+02,6.198685479041919280e+03,0.000000000000000000e+00,1.697864878889036179e+09,5.871872130356614594e-04,3.353925262140569782e-04,-7.662916814962706291e-05,-6.767947846597621719e-07
1.697864885267142534e+09,1.446883876246738055e+03,-2.772787706294968189e+02,8.055642315369266726e+03,0.000000000000000000e+00,1.697864885563906193e+09,1.301795199502131517e-03,6.200648445314333162e-04,-3.046211872741431156e-04,-6.767947846597621719e-07
1.697864885400892496e+09,1.414840643888716386e+03,-3.227640225822482876e+02,8.520369910179644648e+03,0.000000000000000000e+00,1.697864885713909388e+09,-8.569115203255206481e-05,-1.102141326099737143e-04,1.331595016738630860e-04,-6.767947846597621719e-07
1.697864885568143606e+09,1.205584423616752701e+03,-3.666077267522020406e+02,8.107729965069864193e+03,0.000000000000000000e+00,1.697864885838982105e+09,-8.597595067547092462e-05,-5.700516868414473451e-04,2.668744226300462006e-04,-6.767947846597621719e-07
1.697864885635146618e+09,1.120611382938046063e+03,-3.659716460728779452e+02,7.874847405189623714e+03,0.000000000000000000e+00,1.697864885938929796e+09,-1.996406434001951613e-04,4.909714825087638321e-04,4.597102301918621145e-05,-6.767947846597621719e-07
1.697864885902649641e+09,9.183734273911900345e+02,-3.311750907263217414e+02,7.999415918163676906e+03,0.000000000000000000e+00,1.697864886238914728e+09,-2.929531510189598009e-04,-1.485319621977488095e-04,2.425595467989328396e-04,-6.767947846597621719e-07
1.697864886304150581e+09,6.574476273843798708e+02,-3.704311785010984863e+02,8.687295359281439232e+03,0.000000000000000000e+00,1.697864886639067888e+09,1.713715019772604764e-03,1.054600948783317258e-03,-4.193332334729608858e-04,-6.767947846597621719e-07
1.697864886504778624e+09,4.828527802074939927e+02,-4.206579204838752162e+02,9.510717989021961330e+03,0.000000000000000000e+00,1.697864886788971663e+09,8.286546162279417871e-04,8.455848792028690646e-04,-3.207233856960588301e-04,-6.767947846597621719e-07
1.697864886805906534e+09,1.311007095912934801e+02,-4.275834124447243880e+02,9.756519710578848390e+03,0.000000000000000000e+00,1.697864887388821363e+09,3.329282623261153873e-04,1.947136524019304972e-04,-1.939819049670299411e-04,-6.767947846597621719e-07
1.697864887735355616e+09,-1.167626370126512825e+02,-4.090503464582938591e+02,9.724604890219563458e+03,0.000000000000000000e+00,1.697864887363889694e+09,-9.294601323345530464e-04,-4.940565856299478434e-04,1.608431467742406612e-04,-6.767947846597621719e-07
1.697864887173784494e+09,-2.018979096750314284e+02,-4.820136276848298280e+02,1.003123740019960314e+04,0.000000000000000000e+00,1.697864887413889408e+09,9.605499683629781238e-04,7.810729273678112920e-04,-2.584789897135654165e-04,-6.767947846597621719e-07
1.697864887341037512e+09,-3.874934914134497603e+02,-4.218440649320284592e+02,9.854753842315372822e+03,0.000000000000000000e+00,1.697864887588884592e+09,2.464756294576209150e-03,1.725792803922392930e-03,-5.204999192052843764e-04,-6.767947846597621719e-07
1.697864887876295567e+09,-8.521179677692102814e+02,-4.378802442566838522e+02,1.009356726546906611e+04,0.000000000000000000e+00,1.697864888163875580e+09,2.502930772307121465e-03,4.536217542697654334e-04,-3.757862610316394154e-04,-6.767947846597621719e-07
1.697864888435435772e+09,-8.979783493322258892e+02,-4.180774358477041233e+02,9.880472554890224274e+03,0.000000000000000000e+00,1.697864888313904285e+09,-1.392643041234264967e-03,-9.461419433071272141e-05,2.148810982429128806e-06,-6.767947846597621719e-07
1.697864888110416651e+09,-9.228704278362328068e+02,-4.454980551847704078e+02,9.696877569860283984e+03,0.000000000000000000e+00,1.697864888413852930e+09,1.713659729643185470e-03,7.784308375308230006e-04,-3.262007508044926477e-04,-6.767947846597621719e-07
1.697864888311167479e+09,-9.689942554679654450e+02,-4.210632493605253330e+02,9.585298702594815040e+03,0.000000000000000000e+00,1.697864888613952160e+09,1.199692538993629709e-03,5.720686219187123963e-04,-1.921781621530206272e-04,-6.767947846597621719e-07
1.697864892726583481e+09,-1.175300767937641467e+03,-4.544611311931948876e+02,9.846382684630742006e+03,0.000000000000000000e+00,1.697864893388854504e+09,-1.750781011480573301e-03,-1.196775805452807064e-03,4.114412381247135983e-04,-6.767947846597621719e-07
1.697864893161463499e+09,-1.202580981642666984e+03,-4.371768104344234303e+02,9.747222055888227260e+03,0.000000000000000000e+00,1.697864893413866043e+09,7.913164453856869063e-04,1.528170720425983654e-04,6.788037784668470682e-06,-6.767947846597621719e-07
1.697864893328717470e+09,-1.230533906666691564e+03,-4.142387460145360478e+02,9.635015094810383744e+03,0.000000000000000000e+00,1.697864893613870621e+09,-2.004369499725433545e-04,-4.472972752664069822e-04,2.536210696324560951e-04,-6.767947846597621719e-07
1.697864894646015644e+09,-1.226310865023806628e+03,-4.039927845566767246e+02,9.529143138722560252e+03,0.000000000000000000e+00,1.697864894313870907e+09,3.753725062896617892e-04,2.321248824889815510e-04,-2.553040112634566731e-04,-6.767947846597621719e-07
1.697864894198502541e+09,-1.212074950389986270e+03,-4.050304267917039169e+02,9.489559830339325345e+03,0.000000000000000000e+00,1.697864894463817358e+09,-3.046465217441396423e-04,-8.832081307461364834e-04,2.808640896713041003e-04,-6.767947846597621719e-07
1.697864894633227587e+09,-1.157962207135183007e+03,-4.125002915137565083e+02,9.479288747504993808e+03,0.000000000000000000e+00,1.697864894888864279e+09,1.510250846478988773e-04,-2.308154710861292849e-05,-8.232159067031346905e-05,-6.767947846597621719e-07
1.697864894700256586e+09,-1.162592387728862377e+03,-4.147935326797795028e+02,9.336095783433138422e+03,0.000000000000000000e+00,1.697864895388635874e+09,1.998679261274227681e-03,7.958365856467653106e-04,-3.707711058470106180e-04,-6.767947846597621719e-07
1.697864895737141609e+09,-1.242855883087849634e+03,-4.263962885521396515e+02,9.211125374251501853e+03,0.000000000000000000e+00,1.697864896238799810e+09,1.083942868271792204e-03,1.008197906991553216e-03,-3.155587449143954838e-04,-6.767947846597621719e-07
1.697864895870991468e+09,-1.250597101508623382e+03,-4.038903499992475190e+02,9.169302669660683023e+03,0.000000000000000000e+00,1.697864896438853741e+09,5.144083665155618768e-04,-5.171210546580790656e-06,-3.073195672730867162e-05,-6.767947846597621719e-07
1.697864897677256584e+09,-1.172358176471793740e+03,-3.769203953894997881e+02,8.678200474051900528e+03,0.000000000000000000e+00,1.697864898138984680e+09,1.541874570812395984e-03,1.942204105148982946e-03,-6.110630361458729842e-04,-6.767947846597621719e-07
1.697864897777630568e+09,-1.186856156185655436e+03,-3.521558126728743900e+02,8.564330763473057232e+03,0.000000000000000000e+00,1.697864898338956118e+09,2.320047150980525386e-03,6.936183684450273213e-04,-4.003992802166278010e-04,-6.767947846597621719e-07
1.697864898279384613e+09,-1.225677871444030188e+03,-3.629569851504859912e+02,8.528756511976051115e+03,0.000000000000000000e+00,1.697864898838892698e+09,1.186816191730111214e-03,2.968859034723544802e-04,-1.320000511955650771e-04,-6.767947846597621719e-07
1.697864898513512611e+09,-1.234089942525492461e+03,-3.498015479426419461e+02,8.467222380239523773e+03,0.000000000000000000e+00,1.697864899388736248e+09,2.027759715399979346e-03,1.628675730253455580e-03,-7.584136480606476710e-04,-6.767947846597621719e-07
1.697864898647493601e+09,-1.216053756611297558e+03,-3.387197794202804175e+02,8.382494136726551005e+03,0.000000000000000000e+00,1.697864899188901663e+09,1.934685499854399415e-03,8.220884079965046437e-04,-4.327183081111256021e-04,-6.767947846597621719e-07
1.697864898781139612e+09,-1.225483101217992498e+03,-3.501207195029730883e+02,8.425965943113777030e+03,0.000000000000000000e+00,1.697864899338887691e+09,1.260728873026001340e-03,7.699436489637169229e-05,-1.637222295480377930e-04,-6.767947846597621719e-07
1.697864899152635813e+09,-1.210157200189580863e+03,-3.696059387326042724e+02,8.399109306387230390e+03,0.000000000000000000e+00,1.697864899538877726e+09,2.696576979538289898e-03,9.772973106019445730e-04,-4.340340076913406999e-04,-6.767947846597621719e-07
1.697864899149142504e+09,-1.178563947510612479e+03,-3.694416764461508933e+02,8.370587999002000288e+03,0.000000000000000000e+00,1.697864899713856459e+09,-5.005443976904278003e-04,2.483140073580439376e-04,-1.757963163906499349e-04,-6.767947846597621719e-07
1.697864899383269548e+09,-1.191243337759314272e+03,-3.777104195226626189e+02,8.330656412175650985e+03,0.000000000000000000e+00,1.697864899913805485e+09,1.323945412335436611e-03,5.426838748773771086e-04,-2.606265152350393339e-04,-6.767947846597621719e-07
1.697864899483680487e+09,-1.180466491453297522e+03,-3.429686952542303970e+02,8.244106437125750745e+03,0.000000000000000000e+00,1.697864900389127016e+09,2.349284561696085571e-03,1.146675409397107355e-03,-5.828473126144626893e-04,-6.767947846597621719e-07
1.697864899885022640e+09,-1.172862437113212309e+03,-3.728089097017294762e+02,8.070624775449105073e+03,0.000000000000000000e+00,1.697864900413963795e+09,1.159230124679139218e-03,8.121786040039089970e-05,-2.201965913732941425e-04,-6.767947846597621719e-07
1.697864900187775612e+09,-1.170532432034327257e+03,-3.541375912306417035e+02,8.107624201596809144e+03,0.000000000000000000e+00,1.697864900564039469e+09,6.717916974973703326e-04,-1.734243042395911059e-04,-1.628754761773741036e-04,-6.767947846597621719e-07
1.697864900620950460e+09,-1.198880557523675634e+03,-3.208956458761319936e+02,7.932660004990023481e+03,0.000000000000000000e+00,1.697864901138870239e+09,2.819743496190518783e-03,1.927729254798230245e-03,-8.088457905912922871e-04,-6.767947846597621719e-07
1.697864900754657507e+09,-1.217408755373921167e+03,-3.547686127486048804e+02,7.894208083832339980e+03,0.000000000000000000e+00,1.697864901288968563e+09,3.858782162108886915e-04,2.349898240148354332e-04,1.082646168881500786e-04,-6.767947846597621719e-07
1.697864900888534546e+09,-1.190967195845724973e+03,-3.067068211449052342e+02,7.860093363273458635e+03,0.000000000000000000e+00,1.697864901463896036e+09,2.868878579371070270e-03,2.159260588417376107e-03,-7.261882139167092232e-04,-6.767947846597621719e-07
1.697864901558165789e+09,-1.208626593241412593e+03,-3.102032205858716907e+02,7.878332485029943200e+03,0.000000000000000000e+00,1.697864901638938665e+09,4.895581315711161619e-04,6.703923477882352917e-04,9.136108483182838876e-06,-6.767947846597621719e-07
1.697864901289944649e+09,-1.206159623989004331e+03,-3.163086206115311256e+02,7.841367814371260465e+03,0.000000000000000000e+00,1.697864901813936710e+09,7.385833388385276699e-04,4.642317996343593863e-04,-1.385635394467362987e-04,-6.767947846597621719e-07
1.697864901457195520e+09,-1.210093460153606657e+03,-3.426642156031280706e+02,7.897257110778446986e+03,0.000000000000000000e+00,1.697864901963995695e+09,2.161685678877450778e-03,1.553119960279713760e-03,-6.423045594115849889e-04,-6.767947846597621719e-07
1.697864901657665491e+09,1.528419142190678485e+03,-7.194795009266560726e+01,1.857492490019960997e+03,0.000000000000000000e+00,1.697864902138970852e+09,3.871850191682624232e-04,4.775040135207331586e-04,-2.958710652968009661e-04,-6.767947846597621719e-07
1.697864901791694641e+09,-1.180676151430206346e+03,-3.534873807705662330e+02,7.764250948103795054e+03,0.000000000000000000e+00,1.697864902338945866e+09,1.660073789638477626e-03,7.517396524876623909e-04,-3.921990104407415095e-04,-6.767947846597621719e-07
1.697864901925543547e+09,-1.168713486135298808e+03,-3.220973348631206363e+02,7.665636976047907410e+03,0.000000000000000000e+00,1.697864902488996506e+09,4.899000201510905761e-05,-3.897648161708723320e-04,-1.325625288807106249e-04,-6.767947846597621719e-07
1.697864902193078518e+09,-1.164455786398273858e+03,-3.042010309411003277e+02,7.581957085828346862e+03,0.000000000000000000e+00,1.697864902664062262e+09,-5.286932337977279239e-04,3.265824751136017930e-04,-2.332547205635449614e-04,-6.767947846597621719e-07
1.697864902293452501e+09,-1.139451889088349617e+03,-3.064067415651696251e+02,7.467135279441122293e+03,0.000000000000000000e+00,1.697864902863983631e+09,-6.889075632201813182e-04,4.034844246435409672e-05,5.397708985544861788e-05,-6.767947846597621719e-07
1.697864902661425591e+09,-1.158586720862363563e+03,-2.885150457463415137e+02,7.422013797405194055e+03,0.000000000000000000e+00,1.697864903213969946e+09,6.440433597093564444e-04,6.994979840145690341e-04,-3.398616545884819472e-04,-6.767947846597621719e-07
1.697864902795210600e+09,-1.172335281855371932e+03,-2.807310857585173380e+02,7.443428542914176433e+03,0.000000000000000000e+00,1.697864903364063501e+09,-1.629329668202894599e-03,-8.532516521349320674e-04,4.588689530798487374e-04,-6.767947846597621719e-07
1.697864902962426662e+09,-1.170774181504752505e+03,-2.795495304720880085e+02,7.326595833333335577e+03,0.000000000000000000e+00,1.697864903564078569e+09,2.946566724449373176e-04,1.980588637154427341e-04,-3.179206145392756604e-04,1.332320521507668332e-05
1.697864903196586609e+09,-1.170200517949442656e+03,-2.880876040991153104e+02,7.254289645708585340e+03,0.000000000000000000e+00,1.697864903739110947e+09,-5.925908915684341416e-04,-1.009976681215172265e-03,3.214702873368102394e-04,1.332320521507668332e-05
1.697864903296930552e+09,-1.160693576302466681e+03,-2.874692913971153416e+02,7.324990593812377483e+03,0.000000000000000000e+00,1.697864903889044285e+09,-2.390008504655760646e-04,-8.669746247610074247e-04,1.209891433573975436e-04,1.332320521507668332e-05
1.697864903531087637e+09,-1.139427439329981553e+03,-2.878345190517155743e+02,7.396208108782439012e+03,0.000000000000000000e+00,1.697864904640777588e+09,8.006747946185110987e-04,-1.056528207610818448e-04,-5.696385325409764283e-05,1.332320521507668332e-05
1.697864903698313475e+09,-1.152289946262740386e+03,-3.122465717506555052e+02,7.556275998003995483e+03,0.000000000000000000e+00,1.697864904214106083e+09,-1.228904236848266107e-03,-6.994346953829944037e-05,1.071605625578093474e-04,1.332320521507668332e-05
1.697864903899060488e+09,-1.132449226669652035e+03,-2.479082708442038268e+02,7.504972180638724240e+03,0.000000000000000000e+00,1.697864904364021540e+09,2.206643809370578690e-03,9.677972534713265599e-04,-3.935647521714530535e-04,1.332320521507668332e-05
1.697864904328125715e+09,-1.130786051010062238e+03,-3.420081534371024077e+02,7.527207360279445311e+03,0.000000000000000000e+00,1.697864904564005136e+09,1.083542629429862236e-03,6.298125030192464752e-04,-3.228332999637484649e-04,1.332320521507668332e-05
1.697864904233563662e+09,-1.154553652668516179e+03,-3.448847453126273876e+02,7.885154640718564224e+03,0.000000000000000000e+00,1.697864904763999939e+09,-2.770381189234616404e-04,-1.079082980082462541e-03,3.413845109862421665e-04,-6.767947846597621719e-07
1.697864904735317469e+09,-1.138554176030120516e+03,-3.797460926139322055e+02,8.501805638722558797e+03,0.000000000000000000e+00,1.697864905289035320e+09,4.283426529315681464e-04,3.487255633961341950e-04,-1.562289484446431989e-04,-6.767947846597621719e-07
1.697864904936071634e+09,-1.076966311149260946e+03,-3.735838601808122803e+02,8.536845708582837688e+03,0.000000000000000000e+00,1.697864905488970041e+09,-1.549003527237857725e-03,-1.301285789372927382e-03,5.100183512956779804e-04,-6.767947846597621719e-07
1.697864905698225737e+09,-1.082030517323739105e+03,-3.598968738422095157e+02,8.594807460079842713e+03,0.000000000000000000e+00,1.697864905663952827e+09,1.380469009121365609e-03,1.133572083689787747e-04,-2.994614030488154579e-04,-6.767947846597621719e-07
1.697864905237073660e+09,-1.116374849774631457e+03,-4.013749588411164950e+02,8.978477170658685282e+03,0.000000000000000000e+00,1.697864905813947678e+09,2.706267163300302148e-03,2.403541299488878499e-03,-9.054032788646742365e-04,-6.767947846597621719e-07
1.697864905772346497e+09,-1.123180447094759757e+03,-3.881112788760481180e+02,9.237730963073856401e+03,0.000000000000000000e+00,1.697864906338995457e+09,1.883362967247059760e-03,7.044363701372602675e-04,-2.327941468008741174e-04,-6.767947846597621719e-07
1.697864905939577579e+09,-1.143474568740886525e+03,-4.031002488379226065e+02,9.516479416167669115e+03,0.000000000000000000e+00,1.697864906513968945e+09,2.079965192564259269e-03,2.148919686552937334e-03,-7.529888189755522048e-04,-6.767947846597621719e-07
1.697864906173706532e+09,-1.194418033315722369e+03,-4.376932814148570401e+02,9.513214870259484087e+03,0.000000000000000000e+00,1.697864906613991737e+09,1.081453371038265665e-03,-7.180256110790928284e-05,5.004497446635464822e-06,-6.767947846597621719e-07
1.697864906340991497e+09,-1.251838551888764869e+03,-4.359324555936731826e+02,9.768483882235534111e+03,0.000000000000000000e+00,1.697864906863964081e+09,2.383738774073551614e-03,1.930799290307728781e-03,-6.514361753771919644e-04,-6.767947846597621719e-07
1.697864907344468594e+09,-1.220315535728418809e+03,-4.777446475018458045e+02,9.924026646706590327e+03,0.000000000000000000e+00,1.697864907888969898e+09,1.456309345247319698e-03,2.759142053462393493e-04,-1.376630603784828122e-04,-6.767947846597621719e-07
1.697864907712499619e+09,-1.227825940262422364e+03,-4.520964301783804444e+02,9.907026721556889242e+03,0.000000000000000000e+00,1.697864908263834000e+09,1.970299109926298975e-03,1.825724146499153660e-03,-5.138124945489635142e-04,-6.767947846597621719e-07
1.697864908281112671e+09,-1.215776599593935543e+03,-4.830986691558954362e+02,9.967424725548906281e+03,0.000000000000000000e+00,1.697864908838924408e+09,3.454624086194874044e-03,3.089994078193862830e-03,-9.709735329139725828e-04,-6.767947846597621719e-07
1.697864908348005533e+09,-1.234667631803568383e+03,-4.659664298356136669e+02,9.871637475049901695e+03,0.000000000000000000e+00,1.697864908988958597e+09,2.619195593304812775e-03,8.677910116937978665e-04,-3.167305794586532455e-04,-6.767947846597621719e-07
1.697864908950105667e+09,-1.207960089703251697e+03,-4.856478964387908377e+02,1.004052093313373553e+04,0.000000000000000000e+00,1.697864909463945150e+09,1.175392183209056363e-03,1.287589151421980865e-03,-3.878790392306495898e-04,-6.767947846597621719e-07
1.697864909838625669e+09,-1.230936910834814626e+03,-4.866800708790699446e+02,1.000161347305389427e+04,0.000000000000000000e+00,1.697864909663942099e+09,1.051922212112643695e-03,3.503932249810321267e-04,-2.818061056236350064e-04,-6.767947846597621719e-07
1.697864909786361456e+09,-1.268391057225335771e+03,-4.785940422872479871e+02,1.012524328842315663e+04,0.000000000000000000e+00,1.697864910338990688e+09,1.469362026700865576e-03,8.172753936459939590e-04,-1.809749948971969130e-04,-6.767947846597621719e-07
1.697864909886738539e+09,-1.203258151177050649e+03,-4.700634617911717896e+02,1.005646866267465521e+04,0.000000000000000000e+00,1.697864910563887596e+09,4.004396775637852901e-04,-2.603098736630753607e-05,-1.204305526599054805e-04,-6.767947846597621719e-07
1.697864910873655796e+09,-1.169505577359915605e+03,-4.648463892604154921e+02,1.002736314870259957e+04,0.000000000000000000e+00,1.697864910688958645e+09,-1.195884329099949905e-03,-9.256012858435696969e-04,1.896746033703175765e-04,-6.767947846597621719e-07
1.697864910321495533e+09,-1.169390770277858792e+03,-4.631902059629851465e+02,1.006496439620758792e+04,0.000000000000000000e+00,1.697864910888962507e+09,1.127995401475817561e-03,3.573344179691437294e-04,-5.786909428836233281e-05,-6.767947846597621719e-07
1.697864910488744497e+09,-1.212639054713859878e+03,-4.658031853257875810e+02,1.008744845309381526e+04,0.000000000000000000e+00,1.697864911889882803e+09,-1.152728165023680917e-03,9.929236842237793535e-04,1.425601061941240847e-03,-6.767947846597621719e-07
1.697864910622624636e+09,-1.189091059371014580e+03,-4.634449914287411048e+02,1.010677312874251948e+04,0.000000000000000000e+00,1.697864911239036560e+09,1.725183288709131180e-04,7.560811937120352419e-03,-4.258923040165711431e-03,1.332320521507668332e-05
1.697864910856747627e+09,-1.149687876784182436e+03,-4.735440499647463639e+02,9.941386501996010338e+03,0.000000000000000000e+00,1.697864911414011002e+09,-2.861417504571028836e-05,2.089684435222383119e-02,-7.360565492641983100e-03,-2.967679478471652033e-05
1.697864910990499496e+09,-1.205598293592995560e+03,-4.658288604406487821e+02,9.992056162674654843e+03,0.000000000000000000e+00,1.697864911563981056e+09,1.998254535492127726e-03,3.537952537252403440e-02,-6.717743430111128983e-03,-6.767947846597621719e-07
1.697864911893537521e+09,1.509641271385344908e+03,-7.614482701742552706e+01,1.764963273453094871e+03,0.000000000000000000e+00,1.697864912463934660e+09,-1.948856043839141197e-04,1.548436642193437573e-01,-8.281294446023271943e-03,-1.467679478484029687e-05
1.697864912228261471e+09,-1.207376593758876425e+03,-4.097111850472614378e+02,1.005669201596806670e+04,0.000000000000000000e+00,1.697864912813992500e+09,-1.067584058037543198e-03,2.119898089795022589e-01,9.194358120806541551e-04,-8.667679478469025867e-05
1.697864912395549536e+09,-1.131088850467707744e+03,-4.456935025468607137e+02,1.008454835329341768e+04,0.000000000000000000e+00,1.697864913140474796e+09,-2.639200068066624785e-03,2.483031131712106210e-01,7.491251474103653024e-03,-4.367679478489705502e-05
1.697864912596141577e+09,-1.075823438441178041e+03,-4.308478251609483323e+02,1.032580815868263744e+04,0.000000000000000000e+00,1.697864913163927317e+09,-2.693822428133402658e-03,2.754862500392013525e-01,9.138513472338780086e-03,-6.767947846597621719e-07
1.697864913978935719e+09,-8.547535189379540270e+02,-5.040464915539900517e+02,1.037444770459082065e+04,0.000000000000000000e+00,1.697864913663964987e+09,2.232292047797146753e-03,3.657798456409779853e-01,1.602667299656096596e-04,8.532320521537073432e-05
1.697864913332174540e+09,-8.383756132440769306e+02,-4.703518432141158314e+02,1.016349518463074128e+04,0.000000000000000000e+00,1.697864913864040136e+09,2.637753356300791881e-03,4.023611112239014465e-01,-7.405499499086721019e-03,-1.006767947848707934e-04
1.697864914168435574e+09,-8.427207055580070119e+02,-4.232751911588961775e+02,1.021367816866267822e+04,0.000000000000000000e+00,1.697864914738961935e+09,-1.568332540408397041e-03,5.350919186839099284e-01,1.025900386025541990e-03,-1.146767947846072389e-04
1.697864915272192478e+09,-5.533449126433358742e+02,-4.490230761977134080e+02,1.008514051896208002e+04,0.000000000000000000e+00,1.697864915788980246e+09,-3.735918256425221733e-03,6.063812940300646881e-01,9.280889945917927819e-03,1.332320521507668332e-05
1.697864916409548521e+09,-4.550802709382586499e+02,-4.400465485500970999e+02,1.022514955089820796e+04,0.000000000000000000e+00,1.697864917389521122e+09,4.484686680564135830e-02,5.990112120061292789e-01,-1.163669975709370405e-02,-2.967679478471652033e-05
1.697864916944804668e+09,-7.112850531124948930e+02,-6.932499922583956504e+02,9.861288822355294542e+03,0.000000000000000000e+00,1.697864917488954306e+09,9.871945774833307263e-02,5.860210856414104219e-01,-9.287450329218625497e-03,-2.967679478471652033e-05
1.697864918918353558e+09,-8.449005931128715474e+02,-1.540982811949769712e+03,9.469370184630741278e+03,0.000000000000000000e+00,1.697864919464003325e+09,2.920150989447530265e-01,4.401511256877932987e-01,-1.507857375353748985e-03,2.832320521539699598e-05
1.697864919855695724e+09,-8.424963550512844677e+02,-1.622581473792296038e+03,9.772468313373257843e+03,0.000000000000000000e+00,1.697864919613939047e+09,3.070399513553331849e-01,4.250753676347706067e-01,-4.284926596483423951e-03,-5.767679478463350051e-05
1.697864919219323635e+09,-7.935199947869117523e+02,-1.525662812510886397e+03,9.343550998003995119e+03,0.000000000000000000e+00,1.697864919813944817e+09,3.208516252283760140e-01,4.038300316698744674e-01,-5.419437887276785937e-03,-4.367679478489705502e-05
1.697864919453606606e+09,-8.099184105550322101e+02,-1.510464168631823213e+03,9.271624525948107475e+03,0.000000000000000000e+00,1.697864919988937378e+09,3.311786891268083122e-01,3.859587913251296687e-01,-7.215872810156979608e-03,-6.767947846597621719e-07
1.697864919821453571e+09,-8.735870993710415178e+02,-1.453984159024036899e+03,9.145021931137725915e+03,0.000000000000000000e+00,1.697864920339019299e+09,3.516843395948598405e-01,3.502077205091466694e-01,-5.780013506244380261e-03,2.832320521539699598e-05
1.697864920323238611e+09,-9.432719333341885886e+02,-1.411260101300229280e+03,9.142405039920162380e+03,0.000000000000000000e+00,1.697864920863942385e+09,3.735908896289895642e-01,3.024801716971748378e-01,-5.710363617989102150e-03,-6.767947846597621719e-07
1.697864920691241503e+09,-9.989506806430974848e+02,-1.369743762725722718e+03,8.826229565868265126e+03,0.000000000000000000e+00,1.697864921188889265e+09,3.851938170908352777e-01,2.779123988671637902e-01,-6.643604528898809300e-03,-1.467679478484029687e-05
1.697864920858465672e+09,-1.018045662999039905e+03,-1.371478362130993901e+03,8.848999351297406974e+03,0.000000000000000000e+00,1.697864921388870716e+09,3.939372402936668349e-01,2.640310913925526526e-01,-9.765073461427100504e-03,-2.967679478471652033e-05
1.697864920958839655e+09,-9.929097303713836027e+02,-1.353935004570957290e+03,8.793146631736530253e+03,0.000000000000000000e+00,1.697864921563989639e+09,3.993165288858724904e-01,2.524426131337591528e-01,-9.462580041996987434e-03,-1.467679478484029687e-05
1.697864921126093626e+09,-1.014036316762769161e+03,-1.365891311006103024e+03,8.746921232534932642e+03,0.000000000000000000e+00,1.697864921713971615e+09,4.036660972903390876e-01,2.446846640363354586e-01,-9.407315898181067143e-03,1.332320521507668332e-05
1.697864921360216618e+09,-1.014937545722160962e+03,-1.357579642971433259e+03,8.844907060878245829e+03,0.000000000000000000e+00,1.697864921888866186e+09,4.115719349702288143e-01,2.365157503747857826e-01,-8.856980520814090180e-03,1.332320521507668332e-05
1.697864921493998528e+09,-1.037028869504660406e+03,-1.344144668959879482e+03,8.637766616766470179e+03,0.000000000000000000e+00,1.697864922638712645e+09,4.147606637192773338e-01,2.270568185295749886e-01,-5.979891061101479111e-03,-6.767947846597621719e-07
1.697864921694721460e+09,-1.024146320798688748e+03,-1.345170269345455836e+03,8.493633108782436466e+03,0.000000000000000000e+00,1.697864922238938570e+09,4.210430974571086615e-01,2.179935229102528405e-01,9.379280019697133286e-04,-6.767947846597621719e-07
1.697864922229974508e+09,-9.980479995640018842e+02,-1.353313622903179976e+03,8.639063897205591275e+03,0.000000000000000000e+00,1.697864922763949156e+09,4.288689625596667776e-01,1.920586360313280283e-01,2.194418533943489485e-02,1.332320521507668332e-05
1.697864922898981571e+09,-8.215378515522768339e+02,-1.320017018103261307e+03,8.507361651696608533e+03,0.000000000000000000e+00,1.697864923463909388e+09,4.538704882293542742e-01,1.692113356737365570e-01,5.915053820278157182e-02,-6.767947846597621719e-07
1.697864923634865522e+09,-2.939252571714720830e+02,-1.444732962949415196e+03,9.290022405189623896e+03,0.000000000000000000e+00,1.697864924188885689e+09,4.965989900899797638e-01,1.581182446631771432e-01,1.268161765783368533e-01,-6.767947846597621719e-07
1.697864923835490465e+09,-1.332772946556389968e+02,-1.517965664268790761e+03,9.480465119760481684e+03,0.000000000000000000e+00,1.697864924338905811e+09,5.042946685737450530e-01,1.577084070172311003e-01,1.399273485451782428e-01,4.232320521513344147e-05
1.697864923935868502e+09,-2.579328087861047081e+01,-1.460940602693736537e+03,9.131782934131741058e+03,0.000000000000000000e+00,1.697864924488903761e+09,5.152213552639355321e-01,1.571418395725806272e-01,1.510017990155268497e-01,-6.767947846597621719e-07
1.697864924169994593e+09,6.296716173590680654e+01,-1.413397769938314696e+03,8.953857210578844388e+03,0.000000000000000000e+00,1.697864924688904047e+09,5.292468053705090547e-01,1.572569047549095822e-01,1.607662259245086767e-01,-6.767947846597621719e-07
1.697864924337245464e+09,1.783797558741126181e+02,-1.480226835142332902e+03,9.256596506986032182e+03,0.000000000000000000e+00,1.697864924888945580e+09,5.476707789213234312e-01,1.595287314149383406e-01,1.750815571361030443e-01,-1.467679478484029687e-05
1.697864924504499674e+09,2.231162090853512723e+02,-1.403342103890744283e+03,8.965939770459084684e+03,0.000000000000000000e+00,1.697864925389211416e+09,5.568802317282809389e-01,1.586578539900208584e-01,1.810784278988593066e-01,-6.767947846597621719e-07
1.697864924671746492e+09,2.865104336823069957e+02,-1.377250837844759872e+03,8.685116516966070776e+03,0.000000000000000000e+00,1.697864925213957071e+09,5.719059581815222337e-01,1.581810915789705896e-01,1.798294997514894855e-01,-6.767947846597621719e-07
1.697864924872500658e+09,3.636224537867724962e+02,-1.370806102000588453e+03,8.615835828343317189e+03,0.000000000000000000e+00,1.697864925389025688e+09,5.929895923296252258e-01,1.583205036868722826e-01,1.829592040415420617e-01,1.332320521507668332e-05
1.697864925625157118e+09,3.202446072127996217e+02,-1.233485292062049666e+03,7.880766891217566808e+03,0.000000000000000000e+00,1.697864925564054251e+09,6.190368648835156140e-01,1.591934624404902354e-01,1.897507246917064239e-01,1.332320521507668332e-05
1.697864925207005501e+09,3.172699179768906106e+02,-1.215310319658203071e+03,7.837738473053895177e+03,0.000000000000000000e+00,1.697864925739020824e+09,6.483575161587309399e-01,1.603762059864371758e-01,1.947291241358287406e-01,1.332320521507668332e-05
1.697864925374291658e+09,3.600693741042699116e+02,-1.214600251024585987e+03,7.866611202594814131e+03,0.000000000000000000e+00,1.697864925888979912e+09,6.744763089351731855e-01,1.602112558451426472e-01,2.010421994281010594e-01,-6.767947846597621719e-07
1.697864925508007526e+09,4.411986475114389918e+02,-1.339196174969195908e+03,8.393984505988026285e+03,0.000000000000000000e+00,1.697864926890081882e+09,7.172427886094769889e-01,1.601347969380090275e-01,2.085777940782249096e-01,-2.967679478471652033e-05
1.697864925942882538e+09,5.975314355148248069e+02,-1.356801607282024861e+03,8.383663722554892956e+03,0.000000000000000000e+00,1.697864926413994551e+09,7.686110848699748699e-01,1.571442774312321322e-01,2.387335707717329614e-01,-6.767947846597621719e-07
1.697864926210541487e+09,8.791703985422932419e+02,-1.443502339772946698e+03,8.877292015968067062e+03,0.000000000000000000e+00,1.697864926789063454e+09,8.321573334668143085e-01,1.525265055992657548e-01,2.852368246602093871e-01,-6.767947846597621719e-07
1.697864926745800495e+09,1.456181400755563800e+03,-1.467266312746303811e+03,9.056358782435134344e+03,0.000000000000000000e+00,1.697864927289133787e+09,9.115164623679932188e-01,1.433126070894365223e-01,3.139022695959025611e-01,1.332320521507668332e-05
1.697864927280927658e+09,1.088556777190523235e+03,-1.094796947400985573e+03,6.811448303393216520e+03,0.000000000000000000e+00,1.697864927813997269e+09,9.844332067168296563e-01,1.313340492436985696e-01,3.031252084020698567e-01,-6.767947846597621719e-07
1.697864927448178530e+09,1.097110349380780917e+03,-1.031997900005660085e+03,6.766888922155691944e+03,0.000000000000000000e+00,1.697864928139753819e+09,1.018400997792888285e+00,1.272759377306197370e-01,3.008686435060488051e-01,1.332320521507668332e-05
1.697864927682398558e+09,9.559120107131228679e+02,-1.010763935140840317e+03,6.562830289421160160e+03,0.000000000000000000e+00,1.697864928188966513e+09,1.038547972535514452e+00,1.217915046059035167e-01,2.929247915010721459e-01,2.832320521539699598e-05
1.697864927782679558e+09,9.499547495805576318e+02,-1.019730949051801531e+03,6.468568537924154953e+03,0.000000000000000000e+00,1.697864928364083529e+09,1.058210467300328306e+00,1.165669303947818175e-01,2.888060016866576540e-01,-6.767947846597621719e-07
1.697864928169045687e+09,9.445038083745456561e+02,-1.008885726868163033e+03,6.506917190618764835e+03,0.000000000000000000e+00,1.697864928564049959e+09,1.088286221405952547e+00,1.114159188568464715e-01,2.829317591510499552e-01,-6.767947846597621719e-07
1.697864928384781599e+09,8.362964206251065207e+02,-9.948093080123394429e+02,6.455641641716571030e+03,0.000000000000000000e+00,1.697864928864049911e+09,1.112136780981970441e+00,1.036592368083521370e-01,2.824714327026348615e-01,-6.767947846597621719e-07
1.697864928719284534e+09,7.952844410315793766e+02,-9.689326679456228248e+02,6.318108907185631324e+03,0.000000000000000000e+00,1.697864929214066744e+09,1.141635110373198314e+00,9.724724940800019701e-02,2.778653908220226620e-01,-6.767947846597621719e-07
1.697864928886536598e+09,7.675359593967733645e+02,-9.803541440713649990e+02,6.274519760479043725e+03,0.000000000000000000e+00,1.697864929414053440e+09,1.157599177512465882e+00,9.279425462528431701e-02,2.683987172612804506e-01,-6.767947846597621719e-07
1.697864929537865639e+09,7.195785151877220187e+02,-9.691570128174880665e+02,6.228619286427148836e+03,0.000000000000000000e+00,1.697864929564039707e+09,1.164790366579122161e+00,9.026920153344791808e-02,2.554226659298794999e-01,-6.767947846597621719e-07
1.697864929254538536e+09,6.508007745502417265e+02,-9.580239657259038495e+02,6.152674176646708474e+03,0.000000000000000000e+00,1.697864929764031649e+09,1.183802556463823041e+00,8.717388151409999342e-02,2.374512776390052538e-01,-1.467679478484029687e-05
1.697864929388298512e+09,5.781036330769272809e+02,-9.388510904993388522e+02,6.092402220558885347e+03,0.000000000000000000e+00,1.697864929939057350e+09,1.194791644061278912e+00,8.594746272271390486e-02,2.266991035412791455e-01,2.832320521539699598e-05
1.697864929923558474e+09,2.140152180290163528e+02,-9.106102056304629286e+02,6.010411626746508773e+03,0.000000000000000000e+00,1.697864930489076614e+09,1.222585157197371597e+00,8.725488214486400163e-02,1.965587282671444336e-01,-6.767947846597621719e-07
1.697864930573105812e+09,1.691967670126174994e+02,-9.003471389717832380e+02,5.892709456087826766e+03,0.000000000000000000e+00,1.697864930614129066e+09,1.230871444361912204e+00,8.931416437357471427e-02,1.924533441563524572e-01,1.332320521507668332e-05
1.697864930291422606e+09,9.289903629936820550e+01,-8.583640514205455929e+02,5.799982185628744446e+03,0.000000000000000000e+00,1.697864930814044952e+09,1.240724463292431912e+00,9.197544916565067452e-02,1.867976603569520833e-01,1.332320521507668332e-05
1.697864930492179632e+09,6.465511213116693057e+01,-8.820673572969440102e+02,5.756949925149702722e+03,0.000000000000000000e+00,1.697864930989154100e+09,1.245707653225441636e+00,9.418821188332217320e-02,1.831895521366517510e-01,-6.767947846597621719e-07
1.697864930659435511e+09,3.971469409640933890e+01,-8.484213364266450981e+02,5.659764795409184444e+03,0.000000000000000000e+00,1.697864931164157152e+09,1.251614894283894719e+00,9.494448898542423576e-02,1.812492065865281277e-01,-1.467679478484029687e-05
1.697864930793181658e+09,1.948702606498671130e+01,-8.550385745833651754e+02,5.629187599800400676e+03,0.000000000000000000e+00,1.697864931364131451e+09,1.254125387234258593e+00,9.702339935576750896e-02,1.848385424426237378e-01,-1.467679478484029687e-05
1.697864931274615765e+09,6.333441924139763302e+01,-8.664049066262399492e+02,5.633200499001998651e+03,0.000000000000000000e+00,1.697864931514070511e+09,1.254470772564248104e+00,9.795335692191166344e-02,1.912778092959305232e-01,-6.767947846597621719e-07
1.697864931295059681e+09,1.055365884512250005e+02,-9.794826443486085736e+02,6.256713073852298294e+03,0.000000000000000000e+00,1.697864931839112759e+09,1.271603273321531669e+00,9.937081720308323096e-02,2.018889711182000612e-01,1.332320521507668332e-05
1.697864931495687485e+09,1.800284066612435652e+02,-1.038468958380639378e+03,6.394704266467067100e+03,0.000000000000000000e+00,1.697864932391354084e+09,1.271929262643184400e+00,9.801704720426163142e-02,2.083114572176100465e-01,-6.767947846597621719e-07
1.697864931930597544e+09,1.856504956204903749e+02,-8.492915279019472337e+02,5.632806262475051881e+03,0.000000000000000000e+00,1.697864932364162207e+09,1.278294196596939880e+00,9.525380977097795687e-02,2.085991087747678940e-01,-6.767947846597621719e-07
1.697864932309695721e+09,1.778538584270133072e+02,-8.089156535580998479e+02,5.450463697604791378e+03,0.000000000000000000e+00,1.697864932564100742e+09,1.282503901122903134e+00,9.468185118946417789e-02,2.079235384227003103e-01,-6.767947846597621719e-07
1.697864932164719582e+09,1.436521959753985698e+02,-8.160330391912901860e+02,5.385457709580839946e+03,0.000000000000000000e+00,1.697864932739226103e+09,1.282552905691348499e+00,9.119559196212367880e-02,2.066633650770188235e-01,-6.767947846597621719e-07
1.697864932432348490e+09,1.025583760813269834e+02,-8.119459044863315285e+02,5.377612050898204870e+03,0.000000000000000000e+00,1.697864932889023781e+09,1.279293401741466774e+00,8.986178715783021964e-02,2.030243048752161383e-01,1.332320521507668332e-05
1.697864932532723665e+09,5.399960254707166030e+01,-7.883252341433766333e+02,5.281134006986028908e+03,0.000000000000000000e+00,1.697864933640805006e+09,1.279306835868194048e+00,8.544723825559788488e-02,2.020791294307900110e-01,-6.767947846597621719e-07
1.697864932733352661e+09,2.946781471268522168e+01,-7.905590118407544651e+02,5.254583582834333356e+03,0.000000000000000000e+00,1.697864933239128590e+09,1.286451319541270344e+00,8.513617940042826626e-02,1.932079809439438134e-01,-6.767947846597621719e-07
1.697864932934074640e+09,1.901407711875027573e+01,-7.908091723739786403e+02,5.232933283433134420e+03,0.000000000000000000e+00,1.697864933439045906e+09,1.278409054024383096e+00,8.192919064297299325e-02,1.934846887807840088e-01,-6.767947846597621719e-07
1.697864933344485760e+09,-1.671651106189918323e+01,-7.726272448846381167e+02,5.154932485029941745e+03,0.000000000000000000e+00,1.697864933614041567e+09,1.279106718413061117e+00,8.054551455067864019e-02,1.892948066615043612e-01,-6.767947846597621719e-07
1.697864933268606663e+09,-2.657422746559231896e+01,-7.929600417411024864e+02,5.159818537924152224e+03,0.000000000000000000e+00,1.697864933789084435e+09,1.288103057932298068e+00,7.878474451635912590e-02,1.814603175537833069e-01,1.332320521507668332e-05
1.697864933435827494e+09,-4.028708650212487186e+01,-7.625295037021604685e+02,5.026442514970060984e+03,0.000000000000000000e+00,1.697864933964088678e+09,1.290994256884113733e+00,7.668242156816090782e-02,1.689672375950438399e-01,-6.767947846597621719e-07
1.697864933569620609e+09,-6.316213986630401678e+01,-7.695072323963451026e+02,5.066336726546906903e+03,0.000000000000000000e+00,1.697864934164108038e+09,1.304101179249382847e+00,7.430033872581538745e-02,1.577307429987880594e-01,-6.767947846597621719e-07
1.697864933803848505e+09,-1.257985589438825116e+02,-7.649033044557285166e+02,5.074373802395210987e+03,0.000000000000000000e+00,1.697864934314115524e+09,1.315737892325454572e+00,7.575911539560500896e-02,1.619304074567810559e-01,1.332320521507668332e-05
1.697864933937582493e+09,-1.756711695340730444e+02,-7.514715942416048620e+02,5.046565918163674723e+03,0.000000000000000000e+00,1.697864934489107132e+09,1.332313253782182016e+00,7.695423263064050945e-02,1.639310785455202202e-01,-1.467679478484029687e-05
1.697864934104833603e+09,-1.759934542940047209e+02,-7.155078690242363564e+02,4.975932784431138316e+03,0.000000000000000000e+00,1.697864934639130354e+09,1.341687152686726003e+00,7.777235853862357606e-02,1.650882320787840363e-01,-1.467679478484029687e-05
1.697864934272083521e+09,-1.413233276367882354e+02,-7.706532806005446901e+02,5.099522130738524538e+03,0.000000000000000000e+00,1.697864934839104414e+09,1.368486662478551885e+00,8.099770289491195485e-02,1.728277469235304231e-01,1.332320521507668332e-05
1.697864934472836494e+09,-1.479552772314182505e+02,-7.016780465374301912e+02,4.789949301397206909e+03,0.000000000000000000e+00,1.697864934989020586e+09,1.381921300260218866e+00,8.224409090962037094e-02,1.820258707461968883e-01,-6.767947846597621719e-07
1.697864934573087454e+09,-1.368948633620046849e+02,-7.033103194205301634e+02,4.793324950099801754e+03,0.000000000000000000e+00,1.697864935164079428e+09,1.414717684935282493e+00,8.711787717089089500e-02,1.883893626836886659e-01,-6.767947846597621719e-07
1.697864934807339668e+09,-8.610798488591437660e+01,-8.154675900754907616e+02,5.385833957085830662e+03,0.000000000000000000e+00,1.697864935364063501e+09,1.426885195121827543e+00,8.996555659404190108e-02,1.978715204116039683e-01,-6.767947846597621719e-07
1.697864934974590540e+09,-7.562482954157492543e+01,-6.798394431865742717e+02,4.783067090818364704e+03,0.000000000000000000e+00,1.697864935489107609e+09,1.438011110115019031e+00,9.144982158636261182e-02,1.999429774877275190e-01,-1.467679478484029687e-05
1.697864935108345509e+09,-5.467873661022739640e+01,-6.762533587459097362e+02,4.612370608782437557e+03,0.000000000000000000e+00,1.697864935664100647e+09,1.463539660064478776e+00,9.542937829786388160e-02,2.034570626924714076e-01,-6.767947846597621719e-07
1.697864935309242487e+09,-6.428362328936925962e+01,-6.738164071455480553e+02,4.559324476047905591e+03,0.000000000000000000e+00,1.697864935864080667e+09,1.482243140574652562e+00,9.637280897212464892e-02,2.087244969879870626e-01,-6.767947846597621719e-07
1.697864935509722471e+09,-6.397739041454602926e+01,-6.669775769772558078e+02,4.517555888223553666e+03,0.000000000000000000e+00,1.697864936641177654e+09,1.505002126939696927e+00,9.703777834366300592e-02,2.156603625276131697e-01,-6.767947846597621719e-07
1.697864935710476637e+09,-5.505088599338125022e+01,-6.141536403097782113e+02,4.363827070858285879e+03,0.000000000000000000e+00,1.697864936189128399e+09,1.512390314376719225e+00,9.658355611455098078e-02,2.209148531348752720e-01,-6.767947846597621719e-07
1.697864936114925623e+09,-2.692012856505297691e+01,-6.209618661933131989e+02,4.348360204590821013e+03,0.000000000000000000e+00,1.697864936564069033e+09,1.541555032244099399e+00,9.538023460063134451e-02,2.395399156500963300e-01,-6.767947846597621719e-07
1.697864936212232590e+09,2.418143951112494960e+01,-6.734793613682601290e+02,4.504428368263474113e+03,0.000000000000000000e+00,1.697864936764063597e+09,1.546313469457847756e+00,9.116700520695228405e-02,2.401604793286280237e-01,-6.767947846597621719e-07
1.697864936345979452e+09,1.069013567830119484e+02,-6.283512902469883556e+02,4.307614795409182989e+03,0.000000000000000000e+00,1.697864936914153337e+09,1.546616396095885193e+00,8.820255806658536257e-02,2.441403995272674876e-01,-6.767947846597621719e-07
1.697864936546730518e+09,9.620349862987031031e+01,-7.534966839772193907e+02,4.718690543912177418e+03,0.000000000000000000e+00,1.697864937890620232e+09,1.554388198626341033e+00,8.536385506430474446e-02,2.472843660187027670e-01,-6.767947846597621719e-07
1.697864936713980675e+09,7.221136801217340917e+01,-5.997403767169346338e+02,4.095272954091818519e+03,0.000000000000000000e+00,1.697864937264107227e+09,1.561165901777916254e+00,8.177061559892401243e-02,2.454431258611415589e-01,-6.767947846597621719e-07
1.697864936881269455e+09,8.805496971555307084e+01,-5.988977266625444145e+02,4.159469635728544745e+03,0.000000000000000000e+00,1.697864937414096117e+09,1.560172206521827976e+00,7.753167071881458816e-02,2.446071798762068650e-01,-6.767947846597621719e-07
1.697864937484865665e+09,6.571594764171142344e+01,-5.598474625947244476e+02,3.990921856287427545e+03,0.000000000000000000e+00,1.697864937564113855e+09,1.569150119167603163e+00,7.455563224519537457e-02,2.437503666974391581e-01,-6.767947846597621719e-07
1.697864937382986546e+09,5.485216713257217691e+01,-5.370710609742695851e+02,4.001391891217566354e+03,0.000000000000000000e+00,1.697864937964050531e+09,1.575938737860399952e+00,6.452071824863370164e-02,2.338717259719498287e-01,-6.767947846597621719e-07
1.697864937751023531e+09,-4.281604833351007500e+01,-5.601917709957187981e+02,3.950499675648703942e+03,0.000000000000000000e+00,1.697864938314086676e+09,1.586336604381646920e+00,5.489989401446937478e-02,2.323285060197288476e-01,-6.767947846597621719e-07
1.697864937985147476e+09,-1.018932036830065186e+02,-5.485202270644593909e+02,3.971472105788425324e+03,0.000000000000000000e+00,1.697864938514057398e+09,1.595444384375250824e+00,4.934110877982358923e-02,2.337221170292697603e-01,-6.767947846597621719e-07
1.697864938855215788e+09,-1.128018304288721509e+02,-4.941915315510798337e+02,3.692601646706588781e+03,0.000000000000000000e+00,1.697864938614091396e+09,1.599692465953955534e+00,4.582297162874115343e-02,2.390151884461546861e-01,-6.767947846597621719e-07
1.697864938286149502e+09,-1.432658443892003959e+02,-5.144535466058846396e+02,3.718598003992017311e+03,0.000000000000000000e+00,1.697864938814031124e+09,1.610044380307216416e+00,3.889765034373339481e-02,2.462800690900671940e-01,-6.767947846597621719e-07
1.697864938486902475e+09,-1.436361357347967669e+02,-4.903648973400242426e+02,3.647606212574851725e+03,0.000000000000000000e+00,1.697864938964061260e+09,1.608005175141793863e+00,3.351760569827316738e-02,2.521416117646325672e-01,-6.767947846597621719e-07
1.697864938620659590e+09,-1.356820868008005334e+02,-5.003109052531252701e+02,3.569474151696608260e+03,0.000000000000000000e+00,1.697864939214057446e+09,1.616404806333275657e+00,2.280718464773242443e-02,2.611553964412614004e-01,-6.767947846597621719e-07
1.697864938988658667e+09,-1.062495664333987975e+02,-4.798415270609162917e+02,3.470340868263474022e+03,0.000000000000000000e+00,1.697864939539146662e+09,1.630953183281294461e+00,7.443194661624054353e-03,2.720595354825758316e-01,-6.767947846597621719e-07
1.697864939155907631e+09,-7.977764261078769437e+01,-5.161093129327240376e+02,3.637094461077846063e+03,0.000000000000000000e+00,1.697864939689186096e+09,1.633838005351611500e+00,-1.181545916951187714e-03,2.726504262863262418e-01,1.332320521507668332e-05
1.697864939356548548e+09,-8.651071337035693887e+01,-4.634817818740280586e+02,3.379803143712576457e+03,0.000000000000000000e+00,1.697864939864141941e+09,1.642943402082608362e+00,-9.949779160716196169e-03,2.688810310124697955e-01,-6.767947846597621719e-07
1.697864939523876667e+09,-1.012891284440974573e+02,-4.376453617260645501e+02,3.373718413173654426e+03,0.000000000000000000e+00,1.697864940641342402e+09,1.650080068289625279e+00,-1.852620619634942623e-02,2.703010256158829283e-01,-1.467679478484029687e-05
1.697864939657633543e+09,-1.156132349052653581e+02,-4.405343903562772425e+02,3.373681786427147017e+03,0.000000000000000000e+00,1.697864940239114523e+09,1.650873643562259963e+00,-2.786665905202971583e-02,2.722957809245725724e-01,-6.767947846597621719e-07
1.697864939891765594e+09,-1.373209874781530857e+02,-4.402385643347690802e+02,3.274943388223554848e+03,0.000000000000000000e+00,1.697864940389130354e+09,1.655700480491099080e+00,-3.286710643127856157e-02,2.796028525781342200e-01,-6.767947846597621719e-07
1.697864940255455732e+09,-1.430762891109278883e+02,-4.344210102809004752e+02,3.218764920159682333e+03,0.000000000000000000e+00,1.697864940564050436e+09,1.661603869533146538e+00,-3.997272008484783340e-02,2.839705062800429447e-01,-1.467679478484029687e-05
1.697864940259764671e+09,-1.545450593110542172e+02,-4.136326923658354531e+02,3.186053293413175197e+03,0.000000000000000000e+00,1.697864940714075089e+09,1.670897714511783594e+00,-4.449408666426764997e-02,2.913143086123489711e-01,-1.467679478484029687e-05
1.697864940393519640e+09,-1.812119001281000124e+02,-4.504613948818050631e+02,3.234575024950101579e+03,0.000000000000000000e+00,1.697864940939126730e+09,1.670527248882552440e+00,-5.466829205306165257e-02,3.072077432549380482e-01,1.332320521507668332e-05
1.697864940527266502e+09,-1.895810207837104713e+02,-4.163354388075349561e+02,3.143748652694612247e+03,0.000000000000000000e+00,1.697864941114146948e+09,1.679931473756686833e+00,-6.146548493282374959e-02,3.133885856922912772e-01,1.332320521507668332e-05
1.697864940761519670e+09,-1.719364348240865468e+02,-4.074584691471543465e+02,3.029020409181637660e+03,0.000000000000000000e+00,1.697864941239015102e+09,1.681257044744410845e+00,-6.766054661286546867e-02,3.157191483136219112e-01,1.332320521507668332e-05
1.697864940895269632e+09,-2.332171407820265472e+02,-3.946183615719485829e+02,2.950459880239522136e+03,0.000000000000000000e+00,1.697864941439147711e+09,1.681794145464733825e+00,-7.927377579266464691e-02,3.234609130544838229e-01,-6.767947846597621719e-07
1.697864941960245609e+09,-1.903537507664960344e+02,-3.897282774735342628e+02,2.899545508982037518e+03,0.000000000000000000e+00,1.697864941589149714e+09,1.686096723434651556e+00,-8.638202851872615884e-02,3.302784444241957940e-01,-1.467679478484029687e-05
1.697864941263272524e+09,-1.973735490893710960e+02,-3.765172609386374916e+02,2.862982060878244283e+03,0.000000000000000000e+00,1.697864941789053440e+09,1.689426239753837322e+00,-9.923782020019751571e-02,3.380226120000806023e-01,-6.767947846597621719e-07
1.697864941497398615e+09,-1.796344305199961582e+02,-3.883371375215655803e+02,2.846687125748504513e+03,0.000000000000000000e+00,1.697864941939083576e+09,1.690078326807646025e+00,-1.105128404696811284e-01,3.447676990536543973e-01,-6.767947846597621719e-07
1.697864941597777605e+09,-1.263329979035434434e+02,-3.789687676532333853e+02,2.802373952095809273e+03,0.000000000000000000e+00,1.697864942390853882e+09,1.697515654526169149e+00,-1.167908231148094833e-01,3.504394358879307503e-01,-1.467679478484029687e-05
1.697864941765027523e+09,-1.778172496608173390e+02,-3.539818685055708443e+02,2.737812799401198845e+03,0.000000000000000000e+00,1.697864942289077759e+09,1.706201374736946441e+00,-1.340486981220946894e-01,3.699926794072037062e-01,-6.767947846597621719e-07
1.697864941999167681e+09,-1.679990431197570331e+02,-3.550900321952636318e+02,2.800745059880241115e+03,0.000000000000000000e+00,1.697864942464125633e+09,1.709019588771133469e+00,-1.457962898927558926e-01,3.831781729812789861e-01,1.332320521507668332e-05
1.697864942993135691e+09,2.009021085817379571e+03,-2.522612435696715920e+02,2.287558707584831609e+03,0.000000000000000000e+00,1.697864942689218998e+09,1.715724354429349674e+00,-1.627873659473853540e-01,3.926610728006875717e-01,-6.767947846597621719e-07
1.697864942333658457e+09,-1.534482348072631623e+02,-2.975280447500157379e+02,2.593788747504991079e+03,0.000000000000000000e+00,1.697864942839111567e+09,1.717376540063972223e+00,-1.716766511255110594e-01,4.012353151550421271e-01,-6.767947846597621719e-07
1.697864942434034586e+09,-1.580799103570730608e+02,-3.165471509571199249e+02,2.552017714570858971e+03,0.000000000000000000e+00,1.697864943140102148e+09,1.715609116584091876e+00,-1.823836603470614937e-01,4.082128543918513985e-01,1.332320521507668332e-05
1.697864942668158531e+09,-1.618614090258356555e+02,-2.919547530979157841e+02,2.500558832335329953e+03,0.000000000000000000e+00,1.697864943239131689e+09,1.723750103510409692e+00,-1.988516646767695129e-01,4.167655690453457851e-01,-1.467679478484029687e-05
1.697864942801911592e+09,-1.792243790390444929e+02,-2.989430143057232954e+02,2.476653692614770989e+03,0.000000000000000000e+00,1.697864943314148188e+09,1.719356030379096234e+00,-2.046697463286678842e-01,4.172872729824991245e-01,-6.767947846597621719e-07
1.697864943695405722e+09,-2.538091302901300139e+02,-3.193696963226129242e+02,2.605514171656687267e+03,0.000000000000000000e+00,1.697864943514057636e+09,1.723188687789990459e+00,-2.188356253945963059e-01,4.263408409723611903e-01,-4.367679478489705502e-05
1.697864943169916630e+09,-2.842330745687142439e+02,-3.061479835350398275e+02,2.565414246506987183e+03,0.000000000000000000e+00,1.697864943739133358e+09,1.727309818936108021e+00,-2.386002192956135914e-01,4.458734674510025364e-01,-6.767947846597621719e-07
1.697864943337169647e+09,-2.699467180009670528e+02,-2.801738394532067673e+02,2.339670958083833284e+03,0.000000000000000000e+00,1.697864943914095402e+09,1.730560930883239923e+00,-2.568147708603752966e-01,4.693019191130983758e-01,-6.767947846597621719e-07
1.697864943537951469e+09,-2.745575678139280740e+02,-2.793747708554650444e+02,2.328211926147705526e+03,0.000000000000000000e+00,1.697864944890905857e+09,1.730117922376812167e+00,-2.751845761707319982e-01,4.913455555216668103e-01,-6.767947846597621719e-07
1.697864943671694517e+09,-2.595908522991725249e+02,-2.715537385222260127e+02,2.288070009980040595e+03,0.000000000000000000e+00,1.697864944264072180e+09,1.737395113872499008e+00,-2.966055348206719788e-01,5.144161448150655902e-01,-6.767947846597621719e-07
1.697864943872450590e+09,-2.395604987140258686e+02,-2.829988443628475920e+02,2.273176646706588144e+03,0.000000000000000000e+00,1.697864944414128065e+09,1.748185815423921374e+00,-3.145928438530801730e-01,5.284451932443845479e-01,2.832320521539699598e-05
1.697864944397025585e+09,-2.099139745815996605e+02,-2.704867335817688172e+02,2.197085379241518240e+03,0.000000000000000000e+00,1.697864944589148998e+09,1.753396776074518160e+00,-3.389281234318108904e-01,5.455279809898342380e-01,1.332320521507668332e-05
1.697864944273833513e+09,-2.045300058600002728e+02,-2.787861171145997901e+02,2.196982185628743537e+03,0.000000000000000000e+00,1.697864944764051914e+09,1.749056862181651351e+00,-3.672064247159018691e-01,5.474733750562805756e-01,-1.467679478484029687e-05
1.697864944374207497e+09,-2.075823234166912528e+02,-2.563792221416284747e+02,2.161104041916168626e+03,0.000000000000000000e+00,1.697864944914092541e+09,1.751526902709035660e+00,-3.910526226960050478e-01,5.488039812995076927e-01,1.332320521507668332e-05
1.697864944608335495e+09,-2.670302461359112840e+02,-2.687310675862508447e+02,2.273819261477046894e+03,0.000000000000000000e+00,1.697864945139117956e+09,1.752694373484814383e+00,-4.273334241997877037e-01,5.516161230803615645e-01,-6.767947846597621719e-07
1.697864944675209522e+09,-2.755276888423734931e+02,-2.693299384177785782e+02,2.283232035928144796e+03,0.000000000000000000e+00,1.697864945289187908e+09,1.759017601963246413e+00,-4.515392964210034332e-01,5.562011115770900682e-01,1.332320521507668332e-05
1.697864944909314632e+09,-3.555364361843448364e+02,-2.678311882913568525e+02,2.247145209580839492e+03,0.000000000000000000e+00,1.697864945464095116e+09,1.755954127363782868e+00,-4.801325472057784705e-01,5.679042021412586960e-01,-6.767947846597621719e-07
1.697864945765955687e+09,-3.488443826365677864e+02,-2.258945251372224448e+02,2.083229291417166678e+03,0.000000000000000000e+00,1.697864945639074326e+09,1.760271057501436864e+00,-5.074334890882126192e-01,5.820623225043521920e-01,-2.967679478471652033e-05
1.697864945277351618e+09,-3.925403632624318675e+02,-2.271208498890112821e+02,2.090454890219561548e+03,0.000000000000000000e+00,1.697864945814139605e+09,1.763170178101624685e+00,-5.336384950353425527e-01,6.069465265370364015e-01,5.632320521531397617e-05
1.697864945444594622e+09,-4.345804968095661138e+02,-2.315428067412032362e+02,2.126186152694611792e+03,0.000000000000000000e+00,1.697864945964017630e+09,1.764954631508246496e+00,-5.560119091178017392e-01,6.245208244201604364e-01,1.332320521507668332e-05
1.697864945645218611e+09,-4.677210467812140564e+02,-2.294725320422363950e+02,2.085870583832336251e+03,0.000000000000000000e+00,1.697864946189080477e+09,1.764649053059885730e+00,-5.898780624262514038e-01,6.560507832297727271e-01,-6.767947846597621719e-07
1.697864945812468529e+09,-4.840695576755751404e+02,-2.412447448115521240e+02,2.109936027944112993e+03,0.000000000000000000e+00,1.697864946364070415e+09,1.769300555028096689e+00,-6.142584941394801934e-01,6.840134727526823166e-01,-4.367679478489705502e-05
1.697864946466895819e+09,-4.871881835674769832e+02,-2.791249888945349653e+02,2.018211352295410279e+03,0.000000000000000000e+00,1.697864946514053583e+09,1.772578172831262622e+00,-6.372370866226729769e-01,7.123328294293358454e-01,1.332320521507668332e-05
1.697864946180441618e+09,-4.543250435852636429e+02,-2.305905105314100751e+02,1.951766966067865269e+03,0.000000000000000000e+00,1.697864946664091587e+09,1.772808144211817316e+00,-6.632295428158756501e-01,7.391198523072901594e-01,2.832320521539699598e-05
1.697864946314223528e+09,-4.444303592983599742e+02,-2.190441764780357801e+02,1.950561926147705435e+03,0.000000000000000000e+00,1.697864946889113665e+09,1.775909195641969029e+00,-7.009399172500514474e-01,7.836245140148790922e-01,-1.467679478484029687e-05
1.697864946682195663e+09,-3.957477081823652725e+02,-2.276103851250502714e+02,1.941070059880240478e+03,0.000000000000000000e+00,1.697864947214087009e+09,1.779938005974616821e+00,-7.583641333496456971e-01,8.408668330376231070e-01,-6.767947846597621719e-07
1.697864946849533558e+09,-3.601779118799896651e+02,-2.062803850531439878e+02,1.875910379241518058e+03,0.000000000000000000e+00,1.697864947389123201e+09,1.782415145271839751e+00,-7.915451504643358227e-01,8.696338198022993682e-01,-6.767947846597621719e-07
1.697864948187462568e+09,-4.463785681171852957e+02,-2.091227292850557831e+02,1.945334605788423914e+03,0.000000000000000000e+00,1.697864948789087296e+09,1.770619216168926702e+00,-9.507571087104869090e-01,1.008752214425838512e+00,-1.467679478484029687e-05
1.697864948555586576e+09,-4.765181581269852700e+02,-2.032747521592957014e+02,1.849773403193613376e+03,0.000000000000000000e+00,1.697864949164079189e+09,1.778460428362842460e+00,-9.650937483634439706e-01,1.047090462131179622e+00,1.332320521507668332e-05
1.697864952770252466e+09,-8.612634189871522494e+02,-1.998693690240454828e+02,1.840894960079840757e+03,0.000000000000000000e+00,1.697864953314193487e+09,2.343660689305657741e+00,-9.433184814663333473e-01,8.393740337657258355e-01,9.393043232052149527e-01
1.697864952937504530e+09,-8.693187193090949449e+02,-2.017662965250542015e+02,1.866668512974052646e+03,0.000000000000000000e+00,1.697864953489204884e+09,2.378580258940693248e+00,-9.433025751802784908e-01,8.238642901852187839e-01,1.001054323205214924e+00
1.697864953138130665e+09,-9.180246158716764739e+02,-2.326119807116951677e+02,2.037467814371258328e+03,0.000000000000000000e+00,1.697864953689160585e+09,2.419285834855054773e+00,-9.443600041900447328e-01,8.148543445480035396e-01,1.042846323205214976e+00
1.697864953372257471e+09,-9.321691900190880915e+02,-2.345437609112790938e+02,2.143315419161677255e+03,0.000000000000000000e+00,1.697864953864216089e+09,2.453786165995754054e+00,-9.432452667979475125e-01,8.219030773719608884e-01,1.064551323205214839e+00
1.697864953472634554e+09,-9.546698427495326769e+02,-2.475690561514054764e+02,2.213650523952097046e+03,0.000000000000000000e+00,1.697864954392234564e+09,2.490275984008259780e+00,-9.404191909018151385e-01,8.252415885074646518e-01,1.099814323205215327e+00
1.697864953673381567e+09,-9.271065965167123295e+02,-2.519415125606240622e+02,2.205185429141717577e+03,0.000000000000000000e+00,1.697864954214175940e+09,2.514713008807114125e+00,-9.353340303286461488e-01,8.207168301289261558e-01,1.144713323205215350e+00
1.697864953874011517e+09,-9.467456417357473129e+02,-2.519577322294194062e+02,2.286310379241518149e+03,0.000000000000000000e+00,1.697864954414179325e+09,2.548236681344696830e+00,-9.284433735388111231e-01,8.086038920395332008e-01,1.191358323205215175e+00
1.697864954412615776e+09,-9.385768681981115833e+02,-2.658836802693440404e+02,2.297338323353294527e+03,0.000000000000000000e+00,1.697864954589198828e+09,2.575344000449536708e+00,-9.209053689062824954e-01,8.093654432163022161e-01,1.227982323205214943e+00
1.697864954175140619e+09,-9.396322607139298952e+02,-2.977836372274609289e+02,2.323371706586827258e+03,0.000000000000000000e+00,1.697864954739184618e+09,2.593252743169274677e+00,-9.139490567996012560e-01,8.131684950650459598e-01,1.256229323205215298e+00
1.697864954375768661e+09,-9.557686598190891800e+02,-3.165279300116463901e+02,2.458949875249501474e+03,0.000000000000000000e+00,1.697864954914162397e+09,2.613626559125686200e+00,-9.022233736276383809e-01,8.269227588226274461e-01,1.280082323205215200e+00
1.697864954543016672e+09,-9.653936027367664110e+02,-3.067815947396674687e+02,2.576860404191617818e+03,0.000000000000000000e+00,1.697864955891626835e+09,2.630389480520608725e+00,-8.893324137545125518e-01,8.287638575327359591e-01,1.326669323205214912e+00
1.697864954743771553e+09,-9.219261981518262701e+02,-3.145847177858195778e+02,2.578145733532935537e+03,0.000000000000000000e+00,1.697864955264154673e+09,2.648441125194081813e+00,-8.763806581433415399e-01,8.197798775794375992e-01,1.367531323205215532e+00
1.697864954911021471e+09,-9.079571789945363207e+02,-3.360771490069356560e+02,2.720446531936127940e+03,0.000000000000000000e+00,1.697864955439195395e+09,2.661141461521394191e+00,-8.622624318625147222e-01,8.112713797082728995e-01,1.427491323205214879e+00
1.697864955447825670e+09,-8.593942916056428203e+02,-3.393770942214810589e+02,2.695874800399203195e+03,0.000000000000000000e+00,1.697864955589208364e+09,2.674235870286776340e+00,-8.497899667504150711e-01,8.089930969127293592e-01,1.464315323205215069e+00
1.697864955212022543e+09,-8.445580939127570446e+02,-3.555610003361832128e+02,2.871993937125750108e+03,0.000000000000000000e+00,1.697864955764259100e+09,2.686129482533963220e+00,-8.362421590149637929e-01,8.209585579398239741e-01,1.497144323205215510e+00
1.697864955412911654e+09,-7.781072295807888395e+02,-3.628338042058773567e+02,2.942152470059882035e+03,0.000000000000000000e+00,1.697864955914213181e+09,2.692376485962139743e+00,-8.225382409716850418e-01,8.561388090046031518e-01,1.505691323205215593e+00
1.697864955546662569e+09,-7.244754590653313926e+02,-3.863104034108754945e+02,3.010341217564871386e+03,0.000000000000000000e+00,1.697864956139245749e+09,2.703296857988306101e+00,-7.987983857790372788e-01,9.287439119234274232e-01,1.503888323205214927e+00
1.697864955780870676e+09,-5.909247449997328658e+02,-3.836928549782689402e+02,3.104091117764472529e+03,0.000000000000000000e+00,1.697864956289153576e+09,2.707656688952452484e+00,-7.845847936452968741e-01,9.521922457286312591e-01,1.523101323205215518e+00
1.697864955914541483e+09,-4.749177364136015171e+02,-3.997373912794592457e+02,3.188385728542916240e+03,0.000000000000000000e+00,1.697864956514052391e+09,2.723397536754104564e+00,-7.625229410047756895e-01,9.454752651665793151e-01,1.549287323205215561e+00
1.697864956482855797e+09,-4.068548412161880492e+02,-4.146714250577751386e+02,3.233514146706588235e+03,0.000000000000000000e+00,1.697864956639111042e+09,2.727108247957624521e+00,-7.541576974657130394e-01,9.362737734444807058e-01,1.580455323205215645e+00
1.697864956282560587e+09,-3.507445609873628314e+02,-4.071828648680493643e+02,3.254671606786428583e+03,0.000000000000000000e+00,1.697864956814106941e+09,2.730205168316022224e+00,-7.395425386760274833e-01,9.198686495685961528e-01,1.603062323205215467e+00
1.697864956449815512e+09,-3.514264028358639393e+02,-4.127039206199202113e+02,3.155974675648703851e+03,0.000000000000000000e+00,1.697864957142420053e+09,2.739525678775513118e+00,-7.233143073747498875e-01,9.190726106795180650e-01,1.614616323205214865e+00
1.697864956650413513e+09,-3.865331546981536235e+02,-4.160032505095434203e+02,3.229142190618764289e+03,0.000000000000000000e+00,1.697864957189180613e+09,2.747224032167740138e+00,-7.067222425192322133e-01,9.133978271601586041e-01,1.637237323205214867e+00
1.697864956817662477e+09,-3.814217435276129891e+02,-4.163757918758836354e+02,3.255768812375250036e+03,0.000000000000000000e+00,1.697864957364135742e+09,2.747461989071295907e+00,-6.932326145543449281e-01,8.975163629665442455e-01,1.666330323205215347e+00
1.697864956951570511e+09,-3.619964739431869134e+02,-4.291431143611407037e+02,3.290355788423154536e+03,0.000000000000000000e+00,1.697864957539157629e+09,2.750375145154764223e+00,-6.784800267734052426e-01,8.735041033367740848e-01,1.699002323205215159e+00
1.697864957152199507e+09,-3.800305623532158847e+02,-4.287993160322823201e+02,3.325797205588823999e+03,0.000000000000000000e+00,1.697864957739098310e+09,2.758912421587800257e+00,-6.623953162590054955e-01,8.580531531071550200e-01,1.736813323205215642e+00
1.697864957319451571e+09,-3.559009744483923896e+02,-4.381921466707500485e+02,3.335602345309382599e+03,0.000000000000000000e+00,1.697864957914162636e+09,2.752462127519194279e+00,-6.496067461225019102e-01,8.547849487932531742e-01,1.757387323205215512e+00
1.697864957520199537e+09,-3.485910472452445106e+02,-4.364912102013960293e+02,3.398743662674652114e+03,0.000000000000000000e+00,1.697864958641710043e+09,2.761776181346589087e+00,-6.360272450798004629e-01,8.670474359827909927e-01,1.767094323205215201e+00
1.697864957653952599e+09,-3.158520272376503044e+02,-4.529529103487450357e+02,3.555027719560879632e+03,0.000000000000000000e+00,1.697864958239073753e+09,2.758728720178091898e+00,-6.228316064943194563e-01,8.622103507704682590e-01,1.773351323205214936e+00
1.697864957787826538e+09,-2.852857492588316859e+02,-4.610560595471101237e+02,3.613357460079841985e+03,0.000000000000000000e+00,1.697864958389143229e+09,2.761406618044831784e+00,-6.117106042419599987e-01,8.556420727371532031e-01,1.773908323205215520e+00
1.697864958219545603e+09,-2.442313510293027150e+02,-4.910826636857064500e+02,3.663083732534931187e+03,0.000000000000000000e+00,1.697864958589218855e+09,2.761134982840675267e+00,-5.979722660027319003e-01,8.392598434204765478e-01,1.773852323205215686e+00
1.697864958222676516e+09,-3.142931693652413401e+02,-4.794076957745843970e+02,3.663521057884233414e+03,0.000000000000000000e+00,1.697864958764119864e+09,2.771237294165836751e+00,-5.869555728482109824e-01,8.324878276201266303e-01,1.773866323205214979e+00
1.697864958322954655e+09,-3.596765896054904488e+02,-4.888563870050968490e+02,3.775055513972057724e+03,0.000000000000000000e+00,1.697864958939151049e+09,2.761927785707201100e+00,-5.752824501910341892e-01,8.405456044451736775e-01,1.773809323205215005e+00
1.697864958557182550e+09,-5.600840510202856422e+02,-5.725716989964925006e+02,4.299332759481039830e+03,0.000000000000000000e+00,1.697864959892239809e+09,2.776123281313759517e+00,-5.659576292111110352e-01,8.708592729345042693e-01,1.747837323205215565e+00
1.697864958724430561e+09,-4.726417307844497486e+02,-4.821015862884735270e+02,3.675862724550899657e+03,0.000000000000000000e+00,1.697864959289286137e+09,2.770873723423318946e+00,-5.507762705106212797e-01,9.497927351770899529e-01,1.643064323205214894e+00
1.697864958925063610e+09,-4.034333761849424604e+02,-4.855789210474750348e+02,3.712171107784432479e+03,0.000000000000000000e+00,1.697864959439282179e+09,2.776987432129288003e+00,-5.404173464066257537e-01,1.042126657037954818e+00,1.454593323205215061e+00
1.697864959589345694e+09,-4.994329169053054329e+02,-5.205796204555830400e+02,3.823716442115770406e+03,0.000000000000000000e+00,1.697864959589269161e+09,2.779191378390367007e+00,-5.286148753563540970e-01,1.147775932560356260e+00,1.249300323205214891e+00
1.697864959259563684e+09,-7.186461583198270091e+02,-5.247168365413598394e+02,3.533840469061877229e+03,0.000000000000000000e+00,1.697864959814131975e+09,2.785212204149721149e+00,-5.075195025380521141e-01,1.319163917988977808e+00,1.023361323205215445e+00
1.697864959426811457e+09,-1.089008140931327716e+03,-6.159983526350795273e+02,4.038122779441119746e+03,0.000000000000000000e+00,1.697864959989119053e+09,2.789212154759132645e+00,-4.898699372292765197e-01,1.444385361098710518e+00,8.183823232052156449e-01
1.697864959594065666e+09,-9.929341879785528135e+02,-4.729456914387336042e+02,2.813254166666668425e+03,0.000000000000000000e+00,1.697864960163928747e+09,2.793660965815131014e+00,-4.709810600408976256e-01,1.523383431503035013e+00,6.420373232052152268e-01
1.697864959794813633e+09,-4.241469729063661589e+02,-1.630214358854537977e+02,9.019481037924155089e+02,0.000000000000000000e+00,1.697864960338871479e+09,2.801081197362174535e+00,-4.579807745960383092e-01,1.528004957562303812e+00,5.921993232052149558e-01
1.697864959962064505e+09,-8.198805711069127256e+02,-3.490000428904339174e+02,1.301756536926148328e+03,0.000000000000000000e+00,1.697864960513835907e+09,2.811579626765183360e+00,-4.470149008730840423e-01,1.476784908991490397e+00,5.990003232052152349e-01
1.697864960958205700e+09,-2.284393308638803774e+03,-4.119774047719801615e+02,3.116551596806388261e+03,0.000000000000000000e+00,1.697864960713963985e+09,2.821618737551915057e+00,-4.371717888481680414e-01,1.384785708942819271e+00,6.662193232052149305e-01
1.697864961534208536e+09,-2.266908428313001878e+03,-4.608204330879291319e+02,3.555057185628743810e+03,0.000000000000000000e+00,1.697864962892188549e+09,2.881425288623856940e+00,-4.160667974818459403e-01,9.022373834996129105e-01,1.610736323205215204e+00
1.697864961701457500e+09,-2.043922020183001450e+03,-5.089855601543758894e+02,3.808469461077846063e+03,0.000000000000000000e+00,1.697864962289238453e+09,2.899453901682308210e+00,-4.300090385202435250e-01,8.603949468406513201e-01,1.674419323205215360e+00
1.697864961835208654e+09,-1.769393003915571626e+03,-5.593386931939473925e+02,3.894027619760480320e+03,0.000000000000000000e+00,1.697864962414253473e+09,2.903876598278197996e+00,-4.460245629252401756e-01,8.337903529451464735e-01,1.734351323205215234e+00
1.697864962359605789e+09,-1.426255240446004109e+03,-5.445724769971249088e+02,3.818631262475051244e+03,0.000000000000000000e+00,1.697864962589232445e+09,2.914438906286186626e+00,-4.707912503687793349e-01,8.125548909316367974e-01,1.770143323205215058e+00
1.697864962236741543e+09,-1.615050816933106717e+03,-6.777124249596096206e+02,4.765079665668664347e+03,0.000000000000000000e+00,1.697864962789200544e+09,2.927741856650915686e+00,-5.035712075661704645e-01,7.980460941524034624e-01,1.773951323205215314e+00
1.697864962437341452e+09,-1.511671149069870580e+03,-7.040370891020779709e+02,5.015092215568863139e+03,0.000000000000000000e+00,1.697864962964264154e+09,2.952836942142452514e+00,-5.354488814390548912e-01,8.077907514931108590e-01,1.773880323205215159e+00
1.697864962537715673e+09,-1.393277285259571272e+03,-6.787110304332968553e+02,4.734830289421160160e+03,0.000000000000000000e+00,1.697864963139322042e+09,2.970109462219851171e+00,-5.645710374372227003e-01,8.290505153594701637e-01,1.759749323205215266e+00
1.697864962738499641e+09,-1.382476916596004003e+03,-6.609675552537707972e+02,4.682216242514971782e+03,0.000000000000000000e+00,1.697864963289172173e+09,2.984822282437952445e+00,-5.889472295103533872e-01,8.342042025677849360e-01,1.760780323205215492e+00
1.697864962872246504e+09,-1.397244932529793687e+03,-7.215542553486577617e+02,5.020869461077845699e+03,0.000000000000000000e+00,1.697864963489136219e+09,3.008032962028626134e+00,-6.211743875606695608e-01,8.216375565751866672e-01,1.773279323205215530e+00
1.697864963106342554e+09,-1.022433677257777617e+03,-5.769934229361239204e+02,3.722873952095810182e+03,0.000000000000000000e+00,1.697864963639205217e+09,3.028502602981320457e+00,-6.458574815421784798e-01,8.137047051396328889e-01,1.774066323205215401e+00
1.697864963273624659e+09,-1.270158417577849605e+03,-6.981078175991309536e+02,4.790882984031936758e+03,0.000000000000000000e+00,1.697864963814175844e+09,3.054810188392986348e+00,-6.713148632994218046e-01,8.090121893297061995e-01,1.773809323205215005e+00
1.697864963440972567e+09,-1.376589690303736234e+03,-7.218774799631440828e+02,5.111691516966070594e+03,0.000000000000000000e+00,1.697864963964123964e+09,3.067160802861399027e+00,-6.917038385797467104e-01,8.170460130825917267e-01,1.773794323205215573e+00
1.697864963608129501e+09,-1.482591940837826996e+03,-7.464342819822895763e+02,5.235525998003992754e+03,0.000000000000000000e+00,1.697864964189097404e+09,3.100006158006043400e+00,-7.123964090734120624e-01,8.472081751682563056e-01,1.773908323205215520e+00
1.697864963808883667e+09,-1.428179256418901559e+03,-7.398411135331449486e+02,5.101303867265471126e+03,0.000000000000000000e+00,1.697864964364114761e+09,3.114888693733349534e+00,-7.217135619791261725e-01,8.453805057858957417e-01,1.773794323205215573e+00
1.697864963976141453e+09,-1.388844788860886183e+03,-8.246197276954335393e+02,5.413689146706587962e+03,0.000000000000000000e+00,1.697864964564054251e+09,3.126844215989377229e+00,-7.288836290874440849e-01,8.313750081897363087e-01,1.773766323205215212e+00
1.697864964109882593e+09,-1.366409732261408863e+03,-8.094942610657104751e+02,5.455881012974054102e+03,0.000000000000000000e+00,1.697864964714153290e+09,3.136392591579406197e+00,-7.325837778865110783e-01,8.212215170469481240e-01,1.773794323205215573e+00
1.697864964344114542e+09,-1.503210759837246769e+03,-8.673191538834247467e+02,5.596322579840320032e+03,0.000000000000000000e+00,1.697864964889137030e+09,3.147603135193745238e+00,-7.315970746132578473e-01,8.199320587262318716e-01,1.773823323205215186e+00
1.697864964511356592e+09,-1.771051266614201268e+03,-9.340210987966086122e+02,6.202481536926150511e+03,0.000000000000000000e+00,1.697864965392507792e+09,3.155350985248136730e+00,-7.288189451363202842e-01,8.370956685238878370e-01,1.773880323205215159e+00
1.697864964812361479e+09,-1.584600532993159504e+03,-8.228731901239884792e+02,5.480887999001997741e+03,0.000000000000000000e+00,1.697864965389237404e+09,3.158587618214912851e+00,-7.111521300255596589e-01,8.544599522088126564e-01,1.773737323205215599e+00
1.697864965799905777e+09,-1.480626949121374764e+03,-8.939578110514127047e+02,5.891699401197607585e+03,0.000000000000000000e+00,1.697864965589242220e+09,3.161158699034448016e+00,-6.987243953132966645e-01,8.450382495150062789e-01,1.773880323205215159e+00
1.697864965247255564e+09,-1.501775553605790037e+03,-8.811568377630579789e+02,5.758594610778444803e+03,0.000000000000000000e+00,1.697864965764197588e+09,3.156280993026505222e+00,-6.861066485431341899e-01,8.365831384338647814e-01,1.773852323205215686e+00
1.697864965347613573e+09,-1.598361875348070271e+03,-9.118976447910367824e+02,5.893720558882238038e+03,0.000000000000000000e+00,1.697864965939276695e+09,3.160692222990363565e+00,-6.722074055008535609e-01,8.389762573248249478e-01,1.773794323205215573e+00
1.697864965581744671e+09,-1.601654890285495867e+03,-8.693770610660067177e+02,5.644905788423156082e+03,0.000000000000000000e+00,1.697864966114270926e+09,3.159963632136407963e+00,-6.575138469260249918e-01,8.598538168828208095e-01,1.773837323205215366e+00
1.697864965715495586e+09,-1.723148375148213290e+03,-8.937531678350618449e+02,5.913916442115770224e+03,0.000000000000000000e+00,1.697864966289255381e+09,3.170426737649213234e+00,-6.379014743520197150e-01,8.712208358486505100e-01,1.773880323205215159e+00
1.697864965983120680e+09,-1.607469365792604549e+03,-8.844554326698222440e+02,5.892531337325351160e+03,0.000000000000000000e+00,1.697864966489177227e+09,3.178978393433151695e+00,-6.181861712282307186e-01,8.577791882310020766e-01,1.773522323205214857e+00
1.697864966834965706e+09,-1.609323379832701448e+03,-9.236743571891795455e+02,6.014459081836329460e+03,0.000000000000000000e+00,1.697864966639181376e+09,3.193726985021768439e+00,-6.027652834938491688e-01,8.481052144235664558e-01,1.774052323205215220e+00
1.697864966284124613e+09,-1.789568236677774848e+03,-9.951714521595505403e+02,6.307598278443115305e+03,0.000000000000000000e+00,1.697864966839287519e+09,3.198314440174526485e+00,-5.853828844408318632e-01,8.460114483152878506e-01,1.773852323205215686e+00
1.697864966384501457e+09,-1.919998814305122096e+03,-1.013682521364791569e+03,6.396400873253495774e+03,0.000000000000000000e+00,1.697864966989243507e+09,3.207075546503737495e+00,-5.708590310240673205e-01,8.511903995010841051e-01,1.773751323205214891e+00
1.697864966585253477e+09,-2.108723573267084248e+03,-1.098103956973692448e+03,6.643026447105792613e+03,0.000000000000000000e+00,1.697864967139359951e+09,3.219733036538823701e+00,-5.564940712395922695e-01,8.703698603418258406e-01,1.773908323205215520e+00
1.697864966819379568e+09,-1.889157797523016598e+03,-9.328122432994372275e+02,5.917605414171658595e+03,0.000000000000000000e+00,1.697864967364132643e+09,3.237745119662186699e+00,-5.319165495910570529e-01,8.761469724770122314e-01,1.773895323205215480e+00
1.697864966986632586e+09,-1.756168273426991618e+03,-8.977592894959025216e+02,5.735104765469063750e+03,0.000000000000000000e+00,1.697864967514050245e+09,3.245113735594807203e+00,-5.178422956135008137e-01,8.654394375413346774e-01,1.773737323205215599e+00
1.697864967321132660e+09,-1.795692476000978559e+03,-9.027457370021832048e+02,5.765028792415172575e+03,0.000000000000000000e+00,1.697864967864209175e+09,3.262392860109428749e+00,-4.864216384101730517e-01,8.494327400455078392e-01,1.773766323205215212e+00
1.697864967488389492e+09,-2.034189627175543137e+03,-9.859157003624836761e+02,6.268854491017966211e+03,0.000000000000000000e+00,1.697864968392834425e+09,3.271389019636311790e+00,-4.722322845728353369e-01,8.548253005732755483e-01,1.773766323205215212e+00
1.697864967789544582e+09,-1.764479655565875191e+03,-8.182209413819617794e+02,5.150460079840321669e+03,0.000000000000000000e+00,1.697864968389257669e+09,3.295402156670946603e+00,-4.403037726033794397e-01,8.659341728799275772e-01,1.773923323205214952e+00
1.697864968236385584e+09,-2.005710887456622913e+03,-9.267029601831964101e+02,6.149195658682638168e+03,0.000000000000000000e+00,1.697864968539278030e+09,3.316332551513030413e+00,-4.268500643456418775e-01,8.574603603785222461e-01,1.773766323205215212e+00
1.697864968391518593e+09,-1.624908195832033925e+03,-7.569348613759954105e+02,4.680898752495011649e+03,0.000000000000000000e+00,1.697864968939309120e+09,3.347144658843333787e+00,-3.953964324004401454e-01,8.424438402649877533e-01,1.773823323205215186e+00
1.697864968525423527e+09,-1.848839733549117000e+03,-8.150356741317692695e+02,5.076406337325351160e+03,0.000000000000000000e+00,1.697864969643244028e+09,3.360326193207290313e+00,-3.858976959041020005e-01,8.502106122020334222e-01,1.773951323205215314e+00
1.697864969271785736e+09,-2.585746194109001863e+03,-1.068759027568782358e+03,6.711440743512976951e+03,0.000000000000000000e+00,1.697864969614278316e+09,3.408837437574784524e+00,-3.467739789269947970e-01,8.095153378908471753e-01,1.773751323205214891e+00
1.697864969361650467e+09,-3.922563935892251266e+03,-1.468463860887113469e+03,9.113724176646712294e+03,0.000000000000000000e+00,1.697864969989256620e+09,3.442278232556152950e+00,-3.220525373821136461e-01,8.227511753686457263e-01,1.773852323205215686e+00
1.697864969763059616e+09,-3.320856051443869546e+03,-1.194167885169396641e+03,7.515055089820362809e+03,0.000000000000000000e+00,1.697864970289334059e+09,3.469735581146069947e+00,-3.001182756959444031e-01,8.662144999620970953e-01,1.773794323205215573e+00
1.697864969896812677e+09,-2.913548101665942340e+03,-1.070322951710105372e+03,6.991016616766470179e+03,0.000000000000000000e+00,1.697864970464268208e+09,3.487025583799022055e+00,-2.878661743471002676e-01,8.706357391429048187e-01,1.773794323205215573e+00
1.697864970975855589e+09,-2.599116837582391327e+03,-1.056685159913328562e+03,6.775787974051900164e+03,0.000000000000000000e+00,1.697864970639210701e+09,3.506407944332156745e+00,-2.790889622680772786e-01,8.585869909363551544e-01,1.773794323205215573e+00
1.697864970264819622e+09,-1.605278050754939841e+03,1.499392424885210744e+02,3.142473153692615597e+03,0.000000000000000000e+00,1.697864970839191437e+09,3.534680383138426141e+00,-2.694033498304381768e-01,8.513223114534916869e-01,1.773837323205215366e+00
1.697864970432064533e+09,-2.772227535297535724e+03,-1.128734060195955408e+03,7.153948128742517838e+03,0.000000000000000000e+00,1.697864970989175320e+09,3.554732415130740009e+00,-2.632707189907549927e-01,8.529835497690948509e-01,1.773852323205215686e+00
1.697864970632793665e+09,-2.358360663423828555e+03,-9.361626583477128634e+02,5.798908133732536953e+03,0.000000000000000000e+00,1.697864971189250231e+09,3.582422250984002687e+00,-2.554426563113571524e-01,8.697159569892844999e-01,1.773852323205215686e+00
1.697864970833454609e+09,-3.165245432868161060e+03,-1.163237455256671637e+03,7.734059580838326838e+03,0.000000000000000000e+00,1.697864971489202261e+09,3.627318019664946380e+00,-2.427977274064962443e-01,8.624933474781499854e-01,1.773809323205215005e+00
1.697864971675725698e+09,-2.983893897705273048e+03,-1.145190624672937247e+03,7.554505064870261776e+03,0.000000000000000000e+00,1.697864971614141941e+09,3.647243381997870237e+00,-2.378379700556412235e-01,8.542722023529852882e-01,1.773794323205215573e+00
1.697864971167952538e+09,-3.164470351360180302e+03,-1.243867430142933699e+03,7.897944361277449389e+03,0.000000000000000000e+00,1.697864971789198875e+09,3.678482877514682059e+00,-2.312640534792635427e-01,8.417221579749543103e-01,1.773866323205214979e+00
1.697864971435551643e+09,-2.847073105203442083e+03,1.858875182837493583e+02,5.149710404191619091e+03,0.000000000000000000e+00,1.697864971964094877e+09,3.704714211330758733e+00,-2.246894507045663625e-01,8.384793251290653116e-01,1.773794323205215573e+00
1.697864971669672489e+09,-4.300784162702850153e+03,-1.607363151343874279e+03,9.651816566866269568e+03,0.000000000000000000e+00,1.697864972139197111e+09,3.732142976476960694e+00,-2.192282128268205343e-01,8.553307221448726017e-01,1.773837323205215366e+00
1.697864971836932659e+09,-3.934964111326375132e+03,-1.443007649640879436e+03,8.790637125748506151e+03,0.000000000000000000e+00,1.697864972339197636e+09,3.765301066816754805e+00,-2.104471345664307158e-01,8.706682854217100420e-01,1.773895323205215480e+00
1.697864972376795769e+09,-3.403879047897451073e+03,-1.301447917659586892e+03,8.022181711576849921e+03,0.000000000000000000e+00,1.697864972514181852e+09,3.794657367865503339e+00,-2.039500671005589627e-01,8.678206790625535572e-01,1.773794323205215573e+00
1.697864972204927683e+09,-3.328280633375443358e+03,-1.349476738494438678e+03,8.081319486027949097e+03,0.000000000000000000e+00,1.697864972689248800e+09,3.819978154585650376e+00,-1.994377305162101932e-01,8.587269580183874984e-01,1.773780323205215392e+00
1.697864972706684589e+09,-4.582846684178233772e+03,-1.698185043846413691e+03,1.032506374750499344e+04,0.000000000000000000e+00,1.697864973189460754e+09,3.908575095508142638e+00,-1.858401310986036448e-01,8.619207878988515148e-01,1.590721323205215310e+00
1.697864972940811634e+09,-6.047359135735381642e+03,-1.962915710810556902e+03,1.221066299900199920e+04,0.000000000000000000e+00,1.697864973389387846e+09,3.944142345669678029e+00,-1.818076847270853613e-01,9.092193104356351974e-01,1.424313323205215642e+00
1.697864973746845722e+09,-7.014583149388183301e+03,-1.835836706438573628e+03,1.165173827345310019e+04,0.000000000000000000e+00,1.697864973589387178e+09,3.981484713942418541e+00,-1.760571026656525540e-01,9.949073665423256996e-01,1.258191323205215095e+00
1.697864973208436489e+09,-1.905722213430858574e+03,-3.273966827555865962e+02,2.619355139720560146e+03,0.000000000000000000e+00,1.697864973764340401e+09,4.009081044208433475e+00,-1.691617962601313641e-01,1.089083738601531959e+00,1.058867323205215261e+00
1.697865013814715624e+09,2.993252227397351362e+03,-9.957358374747265373e+01,3.504598328343315188e+03,0.000000000000000000e+00,1.697865013389370918e+09,5.208302839708395915e+00,3.687403122375185749e-01,-4.200926529208189042e-02,-7.267679478495381318e-05
1.697865013683448553e+09,1.885449193523681288e+03,-7.448675139270991394e+02,3.938848353293415130e+03,0.000000000000000000e+00,1.697865014642255783e+09,4.938304948583397191e+00,3.476717004514104370e-01,-2.962943349900276635e-02,-1.726767947847207552e-04
1.697865013817355633e+09,1.496970888043691502e+03,-6.485990886458932891e+02,3.586179790419163510e+03,0.000000000000000000e+00,1.697865014239146709e+09,4.865934963215305054e+00,3.436167831712722553e-01,-3.288253651790472298e-02,8.532320521537073432e-05
1.697865013984579563e+09,1.446552548384064039e+03,-7.527166938144818005e+02,4.096020134730540121e+03,0.000000000000000000e+00,1.697865014389171839e+09,4.802003297522789538e+00,3.385676253087336329e-01,-3.722478749874006537e-02,-2.967679478471652033e-05
