1.697875649599515200e+09,-9.454523195610895527e+02,-1.660181903855818291e+03,9.911771307385233740e+03,0.000000000000000000e+00,1.697875649945352793e+09,8.966087947532568048e-02,6.844617265180643825e-04,-9.608178852162432837e-03,-1.576767947848445317e-04
1.697875649633011341e+09,-9.300984698718162917e+02,-1.638191249570907303e+03,9.773361826347307215e+03,0.000000000000000000e+00,1.697875650270358562e+09,8.764002013771886312e-02,-6.096026504077258282e-04,-8.947786512627354735e-03,-1.576767947848445317e-04
1.697875649934017181e+09,-9.317011763930757979e+02,-1.636806183336821505e+03,9.801895833333337578e+03,0.000000000000000000e+00,1.697875650520382404e+09,8.857182462470089557e-02,-6.333582651500174916e-04,-9.027160960240601661e-03,-1.576767947848445317e-04
1.697875650235030174e+09,-9.249068249961208039e+02,-1.633766668797931288e+03,9.756379990019962861e+03,0.000000000000000000e+00,1.697875650745468855e+09,8.652363654156433603e-02,-8.120515845017385083e-04,-8.940881571996362950e-03,-1.576767947848445317e-04
1.697875650402281284e+09,-9.185042411399721232e+02,-1.626714142982438943e+03,9.701980638722558069e+03,0.000000000000000000e+00,1.697875650995409727e+09,8.526337405281689263e-02,-1.595343907430307046e-03,-8.782323654365506091e-03,-1.576767947848445317e-04
1.697875650703398228e+09,-9.317526353124696925e+02,-1.647084863046416785e+03,9.829783058882239857e+03,0.000000000000000000e+00,1.697875651195337057e+09,8.730411004042887280e-02,-8.610813688483039824e-04,-9.185243655933168078e-03,-1.576767947848445317e-04
1.697875650971020222e+09,-9.273956773496815913e+02,-1.643187049103541995e+03,9.796211576846311800e+03,0.000000000000000000e+00,1.697875651395411253e+09,8.786787203468998664e-02,-1.177783172711954936e-03,-8.952015705290198438e-03,-1.576767947848445317e-04
1.697875651205184221e+09,-9.220877936257317060e+02,-1.629923652874460004e+03,9.730922380239524500e+03,0.000000000000000000e+00,1.697875651645516157e+09,8.545097516674592109e-02,-1.175187961859067284e-03,-8.785117946071594602e-03,-1.576767947848445317e-04
1.697875651338941336e+09,-9.285815210425504347e+02,-1.639229722324888826e+03,9.784308358283435155e+03,0.000000000000000000e+00,1.697875651820502043e+09,8.595354801422336322e-02,-1.426928247149147119e-03,-8.703962459420028913e-03,-1.576767947848445317e-04
1.697875651606541157e+09,-9.249027870647047394e+02,-1.618509137294962102e+03,9.752277644710582535e+03,0.000000000000000000e+00,1.697875651970446110e+09,8.766059679353288558e-02,-7.267596679382320665e-04,-9.083022642103507141e-03,-1.576767947848445317e-04
1.697875651773793221e+09,-9.224785027584034651e+02,-1.606691516979000653e+03,9.685183957085830116e+03,0.000000000000000000e+00,1.697875652170521498e+09,8.469758488424020126e-02,-2.187522744518076434e-03,-8.547579850893549658e-03,-1.576767947848445317e-04
1.697875651974550247e+09,-9.123237080141813067e+02,-1.586055561015883313e+03,9.634692564870263595e+03,0.000000000000000000e+00,1.697875652345600367e+09,8.798987733124571942e-02,6.479468084978280869e-04,-9.221929015657076567e-03,-1.576767947848445317e-04
1.697875652141804218e+09,-9.337339098592905202e+02,-1.599954619934909488e+03,9.795953343313378355e+03,0.000000000000000000e+00,1.697875652545441628e+09,8.615386198565808118e-02,-6.662339636429297912e-04,-8.825940489002736741e-03,-1.576767947848445317e-04
1.697875652275569201e+09,-9.382897908268455467e+02,-1.609781875822010761e+03,9.807950948103796691e+03,0.000000000000000000e+00,1.697875652770373583e+09,8.438310202464530119e-02,-2.215662634596965441e-03,-8.611330983268043748e-03,-1.576767947848445317e-04
1.697875652509692192e+09,-9.301291794643808544e+02,-1.564816323787431884e+03,9.693560853293416585e+03,0.000000000000000000e+00,1.697875652945469856e+09,8.783409741206961441e-02,-7.678757510939113531e-05,-9.251935584168289456e-03,-1.576767947848445317e-04
1.697875652743950129e+09,-9.258506868298434256e+02,-1.547294591604457537e+03,9.647951047904194638e+03,0.000000000000000000e+00,1.697875653120481491e+09,8.715078952308147331e-02,-9.615871426404041210e-04,-8.981307077511562278e-03,-1.576767947848445317e-04
1.697875652877704144e+09,-9.230169468280424780e+02,-1.554849896772850116e+03,9.640347080838326292e+03,0.000000000000000000e+00,1.697875653270378590e+09,8.797744535208500138e-02,-5.084348013463008305e-04,-9.217786838468241400e-03,-1.576767947848445317e-04
1.697875653111836195e+09,-9.476101792556296459e+02,-1.604244539188660610e+03,9.910320508982038518e+03,0.000000000000000000e+00,1.697875653470437288e+09,8.577879002325543289e-02,-1.791878581297479556e-03,-8.618445681492266017e-03,-1.576767947848445317e-04
1.697875653279090166e+09,-9.261668466597716360e+02,-1.552356492741196689e+03,9.673710603792418624e+03,0.000000000000000000e+00,1.697875653620497227e+09,8.693362482060519592e-02,-7.751089893472569436e-04,-8.984099463231469407e-03,-1.576767947848445317e-04
1.697875653479865313e+09,-9.253003525204427433e+02,-1.553277278303623916e+03,9.733142789421159250e+03,0.000000000000000000e+00,1.697875653770484209e+09,8.715460333284752448e-02,-5.590974861802646030e-04,-8.910439163507449800e-03,-1.576767947848445317e-04
1.697875653613605261e+09,-9.343597737884914523e+02,-1.574845716210525552e+03,9.823165593812378575e+03,0.000000000000000000e+00,1.697875653970412493e+09,8.795721173005983939e-02,-3.485678193083955809e-04,-9.080148812980181131e-03,-1.576767947848445317e-04
1.697875653747482300e+09,-9.279875194203301589e+02,-1.573245425329026375e+03,9.781570858283435882e+03,0.000000000000000000e+00,1.697875654170406103e+09,8.736077596948024770e-02,-6.721022881262133687e-04,-8.977479502745393941e-03,-1.576767947848445317e-04
1.697875653981619358e+09,-9.120940020806511939e+02,-1.575816793973478525e+03,9.644846382235533383e+03,0.000000000000000000e+00,1.697875654320477962e+09,8.840110691838652668e-02,-6.547731603054156302e-05,-9.203204195561165771e-03,-1.576767947848445317e-04
1.697875654115367174e+09,-9.076103494809948415e+02,-1.579879617688167855e+03,9.625194910179645376e+03,0.000000000000000000e+00,1.697875654520428419e+09,8.892292440680149568e-02,-4.325456131655247560e-04,-9.289008685811945068e-03,-1.576767947848445317e-04
1.697875654282624245e+09,-9.218601552087731079e+02,-1.614856065199595832e+03,9.752385578842320683e+03,0.000000000000000000e+00,1.697875654670495272e+09,8.656435980789267681e-02,-1.512329672373034610e-03,-8.839136785457876733e-03,-1.576767947848445317e-04
1.697875654449885130e+09,-9.317382390886273242e+02,-1.631220230144603647e+03,9.832403517964075945e+03,0.000000000000000000e+00,1.697875654870562792e+09,8.744881740820506510e-02,-4.598526201489501648e-04,-9.054731924712892954e-03,-1.576767947848445317e-04
1.697875654617242336e+09,-9.094087846205868573e+02,-1.582429928000501150e+03,9.604783208582835869e+03,0.000000000000000000e+00,1.697875655205286741e+09,8.545956000569585043e-02,-1.394545137715203246e-03,-8.620936760427935081e-03,-1.576767947848445317e-04
1.697875654751043320e+09,-9.235779842540341633e+02,-1.621769018796426963e+03,9.752503617764472438e+03,0.000000000000000000e+00,1.697875655220557213e+09,8.810156337107455382e-02,-8.109151967495243848e-04,-9.090679036466400159e-03,-1.576767947848445317e-04
1.697875655185232401e+09,-9.232041009919405496e+02,-1.616317455827268077e+03,9.734555389221559381e+03,0.000000000000000000e+00,1.697875655370544195e+09,8.578962944136378499e-02,-1.621776983444082366e-03,-8.724137395027928635e-03,-1.576767947848445317e-04
1.697875655219316244e+09,-9.390046142150818014e+02,-1.632993201322846062e+03,9.797334530938127500e+03,0.000000000000000000e+00,1.697875655470499516e+09,8.479141554623648158e-02,-1.577916851027300667e-03,-8.606155405030376307e-03,-1.576767947848445317e-04
1.697875655252814293e+09,-9.391015810265826076e+02,-1.632925189910726203e+03,9.827433433133737708e+03,0.000000000000000000e+00,1.697875655670476437e+09,8.559935541527438629e-02,-1.899330109416126188e-03,-8.602228449575848729e-03,-1.576767947848445317e-04
1.697875655420064211e+09,-9.409750683368222326e+02,-1.606202052887423861e+03,9.826352919161679893e+03,0.000000000000000000e+00,1.697875655895378351e+09,8.859003384572597395e-02,3.658314367148366580e-04,-9.369634839745200408e-03,-1.576767947848445317e-04
1.697875655654203176e+09,-9.390127565025026115e+02,-1.612841768114545175e+03,9.805156761477050168e+03,0.000000000000000000e+00,1.697875656454081297e+09,8.819584828208644478e-02,-2.437268241387863937e-04,-9.107259979883607776e-03,-1.576767947848445317e-04
1.697875655787923336e+09,-9.284994692808136278e+02,-1.603031481623424042e+03,9.719785528942118617e+03,0.000000000000000000e+00,1.697875656220564604e+09,8.863859365269272095e-02,-2.169149175760541094e-04,-9.288592386746129942e-03,-1.576767947848445317e-04
1.697875655988706350e+09,-9.268603398141572143e+02,-1.593114243264017659e+03,9.684611926147706981e+03,0.000000000000000000e+00,1.697875656420537472e+09,8.934868519611088855e-02,-6.393934497978008211e-04,-9.163491099110935775e-03,-1.576767947848445317e-04
1.697875656222844362e+09,-9.237505023344533583e+02,-1.594417602515952922e+03,9.720114820359285659e+03,0.000000000000000000e+00,1.697875656620524406e+09,8.664430875308130886e-02,-9.929023048876059812e-05,-9.017192248972261473e-03,-1.576767947848445317e-04
1.697875656423645258e+09,-9.346385301522565214e+02,-1.610568558306189061e+03,9.772773478043918658e+03,0.000000000000000000e+00,1.697875656845534086e+09,8.774825517615503223e-02,-2.771594299698569401e-04,-9.119156749419640717e-03,-1.576767947848445317e-04
1.697875656557348251e+09,-9.520338852259342275e+02,-1.644729714098332124e+03,9.971841991017967302e+03,0.000000000000000000e+00,1.697875657455232859e+09,8.712186059177404185e-02,-6.008745722662473497e-04,-8.996665050256629631e-03,-1.576767947848445317e-04
1.697875656758077145e+09,-9.344603368215408636e+02,-1.623026880108532623e+03,9.803654091816370055e+03,0.000000000000000000e+00,1.697875657245610237e+09,8.860003608337291281e-02,-8.644891635283197609e-05,-9.302461243654970915e-03,-1.576767947848445317e-04
1.697875657255852461e+09,-9.376590505785081859e+02,-1.622677807126732660e+03,9.825806112774454959e+03,0.000000000000000000e+00,1.697875657420571089e+09,8.882346279180158843e-02,2.373818237911334492e-04,-9.351956415849684359e-03,-1.576767947848445317e-04
1.697875657259845257e+09,-9.322022693348734492e+02,-1.611618185581366561e+03,9.762906112774455323e+03,0.000000000000000000e+00,1.697875657645628452e+09,8.705112864424248420e-02,-3.957145098369948058e-04,-8.949593482262197669e-03,-1.576767947848445317e-04
1.697875657393596172e+09,-9.388829170417475325e+02,-1.617005672289243648e+03,9.827403293413177380e+03,0.000000000000000000e+00,1.697875657870697737e+09,8.826452996615946622e-02,1.708797253031405471e-04,-9.272228811842425297e-03,-1.576767947848445317e-04
1.697875657527382135e+09,-9.319167568076392172e+02,-1.611791086079881325e+03,9.744313173652697515e+03,0.000000000000000000e+00,1.697875658206762314e+09,8.519825273947657929e-02,-1.213740793168166174e-03,-8.643760547192369872e-03,-1.576767947848445317e-04
1.697875657828486204e+09,-9.368912183909861824e+02,-1.611463367737382669e+03,9.776378318363274957e+03,0.000000000000000000e+00,1.697875658195674658e+09,8.750415082687397483e-02,-7.966692180374351784e-04,-8.994169643397753253e-03,-1.576767947848445317e-04
1.697875657962238312e+09,-9.456062870651370531e+02,-1.632785317101247074e+03,9.880470533932139006e+03,0.000000000000000000e+00,1.697875658370641470e+09,8.630582145107790204e-02,-1.320757213819820450e-03,-8.710486257372321295e-03,-1.576767947848445317e-04
1.697875658163001299e+09,-9.354925971560147673e+02,-1.615813691253677462e+03,9.785304990019963952e+03,0.000000000000000000e+00,1.697875658570742130e+09,8.737706184314886215e-02,-5.781061147235901088e-04,-9.058085971069319148e-03,-1.576767947848445317e-04
1.697875658296751261e+09,-9.312015582426358833e+02,-1.610910369095339775e+03,9.773492739520961550e+03,0.000000000000000000e+00,1.697875658720655441e+09,8.612115338017423127e-02,-1.548915773956230802e-03,-8.652170570308174644e-03,-1.576767947848445317e-04
1.697875658564410210e+09,-9.226165090484665825e+02,-1.598949078370022335e+03,9.699553767465074998e+03,0.000000000000000000e+00,1.697875658870609760e+09,8.615542841343865055e-02,-1.081713114433398727e-03,-8.771854411996545323e-03,-1.576767947848445317e-04
1.697875658664760351e+09,-9.369962633859848893e+02,-1.609983223233224862e+03,9.794314545908187938e+03,0.000000000000000000e+00,1.697875658995604277e+09,8.539950651139360804e-02,-1.027009370029955196e-03,-8.845019691547401780e-03,-1.576767947848445317e-04
1.697875658832015276e+09,-9.217933136938446523e+02,-1.591599695676536612e+03,9.653455838323356147e+03,0.000000000000000000e+00,1.697875659195557833e+09,8.732141870689198726e-02,1.084105314473381501e-04,-7.451847900403114205e-03,-1.576767947848445317e-04
1.697875659327712536e+09,-9.376825546146070565e+02,-1.620513981968934104e+03,9.801510828343316462e+03,0.000000000000000000e+00,1.697875659395563126e+09,8.698814006902221008e-02,1.405023334162485912e-03,2.830428785284880983e-02,-1.576767947848445317e-04
1.697875659166528225e+09,-9.188543223139040492e+02,-1.619267676093178352e+03,9.793602644710583263e+03,0.000000000000000000e+00,1.697875659595415831e+09,8.456693449497169890e-02,1.169205761295546118e-02,2.592285600607199467e-02,-8.667679478469025867e-05
1.697875659333783150e+09,-6.427835119558549195e+02,-1.700464456779719512e+03,1.019581000499002221e+04,0.000000000000000000e+00,1.697875659745383024e+09,8.242067429669638901e-02,2.514660707450395993e-02,-3.584707985125704446e-03,-2.436767947848750282e-04
1.697875659567917347e+09,-5.879692880783509281e+02,-1.629440195023024216e+03,9.869416766467071284e+03,0.000000000000000000e+00,1.697875659945599794e+09,8.114888091416715132e-02,4.635120004790610482e-02,-7.104037794947300373e-03,-1.726767947847207552e-04
1.697875659668297291e+09,-7.757515448567504563e+02,-1.588716598251309051e+03,9.742261352295410688e+03,0.000000000000000000e+00,1.697875660170574665e+09,7.672084669040968308e-02,7.170130545018010837e-02,-5.031992993453518991e-03,-1.296767947849275515e-04
1.697875659835549355e+09,-9.039023673399143490e+02,-1.610911107779569647e+03,9.787604615768465010e+03,0.000000000000000000e+00,1.697875660370548964e+09,7.205852718134235502e-02,9.998364511929799803e-02,-9.208608724651413599e-03,-1.726767947847207552e-04
1.697875660103183270e+09,-8.122255047731924833e+02,-1.590085667108626467e+03,9.718201596806391535e+03,0.000000000000000000e+00,1.697875660595599890e+09,6.420195160296471304e-02,1.315385881323809514e-01,-1.044285174629570184e-02,-8.667679478469025867e-05
1.697875660337323189e+09,-8.434206531647831753e+02,-1.591447009647827144e+03,9.830856437125752564e+03,0.000000000000000000e+00,1.697875660770716906e+09,6.151190447631753322e-02,1.609748905052220402e-01,-1.038518626453365304e-02,-1.296767947849275515e-04
1.697875660504572153e+09,-8.468805655935129835e+02,-1.589101723421677889e+03,9.893686052894214299e+03,0.000000000000000000e+00,1.697875660945704222e+09,5.875887297673412085e-02,1.911171901330629697e-01,-1.377340452696896103e-02,-1.576767947848445317e-04
1.697875660738706350e+09,-8.062009670359167330e+02,-1.592639033344563586e+03,9.929416492015974654e+03,0.000000000000000000e+00,1.697875661145660639e+09,5.388887385151935883e-02,2.269219141676266094e-01,-1.177120082354770475e-02,-2.156767947845139588e-04
1.697875660939491272e+09,-8.035105812648354231e+02,-1.588279915512302068e+03,9.934878393213575691e+03,0.000000000000000000e+00,1.697875661345670462e+09,4.920312322112219139e-02,2.628849686817762432e-01,-1.077720249919957712e-02,-1.436767947846639970e-04
1.697875661732482433e+09,-7.589017389781804468e+02,-1.604867306542242204e+03,9.921157909181638388e+03,0.000000000000000000e+00,1.697875661520678043e+09,4.409310418822612321e-02,2.938473393678084911e-01,-1.206941111487628768e-02,-8.667679478469025867e-05
1.697875661273999214e+09,-7.285638209334705380e+02,-1.615596502403116801e+03,1.007264066866267785e+04,0.000000000000000000e+00,1.697875661770648003e+09,3.922385915757808927e-02,3.403460702220616474e-01,-1.160741306208833319e-02,-8.667679478469025867e-05
1.697875661441256285e+09,-7.161070263680272774e+02,-1.611440749478847238e+03,1.007211289920160016e+04,0.000000000000000000e+00,1.697875661945672750e+09,3.306352541806838879e-02,3.718477665252041264e-01,-1.216860645652558144e-02,-1.866767947849012899e-04
1.697875661742233276e+09,-6.623706879725103818e+02,-1.642149898886680830e+03,1.017299900199601143e+04,0.000000000000000000e+00,1.697875662145748615e+09,3.089920020736223669e-02,4.064166908255203436e-01,-1.382165961107020315e-02,-1.436767947846639970e-04
1.697875661842642307e+09,-6.582539563964129457e+02,-1.623372888903830926e+03,1.012962013473054139e+04,0.000000000000000000e+00,1.697875662345794916e+09,2.394517120038586189e-02,4.401594997075729543e-01,-1.425483549632272293e-02,-1.576767947848445317e-04
1.697875662110281229e+09,-6.112768839776393861e+02,-1.601871872032120336e+03,1.006400212075848685e+04,0.000000000000000000e+00,1.697875662520752668e+09,1.956373768208574671e-02,4.670763879568548549e-01,-1.074615254278945935e-02,-1.576767947848445317e-04
1.697875662310892344e+09,-5.921519320762402003e+02,-1.617713507142762637e+03,1.013900439121756790e+04,0.000000000000000000e+00,1.697875662720776796e+09,1.774947840356624895e-02,4.981431255268291558e-01,-9.858161624363873804e-03,-1.726767947847207552e-04
1.697875662444790363e+09,-5.508855514892325118e+02,-1.650457298478370603e+03,1.022057739520958239e+04,0.000000000000000000e+00,1.697875662945852518e+09,1.331712124811607056e-02,5.288964302941726592e-01,-9.592350451103837800e-03,-1.146767947846072389e-04
1.697875662612040281e+09,-4.933868665266251128e+02,-1.617706715592640421e+03,1.003790276946108133e+04,0.000000000000000000e+00,1.697875663145782232e+09,9.592047732331812626e-03,5.533615315317803596e-01,-9.576694197790282595e-03,-1.576767947848445317e-04
1.697875662879645348e+09,-4.805417739346848975e+02,-1.678254844158336709e+03,1.043313904690618983e+04,0.000000000000000000e+00,1.697875663345705748e+09,4.675222417381138043e-03,5.720488916380382927e-01,-1.095692628835830823e-02,-1.866767947849012899e-04
1.697875663113786221e+09,-4.316305046861864980e+02,-1.630339275949726243e+03,1.021234595808383710e+04,0.000000000000000000e+00,1.697875663570703745e+09,1.763304604527861624e-03,5.892501323613774655e-01,-9.134272819857128939e-03,-1.576767947848445317e-04
1.697875663314439297e+09,-4.383780997234181314e+02,-1.650807432606933844e+03,1.041928375748503458e+04,0.000000000000000000e+00,1.697875663820806503e+09,-2.969400400013354549e-03,6.012400104721578042e-01,-6.261861625218688963e-03,-1.576767947848445317e-04
1.697875663515197277e+09,-4.018324919217095612e+02,-1.613672059511485259e+03,1.018604755489022136e+04,0.000000000000000000e+00,1.697875663970811844e+09,2.180342015342187634e-04,6.063696880117026566e-01,-6.290159578095656442e-03,-1.576767947848445317e-04
1.697875663816205263e+09,-3.490177974256483822e+02,-1.660480896965337706e+03,1.037031042914171849e+04,0.000000000000000000e+00,1.697875664195650101e+09,-2.348297483998982443e-03,6.058195894976466933e-01,-5.028932146774466559e-03,-1.576767947848445317e-04
1.697875663983432293e+09,-3.387786438927873860e+02,-1.606817852479203111e+03,1.010686761477046275e+04,0.000000000000000000e+00,1.697875664395673275e+09,-7.873202531792876380e-04,6.052042810765568825e-01,-5.058929526395176783e-03,-1.436767947846639970e-04
1.697875664117310286e+09,-3.548539554335856678e+02,-1.604936526705185997e+03,1.005145955588822835e+04,0.000000000000000000e+00,1.697875664595768929e+09,-8.436968926236708410e-04,6.042237168523025836e-01,-5.367845663418728368e-03,-1.576767947848445317e-04
1.697875664351443291e+09,-3.355788331263710234e+02,-1.600492783897358777e+03,1.007240825848303939e+04,0.000000000000000000e+00,1.697875664795880556e+09,-1.226550315619689101e-03,6.027935187819644103e-01,3.170543202458841331e-02,-1.576767947848445317e-04
1.697875664585587263e+09,-3.434628474970938896e+02,-1.626713644143173497e+03,1.019737375249501201e+04,0.000000000000000000e+00,1.697875665456524372e+09,1.578416035610136908e-02,6.015422640769807483e-01,4.923454611621106564e-02,-2.967679478471652033e-05
1.697875664819836140e+09,1.830486061288766564e+02,-1.620215507701463366e+03,1.020563877245509320e+04,0.000000000000000000e+00,1.697875665295721769e+09,4.886796318799524474e-02,5.976839990778652911e-01,5.773799968429155043e-03,-1.866767947849012899e-04
1.697875664987088203e+09,2.603214119864576901e+02,-1.594747674475633403e+03,1.004317819361277725e+04,0.000000000000000000e+00,1.697875665520827532e+09,7.567445860272756231e-02,5.884819909841523256e-01,1.453749787372568374e-02,-5.767679478463350051e-05
1.697875665288099289e+09,-4.958160722191174763e+00,-1.790720868381797004e+01,1.576745259481038488e+02,0.000000000000000000e+00,1.697875665795813322e+09,1.162971874978100534e-01,5.786981997821419865e-01,5.206573860863934755e-03,-1.576767947848445317e-04
1.697875665488862276e+09,-1.459241722633931033e+02,-1.609780358094299118e+03,1.017158522954092041e+04,0.000000000000000000e+00,1.697875666207818985e+09,1.418642315935790543e-01,5.672796492809362157e-01,1.012999495522159607e-02,4.232320521513344147e-05
1.697875665789865255e+09,-2.336948757487934643e+02,-1.551341855517330714e+03,9.988094810379245246e+03,0.000000000000000000e+00,1.697875666220741987e+09,1.631604226578982353e-01,5.548591457558379458e-01,7.000091442881708689e-03,-6.767947846597621719e-07
1.697875665990621328e+09,-1.843388432102964032e+02,-1.514070733706826104e+03,9.966678193612777250e+03,0.000000000000000000e+00,1.697875666445743561e+09,1.856440589146815812e-01,5.352240043031364358e-01,7.051197086026605478e-03,-2.967679478471652033e-05
1.697875666224753141e+09,-2.097037550059992554e+02,-1.522939016064000953e+03,1.007685711077844826e+04,0.000000000000000000e+00,1.697875666695755005e+09,2.153965121974060482e-01,5.119786696979404805e-01,2.500881790980019267e-03,2.832320521539699598e-05
1.697875666492386341e+09,-2.599516846408742481e+02,-1.506152228765951577e+03,9.955912799401199663e+03,0.000000000000000000e+00,1.697875666870741129e+09,2.317157501485078985e-01,4.943742395825659885e-01,-2.658682573623648900e-03,-1.467679478484029687e-05
1.697875666626141310e+09,-2.972102862426049796e+02,-1.486777980264807411e+03,9.879760553892219832e+03,0.000000000000000000e+00,1.697875666970816612e+09,2.406125238187726556e-01,4.827164137219374651e-01,-4.150724411595646188e-03,4.232320521513344147e-05
1.697875666826896191e+09,-3.983057925576908360e+02,-1.467101991567642017e+03,9.843989446107787444e+03,0.000000000000000000e+00,1.697875667170765638e+09,2.616911897215306593e-01,4.606529816481212958e-01,-4.691353646752877485e-03,-1.296767947849275515e-04
1.697875666893771172e+09,-4.228193725779948977e+02,-1.488650224064751001e+03,9.873404690618765017e+03,0.000000000000000000e+00,1.697875667395907640e+09,2.855259229593762327e-01,4.364709415985530971e-01,-1.122340002200559496e-03,-1.467679478484029687e-05
1.697875667127907276e+09,-5.008804858260432411e+02,-1.451666931848646072e+03,9.727466292415170756e+03,0.000000000000000000e+00,1.697875667645906925e+09,3.088196080142247002e-01,4.075097739259868068e-01,4.645352523134151611e-03,2.832320521539699598e-05
1.697875667362038136e+09,-4.922581293130211861e+02,-1.448129859297857820e+03,9.697270558882239129e+03,0.000000000000000000e+00,1.697875667895854473e+09,3.244908583882314401e-01,3.739100782535090817e-01,1.419212150230438584e-02,-6.767947846597621719e-07
1.697875667596170187e+09,-4.555573748260414391e+02,-1.426055151760067929e+03,9.584703068862278087e+03,0.000000000000000000e+00,1.697875668958954811e+09,3.455922136334066974e-01,3.458581835270201910e-01,1.994845863689132665e-02,-4.367679478489705502e-05
1.697875667863805294e+09,-3.864982292751494697e+02,-1.365366408330701688e+03,9.407264745508984561e+03,0.000000000000000000e+00,1.697875668270893574e+09,3.644558568516825803e-01,3.214223801676635017e-01,3.198618117109001263e-02,-1.006767947848707934e-04
1.697875668979362488e+09,-3.093956859579002412e+02,-1.346317207956150469e+03,9.472391591816371147e+03,0.000000000000000000e+00,1.697875668420880795e+09,3.782909471945009594e-01,2.988195764182519643e-01,3.911583812502902185e-02,1.332320521507668332e-05
1.697875668131468296e+09,-2.834647724745684059e+02,-1.324664442239386062e+03,9.318006312375253401e+03,0.000000000000000000e+00,1.697875668620842457e+09,3.927319548643620206e-01,2.690649663098474975e-01,4.925541730478995989e-02,1.332320521507668332e-05
1.697875668399069309e+09,-1.675162738267420650e+02,-1.317747566913916444e+03,9.315444860279445493e+03,0.000000000000000000e+00,1.697875668820856810e+09,4.128466886794990298e-01,2.426726611017118451e-01,5.646501661574308134e-02,1.332320521507668332e-05
1.697875668633233309e+09,-9.994919804726453094e+01,-1.335404380146795802e+03,9.256938323353297164e+03,0.000000000000000000e+00,1.697875669959086657e+09,4.387676533466778328e-01,2.090825740032077884e-01,6.542392156752763199e-02,-7.267679478495381318e-05
1.697875668766992331e+09,-7.364338240116104828e+01,-1.369177457571091054e+03,9.368789645708586249e+03,0.000000000000000000e+00,1.697875669345903158e+09,4.652555019720567842e-01,1.807701360279921898e-01,6.838298575311252403e-02,-6.767947846597621719e-07
1.697875669681242466e+09,-3.898031912281308564e+01,-1.302426925718297980e+03,9.079944885229544525e+03,0.000000000000000000e+00,1.697875669620802402e+09,4.857699508889996021e-01,1.557997349152282496e-01,6.723624450233976757e-02,4.232320521513344147e-05
1.697875669335769176e+09,-7.738992213937886788e+01,-1.285350358124590684e+03,9.111011826347306851e+03,0.000000000000000000e+00,1.697875669770839930e+09,4.954247941936500421e-01,1.440201969068445886e-01,7.048935600342087771e-02,-2.967679478471652033e-05
1.697875669569858313e+09,-1.468837723412363800e+02,-1.283792368799253154e+03,8.901622205588826546e+03,0.000000000000000000e+00,1.697875670958140135e+09,5.091726410592154473e-01,1.223947281731631448e-01,8.199201909065385874e-02,-1.467679478484029687e-05
1.697875669670237303e+09,-1.569770747492020178e+02,-1.311246819384712580e+03,9.003339121756489476e+03,0.000000000000000000e+00,1.697875670395774603e+09,5.253345112247751469e-01,1.065509823387197769e-01,7.657818803329885515e-02,1.332320521507668332e-05
1.697875670105029345e+09,-8.466681520333926869e+01,-1.304799463166608348e+03,8.970648552894215754e+03,0.000000000000000000e+00,1.697875670645750523e+09,5.278480709920261305e-01,9.528695061214366435e-02,6.720362590670031500e-02,-6.767947846597621719e-07
1.697875670372633219e+09,-1.270516199279953753e+02,-1.294260101697347636e+03,8.884584705588824363e+03,0.000000000000000000e+00,1.697875670845732212e+09,5.266651614350736921e-01,8.488184439428202166e-02,6.195510099685286320e-02,1.332320521507668332e-05
1.697875670573480129e+09,-1.909959078294305357e+02,-1.249803699050678233e+03,8.739866766467068373e+03,0.000000000000000000e+00,1.697875671707407713e+09,5.270784124911378488e-01,7.760949832460925513e-02,5.375852536645536056e-02,-6.767947846597621719e-07
1.697875670774150133e+09,-2.078560922987186643e+02,-1.272234518860714388e+03,8.805909081836329278e+03,0.000000000000000000e+00,1.697875671295676470e+09,5.274850491121104712e-01,7.020753968511413146e-02,4.060536718684186475e-02,-6.767947846597621719e-07
1.697875671416562557e+09,-3.126120424463733229e+02,-1.289915968635481931e+03,8.911620733532938175e+03,0.000000000000000000e+00,1.697875671495722294e+09,5.277142312490834541e-01,6.546255398573394557e-02,1.445131433786815515e-02,-2.967679478471652033e-05
1.697875671175637245e+09,-3.584622844539271682e+02,-1.253681743542687400e+03,8.631543862275451829e+03,0.000000000000000000e+00,1.697875671745750427e+09,5.434529320271697106e-01,5.691784800102712982e-02,9.486830045377358037e-03,-6.767947846597621719e-07
1.697875671409668207e+09,-5.900695213151363987e+02,-1.256799295097629738e+03,8.647208757485035676e+03,0.000000000000000000e+00,1.697875671920954466e+09,5.598934950051844828e-01,5.520752452760513407e-02,2.807350567930533974e-02,-1.467679478484029687e-05
1.697875671677300215e+09,-7.860717475573455886e+02,-1.269738632516069174e+03,8.711708882235532656e+03,0.000000000000000000e+00,1.697875672145848513e+09,5.827291071231891495e-01,5.201279257995637673e-02,4.353008516244276371e-02,5.632320521531397617e-05
1.697875671877931356e+09,-6.083460898111060260e+02,-1.251688450332727598e+03,8.500117714570860699e+03,0.000000000000000000e+00,1.697875672420912981e+09,6.126642823182379960e-01,5.078688080384737014e-02,6.802002647161292659e-02,-1.467679478484029687e-05
1.697875672451892376e+09,-5.123530011524859447e+02,-1.240570738881010129e+03,8.515783333333336486e+03,0.000000000000000000e+00,1.697875672620939493e+09,6.316803701792323977e-01,4.945242401971059604e-02,7.651447547496888213e-02,2.832320521539699598e-05
1.697875672379696131e+09,-2.990975632945216489e+02,-1.252771109988083936e+03,8.618213572854296217e+03,0.000000000000000000e+00,1.697875672895904541e+09,6.473154667235581083e-01,4.466493838450434628e-02,8.281198317943848364e-02,1.332320521507668332e-05
1.697875672580594301e+09,-2.167977543099285072e+02,-1.231964155674832909e+03,8.438886127744513942e+03,0.000000000000000000e+00,1.697875673195872068e+09,6.576173000590062045e-01,4.088989579640731065e-02,8.944587679104019917e-02,1.332320521507668332e-05
1.697875672914961338e+09,-1.536038337433510037e+02,-1.190875768985308468e+03,8.387483607784433843e+03,0.000000000000000000e+00,1.697875673414208651e+09,6.699327116269820914e-01,3.921868617422255565e-02,9.382236246438639682e-02,1.332320521507668332e-05
1.697875673115749359e+09,-7.882654801238885511e+01,-1.157242004721248577e+03,8.175790643712577548e+03,0.000000000000000000e+00,1.697875673625046015e+09,6.708734617836167313e-01,3.713711085858185934e-02,1.049624928568987509e-01,-6.767947846597621719e-07
1.697875673349863291e+09,-4.651272103378833833e+01,-1.169491708446667872e+03,8.172700274451100086e+03,0.000000000000000000e+00,1.697875673765564680e+09,6.695102705369422313e-01,3.762844171446266817e-02,1.111484464848025294e-01,-6.767947846597621719e-07
1.697875673617492199e+09,7.232086406851267668e+01,-1.199511262204375043e+03,8.481954715568865140e+03,0.000000000000000000e+00,1.697875674231910944e+09,6.618913914412842825e-01,3.515898540676605510e-02,1.020606933947658390e-01,-1.467679478484029687e-05
1.697875673717741251e+09,8.702476573751707178e+01,-1.149801760237949566e+03,8.135496881237527305e+03,0.000000000000000000e+00,1.697875674257444143e+09,6.668614349293283672e-01,3.605180997161840095e-02,8.736512273264955553e-02,-6.767947846597621719e-07
1.697875674522532463e+09,-1.870471279817184751e+01,-1.165234037371936665e+03,8.223064471057889023e+03,0.000000000000000000e+00,1.697875674504299879e+09,6.704146000799929839e-01,3.867725721957142315e-02,4.397437700507215302e-02,-4.367679478489705502e-05
1.697875674319888353e+09,-2.240418218375844219e+02,-1.212655769535711670e+03,8.738546207584833610e+03,0.000000000000000000e+00,1.697875674755620718e+09,7.055582773968379628e-01,5.090035190613177718e-02,8.012993687356813333e-02,4.232320521513344147e-05
1.697875674487138271e+09,-5.186402334034304431e+02,-1.089753587445113453e+03,7.896743063872258062e+03,0.000000000000000000e+00,1.697875675568997622e+09,7.417338782397127073e-01,6.466033339682938919e-02,9.959088308035118908e-02,-1.467679478484029687e-05
1.697875674721271276e+09,-2.903862533687865266e+02,-1.148864358650306713e+03,8.118350299401199663e+03,0.000000000000000000e+00,1.697875675332944632e+09,7.873799054331053204e-01,7.475918278446352927e-02,1.002469719017562849e-01,-1.467679478484029687e-05
1.697875675893132448e+09,-7.444778241412004149e+01,-1.102782603866880891e+03,7.895664196606789119e+03,0.000000000000000000e+00,1.697875675632962942e+09,8.383371911022137191e-01,8.425471436785755830e-02,9.653344213765537030e-02,-7.267679478495381318e-05
1.697875675423830271e+09,-3.946278483630145928e+01,-1.089502130481952918e+03,7.764753043912179237e+03,0.000000000000000000e+00,1.697875675932893038e+09,8.819263491484568007e-01,9.167088623845769113e-02,9.394732465719679571e-02,1.143232052154274925e-04
1.697875675624553204e+09,-2.835963358720439942e+01,-1.102762998526868387e+03,7.772111477045911670e+03,0.000000000000000000e+00,1.697875676132912874e+09,9.132395319476004358e-01,9.590697350464399973e-02,9.411283533352177155e-02,-1.146767947846072389e-04
1.697875675959061146e+09,-3.485577885000095932e+01,-1.089718200500461307e+03,7.616465818363276412e+03,0.000000000000000000e+00,1.697875676332870245e+09,9.479676501328803129e-01,9.900141151042708698e-02,9.890648385333522530e-02,8.532320521537073432e-05
1.697875676193193197e+09,-3.181120546274368266e+01,-1.097981275816958259e+03,7.621967165668665075e+03,0.000000000000000000e+00,1.697875676632868767e+09,9.836226093013391569e-01,1.027673630541007382e-01,1.034194794714946297e-01,1.332320521507668332e-05
1.697875676360451221e+09,-1.108269867962354027e+01,-1.085632523951610892e+03,7.593851596806389352e+03,0.000000000000000000e+00,1.697875676857892275e+09,1.030647611523632268e+00,1.041999035200310564e-01,1.031104376695729241e-01,-1.296767947849275515e-04
1.697875676628084183e+09,-1.718376704184781900e+01,-1.034720827998415871e+03,7.455605938123755550e+03,0.000000000000000000e+00,1.697875677578574896e+09,1.048864850283028005e+00,1.041628142214899438e-01,1.039290028007581052e-01,8.532320521537073432e-05
1.697875676895736217e+09,-5.195761078293715940e+01,-1.029907781629973897e+03,7.340840044910182769e+03,0.000000000000000000e+00,1.697875677357878685e+09,1.091279609486294433e+00,1.053215837077184913e-01,1.020004139614789224e-01,1.332320521507668332e-05
1.697875677963592529e+09,-6.943071177568373287e+01,-9.907483771366426026e+02,7.273157809381240440e+03,0.000000000000000000e+00,1.697875677632978201e+09,1.115229788713662185e+00,1.051540139392064255e-01,1.051858266586669505e-01,-2.967679478471652033e-05
1.697875677364100218e+09,-8.900116801833196689e+01,-9.913534125608163095e+02,7.095580289421161069e+03,0.000000000000000000e+00,1.697875677882920980e+09,1.141387807949775457e+00,1.053030702172660371e-01,1.074365028258920801e-01,-1.467679478484029687e-05
1.697875677698491335e+09,-4.834403111710870604e+01,-9.771931364422326851e+02,7.094009830339325163e+03,0.000000000000000000e+00,1.697875678107907295e+09,1.151056862067112219e+00,1.047853390646374949e-01,1.075095590702880161e-01,-1.467679478484029687e-05
1.697875677899247169e+09,-5.689825095847517389e+00,-9.537149326336169679e+02,7.000112799401199482e+03,0.000000000000000000e+00,1.697875678332790852e+09,1.162788342466935854e+00,1.050164663365729667e-01,1.086010279580113536e-01,1.332320521507668332e-05
1.697875678998852491e+09,1.517210969695508993e+01,-9.376143047436100915e+02,6.878785528942118617e+03,0.000000000000000000e+00,1.697875678582777977e+09,1.174418235830569923e+00,1.046420448188291191e-01,1.128413602465418442e-01,1.332320521507668332e-05
1.697875678367512226e+09,2.330110623444790008e+01,-9.174141946668693208e+02,6.704503193612777977e+03,0.000000000000000000e+00,1.697875678882827997e+09,1.181388629780965482e+00,1.046834347818542954e-01,1.134306803061387037e-01,1.332320521507668332e-05
1.697875678635181189e+09,5.210159168719646772e+01,-9.227828416853706130e+02,6.741084880239524864e+03,0.000000000000000000e+00,1.697875679107794762e+09,1.193608837067175577e+00,1.042764592304212673e-01,1.093070480328723615e-01,-6.767947846597621719e-07
1.697875678902783155e+09,2.103288281932713488e+01,-9.151879352595605042e+02,6.720772305389225039e+03,0.000000000000000000e+00,1.697875679307799578e+09,1.191087082471577796e+00,1.040394952601351175e-01,1.052643440829349464e-01,-6.767947846597621719e-07
1.697875679103411198e+09,-4.186095592050225633e+01,-9.472351581512589291e+02,6.847456387225551225e+03,0.000000000000000000e+00,1.697875679432833910e+09,1.195619077365983829e+00,1.041695007493168568e-01,1.021491606879904451e-01,-6.767947846597621719e-07
1.697875679270669222e+09,-7.835832809052720904e+01,-8.849581562100812562e+02,6.530632410179644467e+03,0.000000000000000000e+00,1.697875679657880068e+09,1.196305786299709517e+00,1.043600128591309906e-01,9.871784504157284090e-02,-6.767947846597621719e-07
1.697875679471424341e+09,-1.240253682779421069e+02,-8.773326094088619129e+02,6.522868288423156628e+03,0.000000000000000000e+00,1.697875679882860899e+09,1.198662298688618177e+00,1.053897296747491608e-01,9.787559298146561448e-02,-1.467679478484029687e-05
1.697875679739093304e+09,-1.485450328649041296e+02,-8.822541654653377918e+02,6.485843537924154589e+03,0.000000000000000000e+00,1.697875680107744932e+09,1.190720356541614899e+00,1.034576113687205312e-01,1.017575489240393760e-01,-1.467679478484029687e-05
1.697875679872810364e+09,-1.498807208556127364e+02,-8.781307414459475922e+02,6.439807809381240986e+03,0.000000000000000000e+00,1.697875680407727242e+09,1.203803663489246834e+00,1.049592810294616707e-01,1.085235172261745651e-01,-6.767947846597621719e-07
1.697875680140455246e+09,-1.185272476407054967e+02,-8.550549410359692502e+02,6.350479091816368964e+03,0.000000000000000000e+00,1.697875680632754564e+09,1.197409542910636171e+00,1.044764371516683221e-01,1.152700488240942511e-01,1.332320521507668332e-05
1.697875680441452265e+09,-4.062213971572405313e+01,-8.554615235020380624e+02,6.313682185628745174e+03,0.000000000000000000e+00,1.697875680782725096e+09,1.201856906133289327e+00,1.042890488162450946e-01,1.195332539873648348e-01,1.332320521507668332e-05
1.697875680608709335e+09,1.742033863456089016e+00,-8.421399823853296311e+02,6.261306611776449245e+03,0.000000000000000000e+00,1.697875680982773066e+09,1.204309449765514684e+00,1.041487670485331390e-01,1.227818879670384000e-01,1.332320521507668332e-05
1.697875680775966167e+09,2.479136084587281630e+01,-8.633895627243028912e+02,6.277445434131739603e+03,0.000000000000000000e+00,1.697875681182746649e+09,1.206736296318904778e+00,1.035003540683523265e-01,1.217768727250424649e-01,1.332320521507668332e-05
1.697875681100972414e+09,3.949264301840534586e+01,-8.544450726080655159e+02,6.274924451097806923e+03,0.000000000000000000e+00,1.697875681332857847e+09,1.207658342424722031e+00,1.043748261075662376e-01,1.233083923452062691e-01,-6.767947846597621719e-07
1.697875681210884333e+09,2.025017936613076497e+00,-8.484374056391718568e+02,6.229022554890222636e+03,0.000000000000000000e+00,1.697875681557799339e+09,1.218044419031431236e+00,1.029517761069215914e-01,1.250418642267180636e-01,-6.767947846597621719e-07
1.697875681277762175e+09,-1.339731256996446795e+00,-8.180415550106062028e+02,6.089958657684632271e+03,0.000000000000000000e+00,1.697875681782902479e+09,1.213136566932129234e+00,1.023023703987591959e-01,1.273939138649106684e-01,-6.767947846597621719e-07
1.697875681545372248e+09,-1.171792710954817629e+01,-7.947774996795825473e+02,6.036122130738525811e+03,0.000000000000000000e+00,1.697875681957779408e+09,1.215975016909326412e+00,1.027411059213556854e-01,1.287328374232798722e-01,-6.767947846597621719e-07
1.697875681779478312e+09,-1.783571957140202002e+01,-7.785906133083960867e+02,5.975143138722557524e+03,0.000000000000000000e+00,1.697875682157818556e+09,1.215062576840411079e+00,1.035218424252504626e-01,1.286519958095140581e-01,-1.467679478484029687e-05
1.697875681946702242e+09,-1.502532598400046560e+01,-7.834295294800418787e+02,5.926248927145710695e+03,0.000000000000000000e+00,1.697875682382938147e+09,1.218411689738783998e+00,1.023728540033320283e-01,1.277494320957129337e-01,-1.467679478484029687e-05
1.697875682180797338e+09,3.553429804185274765e+00,-7.861827012148539779e+02,5.958853817365271425e+03,0.000000000000000000e+00,1.697875682582906723e+09,1.227064970087309304e+00,1.015214336846262666e-01,1.250277781289309276e-01,-1.467679478484029687e-05
1.697875682414989233e+09,6.168801783017281437e+00,-7.692097590110348619e+02,5.881181861277446842e+03,0.000000000000000000e+00,1.697875682782897234e+09,1.242285513390699370e+00,1.016339593540167285e-01,1.148224200973381182e-01,-6.767947846597621719e-07
1.697875682649087191e+09,3.418706776533535940e+00,-7.440590434966785551e+02,5.830171432135731266e+03,0.000000000000000000e+00,1.697875683328550577e+09,1.259416212517490807e+00,1.022540864208615896e-01,1.122914226884313416e-01,-6.767947846597621719e-07
1.697875682782850266e+09,-3.509983104480318872e+01,-7.370560377603310371e+02,5.828373502994014416e+03,0.000000000000000000e+00,1.697875683207929373e+09,1.277798183096380713e+00,1.024991007405014060e-01,1.177581263025336139e-01,-6.767947846597621719e-07
1.697875683504232407e+09,-6.411125439793279668e+01,-7.434658068184179456e+02,5.687653942115769496e+03,0.000000000000000000e+00,1.697875683282929420e+09,1.297799909134748519e+00,1.034707170989814656e-01,1.212445282487562281e-01,-6.767947846597621719e-07
1.697875683251140356e+09,-4.364165517639011682e+01,-7.496634520284879954e+02,5.643962450099801572e+03,0.000000000000000000e+00,1.697875683557941198e+09,1.319524866210999958e+00,1.066293920603439971e-01,1.333136177682386347e-01,2.832320521539699598e-05
1.697875683384874344e+09,-3.438613216547181395e+01,-7.475122736054719326e+02,5.655475349301398637e+03,0.000000000000000000e+00,1.697875683732912540e+09,1.344849616017652183e+00,1.086592289944362105e-01,1.415264043126069349e-01,1.332320521507668332e-05
1.697875683518734217e+09,-1.106344501826250060e+01,-7.329385810596327246e+02,5.608121132734531784e+03,0.000000000000000000e+00,1.697875683882925749e+09,1.356505884697955633e+00,1.107284846886929797e-01,1.470472528490158193e-01,1.332320521507668332e-05
1.697875683752846241e+09,4.541541833914852333e+00,-7.150612038114438747e+02,5.518970558882236219e+03,0.000000000000000000e+00,1.697875684578761101e+09,1.370984315663716480e+00,1.109424792738194637e-01,1.496513078753475556e-01,1.332320521507668332e-05
1.697875683886565208e+09,2.944653740352998028e+01,-6.963820976905881253e+02,5.459540518962077840e+03,0.000000000000000000e+00,1.697875684257894039e+09,1.384969482772859584e+00,1.111507815568183177e-01,1.517507669905032719e-01,-6.767947846597621719e-07
1.697875684537932396e+09,3.258494699264895900e+01,-6.983988237578425924e+02,5.420696931137727006e+03,0.000000000000000000e+00,1.697875684432764053e+09,1.389963516582099601e+00,1.090238730071133172e-01,1.483065646457337183e-01,-1.467679478484029687e-05
1.697875684287893295e+09,4.630854744522478939e+01,-7.053277556831105812e+02,5.351615394211578860e+03,0.000000000000000000e+00,1.697875684607876062e+09,1.397759943936807581e+00,1.056147130592090394e-01,1.475557351074686940e-01,-1.467679478484029687e-05
1.697875684421534300e+09,nan,nan,nan,nan,1.697875684682861805e+09,1.402183362112685794e+00,1.054927166980604430e-01,1.455107653729321715e-01,-6.767947846597621719e-07
1.697875684655855179e+09,2.034053021859467947e+01,-6.901660031058928553e+02,5.289361651696607623e+03,0.000000000000000000e+00,1.697875684857887030e+09,1.399902404050765714e+00,9.856369239790327419e-02,1.378067580679039061e-01,-6.767947846597621719e-07
1.697875684722717285e+09,1.879188011506051836e+01,-6.873133986989593041e+02,5.284962699600800079e+03,0.000000000000000000e+00,1.697875685107700586e+09,1.401167501581091379e+00,9.127560916817706316e-02,1.286835933942899468e-01,-6.767947846597621719e-07
1.697875684823084354e+09,-2.157163961099230143e+00,-6.716049752595922655e+02,5.225898228542915604e+03,0.000000000000000000e+00,1.697875685307735682e+09,1.402106693868807374e+00,8.632243005922828061e-02,1.156377169855878906e-01,-6.767947846597621719e-07
1.697875685571772575e+09,-6.401195880209378686e+01,-6.761024350452807994e+02,5.168849426147706254e+03,0.000000000000000000e+00,1.697875685507769585e+09,1.393692391718797996e+00,8.180903758101373824e-02,1.221522845482463510e-01,1.332320521507668332e-05
1.697875685324895144e+09,-1.486394300021769368e+02,-6.776129897289837345e+02,5.118094960079843077e+03,0.000000000000000000e+00,1.697875685707767725e+09,1.388573809308475404e+00,7.665968835380954083e-02,1.245903112662105072e-01,1.332320521507668332e-05
1.697875685558874130e+09,-1.371286569477283876e+02,-6.740141684713967152e+02,5.075349525948105111e+03,0.000000000000000000e+00,1.697875685882791042e+09,1.390469785858744034e+00,7.436729376330362962e-02,1.302013424848078027e-01,-6.767947846597621719e-07
1.697875685692729235e+09,-1.538294411536331836e+02,-6.622941322220432312e+02,5.045043762475050244e+03,0.000000000000000000e+00,1.697875686107817411e+09,1.389986671297499532e+00,7.013767242173545025e-02,1.358134990583963475e-01,-6.767947846597621719e-07
1.697875685926825285e+09,-1.589974316866943695e+02,-6.508617694623188754e+02,5.027872080838325019e+03,0.000000000000000000e+00,1.697875686332790852e+09,1.400097499780529775e+00,6.772508343886869675e-02,1.277045177390036257e-01,-6.767947846597621719e-07
1.697875686160922289e+09,-1.637146858635060198e+02,-6.319507870565391841e+02,4.994686876247506916e+03,0.000000000000000000e+00,1.697875686532748699e+09,1.409692473025849546e+00,6.393905798545079788e-02,1.241258561975541325e-01,-6.767947846597621719e-07
1.697875686328152180e+09,-1.967041600611335355e+02,-6.130591700243738842e+02,4.917828842315370821e+03,0.000000000000000000e+00,1.697875686707759380e+09,1.421166222430575443e+00,6.340739087367130988e-02,1.319359504729772647e-01,1.332320521507668332e-05
1.697875686562253237e+09,-2.275798746736560929e+02,-6.144530165277255946e+02,4.873739421157686593e+03,0.000000000000000000e+00,1.697875686907845974e+09,1.430945527156018082e+00,6.246965639875703968e-02,1.421998750990968174e-01,2.832320521539699598e-05
1.697875686763005257e+09,-1.748523214290063663e+02,-6.209068059414613572e+02,4.921426322355290722e+03,0.000000000000000000e+00,1.697875687327469349e+09,1.445105240104610722e+00,6.174360592922248370e-02,1.440293591246422644e-01,-6.767947846597621719e-07
1.697875686930242300e+09,-1.276798706894680038e+02,-6.039050222973758082e+02,4.947346432135730538e+03,0.000000000000000000e+00,1.697875687207806587e+09,1.458786054246612895e+00,6.188813405029366943e-02,1.516260963775868664e-01,-6.767947846597621719e-07
1.697875687639692545e+09,-1.049593632127420193e+02,-5.612601596094496017e+02,4.736001721556887787e+03,0.000000000000000000e+00,1.697875687432778358e+09,1.475711226700156864e+00,6.128407893400333178e-02,1.596152978164957492e-01,-6.767947846597621719e-07
1.697875687231173277e+09,-5.617474089526355385e+01,-5.646294631649303710e+02,4.814445334331338927e+03,0.000000000000000000e+00,1.697875687607821703e+09,1.485783102083189977e+00,6.065068674808316712e-02,1.684785945993332312e-01,-6.767947846597621719e-07
1.697875687465299129e+09,-5.371125597732535617e+00,-5.560193720439148137e+02,4.736801971057886476e+03,0.000000000000000000e+00,1.697875687807817459e+09,1.496102765514961686e+00,6.193750425703543200e-02,1.773340901971360850e-01,-6.767947846597621719e-07
1.697875687599158287e+09,9.618416425164763695e+00,-5.423859127317838329e+02,4.587243562874253257e+03,0.000000000000000000e+00,1.697875688327558279e+09,1.503289907784005175e+00,6.020969899702685590e-02,1.840353326905981857e-01,-6.767947846597621719e-07
1.697875687799758196e+09,4.517298488773508325e+01,-5.393179836249987602e+02,4.524637949101798768e+03,0.000000000000000000e+00,1.697875688232916594e+09,1.503685848115085655e+00,5.784694095049421753e-02,1.878417198351722273e-01,-6.767947846597621719e-07
1.697875688486246109e+09,5.979617946562539288e+01,-5.336871547493351500e+02,4.462364121756487293e+03,0.000000000000000000e+00,1.697875688432790995e+09,1.504183400592067787e+00,5.632367350958926433e-02,1.914323906413236964e-01,-6.767947846597621719e-07
1.697875688268051147e+09,4.112199312986967215e+01,-5.305519684547667794e+02,4.481526821357286281e+03,0.000000000000000000e+00,1.697875688607784271e+09,1.508908866218302558e+00,5.447590142622642240e-02,1.939180502393118288e-01,-6.767947846597621719e-07
1.697875688301450253e+09,3.911840245093648605e+01,-5.120896468575041354e+02,4.389643587824351926e+03,0.000000000000000000e+00,1.697875688832868099e+09,1.518107177243029238e+00,5.123829012831748742e-02,1.948579805289210876e-01,-6.767947846597621719e-07
1.697875688602511168e+09,1.413990097572432525e+01,-5.105757365192419002e+02,4.376882360279442764e+03,0.000000000000000000e+00,1.697875689788675547e+09,1.511516140563466504e+00,4.848329657563081596e-02,1.933419842856289594e-01,-6.767947846597621719e-07
1.697875688836641312e+09,-8.380511962802629000e+00,-5.117993276042502657e+02,4.313996906187626337e+03,0.000000000000000000e+00,1.697875689207865000e+09,1.516612837732235874e+00,4.476626836390466824e-02,1.907309358709419755e-01,-6.767947846597621719e-07
1.697875689373342514e+09,-2.053054970649996136e+01,-5.121150929805289707e+02,4.287012774451098267e+03,0.000000000000000000e+00,1.697875689457843304e+09,1.513346092874936044e+00,3.982876952491438971e-02,1.932582412796092497e-01,-6.767947846597621719e-07
1.697875689204563141e+09,-3.254264929823428076e+01,-4.944617494973006728e+02,4.241077245508983651e+03,0.000000000000000000e+00,1.697875689707892895e+09,1.513110666902991008e+00,3.523625605915594455e-02,1.933593068517417135e-01,-6.767947846597621719e-07
1.697875689505532265e+09,-9.616447565610757309e+00,-4.859722370511906320e+02,4.209653592814373042e+03,0.000000000000000000e+00,1.697875689932813883e+09,1.520457402105132250e+00,3.038554809932111911e-02,1.938700552731136839e-01,-6.767947846597621719e-07
1.697875689773150206e+09,7.183332943249571834e+00,-4.822988845682659189e+02,4.176327794411179639e+03,0.000000000000000000e+00,1.697875689957776546e+09,1.519696464081043086e+00,2.967699896233234186e-02,1.931826252369472086e-01,-6.767947846597621719e-07
1.697875689973846197e+09,9.373954866943584818e+00,-4.974232567226320612e+02,4.185119286427147017e+03,0.000000000000000000e+00,1.697875690157814264e+09,1.519426175713328497e+00,2.616745303868215494e-02,1.924325841746527543e-01,-6.767947846597621719e-07
1.697875690722224712e+09,6.066301791502857199e+00,-4.831157073695893587e+02,4.118482460079841985e+03,0.000000000000000000e+00,1.697875690357883215e+09,1.528400860087091973e+00,2.442242953709351100e-02,1.951123360439106780e-01,-6.767947846597621719e-07
1.697875690107582331e+09,-3.885514055963207092e+00,-4.913142617499639186e+02,4.099663123752496176e+03,0.000000000000000000e+00,1.697875690582902193e+09,1.526832076247593317e+00,1.759219082387036837e-02,1.977910813428994941e-01,-6.767947846597621719e-07
1.697875690375184298e+09,-2.112991449784157183e+01,-4.676011281968479238e+02,4.053924401197605675e+03,0.000000000000000000e+00,1.697875690732883453e+09,1.526897562800731745e+00,1.267484326983859405e-02,1.964400354191190301e-01,-6.767947846597621719e-07
1.697875690609272242e+09,-5.859631414356081081e+01,-4.293416122623415845e+02,3.967604191616767821e+03,0.000000000000000000e+00,1.697875690982956171e+09,1.530710433009915050e+00,5.980614407062538607e-03,2.014826660697030258e-01,-6.767947846597621719e-07
1.697875690743003130e+09,-9.844144677106662300e+01,-4.595849818350673104e+02,4.112309580838325019e+03,0.000000000000000000e+00,1.697875691157975912e+09,1.536049842181729019e+00,6.458450162148132723e-04,2.050343223122449710e-01,-6.767947846597621719e-07
1.697875690977230310e+09,-1.103892752715473762e+02,-4.263605916740935413e+02,3.915060329341318720e+03,0.000000000000000000e+00,1.697875691458035231e+09,1.541920709242448950e+00,-9.087189799606439078e-03,2.103173060370573388e-01,-6.767947846597621719e-07
1.697875691211326361e+09,-1.049037843565633352e+02,-4.358576275036931520e+02,3.842739920159682242e+03,0.000000000000000000e+00,1.697875691658049345e+09,1.534990033678223176e+00,-1.632513371151229215e-02,2.162983672141022828e-01,-6.767947846597621719e-07
1.697875691478921175e+09,-8.492270373357877133e+01,-4.337134964603611138e+02,3.834700648702596482e+03,0.000000000000000000e+00,1.697875691907899141e+09,1.548474581536620986e+00,-2.743118449489732186e-02,2.221641449078034514e-01,-1.467679478484029687e-05
1.697875691612656355e+09,-6.075614759805200293e+01,-4.177935662185739147e+02,3.778283158682636440e+03,0.000000000000000000e+00,1.697875692107964277e+09,1.551711907813769553e+00,-3.444320406072808038e-02,2.288714721639485972e-01,-6.767947846597621719e-07
1.697875691880247355e+09,-4.039995283753103905e+01,-3.960126701982041482e+02,3.686292215568864322e+03,0.000000000000000000e+00,1.697875692382973194e+09,1.544551215559887725e+00,-4.485068594485308591e-02,2.376957995511920496e-01,-6.767947846597621719e-07
1.697875692147881269e+09,-1.300778302326714453e+01,-3.924788916936129226e+02,3.646145958083833648e+03,0.000000000000000000e+00,1.697875692632876873e+09,1.548632576148446072e+00,-5.573513439435467953e-02,2.359322039610317889e-01,-6.767947846597621719e-07
1.697875692348444223e+09,-7.166618551034619422e+00,-3.889658652604702525e+02,3.583908083832337070e+03,0.000000000000000000e+00,1.697875692882894278e+09,1.552362177390060216e+00,-6.859803928559016217e-02,2.398492598347570226e-01,-6.767947846597621719e-07
1.697875692649532318e+09,-5.295974979719568410e+01,-3.838296191276872946e+02,3.541347929141717941e+03,0.000000000000000000e+00,1.697875693579151869e+09,1.560646608743514463e+00,-7.485710570672698960e-02,2.456012873487062320e-01,1.332320521507668332e-05
1.697875692883667231e+09,-9.879770665557404641e+01,-3.554016222054543732e+02,3.525065344311378794e+03,0.000000000000000000e+00,1.697875693232969284e+09,1.560960840122891824e+00,-8.302696174599416556e-02,2.484873496455508590e-01,1.332320521507668332e-05
1.697875693151255131e+09,-1.277866505837416469e+02,-3.538632094779105159e+02,3.498105339321359224e+03,0.000000000000000000e+00,1.697875693482943535e+09,1.569108824624115828e+00,-9.272232311431016782e-02,2.571186431533556416e-01,1.332320521507668332e-05
1.697875693251462221e+09,-1.429772930766393984e+02,-3.581620765004336135e+02,3.489427220558884073e+03,0.000000000000000000e+00,1.697875693682918549e+09,1.571491220524931620e+00,-1.014243460833500476e-01,2.621038505068990498e-01,-6.767947846597621719e-07
1.697875693485714197e+09,-1.361222666989015124e+02,-3.596386219211073580e+02,3.440736327345311111e+03,0.000000000000000000e+00,1.697875693907955647e+09,1.574485782719466043e+00,-1.098685913280908755e-01,2.690497564201775327e-01,-6.767947846597621719e-07
1.697875693753150225e+09,-1.291592462962437367e+02,-3.690971026015665188e+02,3.375232485029941472e+03,0.000000000000000000e+00,1.697875694207940817e+09,1.579521664190536079e+00,-1.216265850417142941e-01,2.782021159149406508e-01,-6.767947846597621719e-07
1.697875693987377167e+09,-1.101220997132860902e+02,-3.425574376389704412e+02,3.332737400199602689e+03,0.000000000000000000e+00,1.697875694382907391e+09,1.589169142708086957e+00,-1.268591488667388523e-01,2.836709682592516435e-01,-6.767947846597621719e-07
1.697875694154644251e+09,-9.758724077355064708e+01,-3.378427547929921957e+02,3.316668488023954069e+03,0.000000000000000000e+00,1.697875694582883358e+09,1.587143412256405206e+00,-1.332241115231932727e-01,2.911280076970854114e-01,-6.767947846597621719e-07
1.697875694388700247e+09,-6.634054051436801558e+01,-3.270091371156719902e+02,3.278797430139721655e+03,0.000000000000000000e+00,1.697875694732908487e+09,1.596777784565448055e+00,-1.376083318864503302e-01,2.967140108387449349e-01,-6.767947846597621719e-07
1.697875694589303255e+09,-5.587956190059369987e+01,-3.293638625163155211e+02,3.248117714570859789e+03,0.000000000000000000e+00,1.697875694982917070e+09,1.601414901345575403e+00,-1.455691702828751655e-01,3.016048896088616149e-01,-6.767947846597621719e-07
1.697875694790030241e+09,-5.609766511378074938e+01,-3.142764617782563050e+02,3.143377869261478281e+03,0.000000000000000000e+00,1.697875695232965708e+09,1.605935993074190771e+00,-1.548075879169543978e-01,3.174235895453549339e-01,-6.767947846597621719e-07
1.697875694990759134e+09,-7.395333446476929851e+01,-3.032519936998023127e+02,3.158105938123753731e+03,0.000000000000000000e+00,1.697875695407989740e+09,1.613314024558695658e+00,-1.629332356514397173e-01,3.277162171889032583e-01,-6.767947846597621719e-07
1.697875695291844130e+09,-9.477204724696123606e+01,-3.038048876476187843e+02,3.092909880239522408e+03,0.000000000000000000e+00,1.697875695633035421e+09,1.617498137624468146e+00,-1.732347829630811464e-01,3.422033479812203738e-01,-6.767947846597621719e-07
1.697875695492446184e+09,-9.127665044277459572e+01,-3.009705545481733111e+02,3.061555289421159159e+03,0.000000000000000000e+00,1.697875695958012342e+09,1.617381466704268522e+00,-1.915050120886476193e-01,3.469503359368689699e-01,-1.467679478484029687e-05
1.697875695659686327e+09,-7.515965212620612590e+01,-3.010725238611992722e+02,3.056723502994013870e+03,0.000000000000000000e+00,1.697875696133041620e+09,1.630966236901963740e+00,-2.007285657698685832e-01,3.514272422447894950e-01,-6.767947846597621719e-07
1.697875695927294254e+09,-8.511834490451209945e+01,-2.938351844126423771e+02,3.017935279441118837e+03,0.000000000000000000e+00,1.697875696382989168e+09,1.633805390074919428e+00,-2.161013484355309433e-01,3.583810366646408285e-01,-6.767947846597621719e-07
1.697875696161370277e+09,-6.994605878751053751e+01,-2.665415233995361746e+02,2.982254491017965393e+03,0.000000000000000000e+00,1.697875696582991600e+09,1.639850749279454512e+00,-2.249106165331483942e-01,3.608506912745912398e-01,-6.767947846597621719e-07
1.697875696428965330e+09,-4.399133278540232794e+01,-2.642493336747093622e+02,2.931246581836328460e+03,0.000000000000000000e+00,1.697875696708028316e+09,1.636540209798594825e+00,-2.290935660909484695e-01,3.620869036610750435e-01,-6.767947846597621719e-07
1.697875696562698364e+09,-3.693997917611490323e+01,-2.615945830002713137e+02,2.912029740518963536e+03,0.000000000000000000e+00,1.697875696833008051e+09,1.642072129324564145e+00,-2.329523962309076601e-01,3.581797217913336717e-01,1.332320521507668332e-05
1.697875696763422251e+09,-5.330038065368669464e+01,-2.708738228832588106e+02,2.897594061876248361e+03,0.000000000000000000e+00,1.697875697804166317e+09,1.641391815552894151e+00,-2.366089586343864404e-01,3.561457791099362780e-01,-6.767947846597621719e-07
1.697875696863661289e+09,-7.120791468731339080e+01,-2.897858887674647121e+02,2.828990543912176690e+03,0.000000000000000000e+00,1.697875697208063126e+09,1.640048866545286810e+00,-2.387509677784689643e-01,3.570958682068883228e-01,-6.767947846597621719e-07
1.697875697308922529e+09,-9.486811147819453538e+01,-2.753327892947302189e+02,2.820373003992017402e+03,0.000000000000000000e+00,1.697875697432984591e+09,1.641171911707691944e+00,-2.388699097654270742e-01,3.546457981912251589e-01,-6.767947846597621719e-07
1.697875697265113354e+09,-1.316883908903304530e+02,-2.453287508352940165e+02,2.741362125748503786e+03,0.000000000000000000e+00,1.697875697608130932e+09,1.643905634853746189e+00,-2.375776613924676373e-01,3.454713459679768506e-01,-6.767947846597621719e-07
1.697875697432348251e+09,-1.914264875294673516e+02,-2.538576742015739569e+02,2.781531911177645725e+03,0.000000000000000000e+00,1.697875697808019638e+09,1.637874673016594285e+00,-2.328409150215471901e-01,3.297123933259489270e-01,-6.767947846597621719e-07
1.697875697632944345e+09,-2.574344043001863156e+02,-2.474462680483681822e+02,2.764358507984033167e+03,0.000000000000000000e+00,1.697875697957953453e+09,1.637236944069790479e+00,-2.280015253458129443e-01,3.272180211019881657e-01,-6.767947846597621719e-07
1.697875697800176144e+09,-3.137037429965287174e+02,-2.545498473710561314e+02,2.864178018962076749e+03,0.000000000000000000e+00,1.697875698157987833e+09,1.636747179985267087e+00,-2.196459273854075023e-01,3.330936596177263564e-01,-6.767947846597621719e-07
1.697875697934032202e+09,-3.118283609872883062e+02,-2.502859934707578873e+02,2.696136402195610117e+03,0.000000000000000000e+00,1.697875698332991838e+09,1.633736349560957812e+00,-2.151812938982563261e-01,3.400451042041706673e-01,-6.767947846597621719e-07
1.697875698168148279e+09,-2.844614195637236662e+02,-2.325038218766115108e+02,2.650976472055889190e+03,0.000000000000000000e+00,1.697875698507988214e+09,1.626401642977414408e+00,-2.123029650856466388e-01,3.557029723121682419e-01,-6.767947846597621719e-07
1.697875698368735313e+09,-2.444460646837623869e+02,-2.204768419627073683e+02,2.644086801397206273e+03,0.000000000000000000e+00,1.697875698557955742e+09,1.628477585373301784e+00,-2.119011765665181901e-01,3.598855846488043797e-01,-6.767947846597621719e-07
1.697875698535967350e+09,-1.877648582304364027e+02,-2.201375686885264997e+02,2.667868388223553666e+03,0.000000000000000000e+00,1.697875698782939196e+09,1.625836135298127427e+00,-2.129466515938373550e-01,4.008820836089706519e-01,-6.767947846597621719e-07
1.697875698602987289e+09,-1.725973727838703553e+02,-2.627117533119986774e+02,2.854084106786428492e+03,0.000000000000000000e+00,1.697875698957888842e+09,1.626871398018868264e+00,-2.163609274299307661e-01,4.262886175226401342e-01,-6.767947846597621719e-07
1.697875698837055206e+09,-5.553554522131754112e+01,-2.591340842580460162e+02,2.868600698602795546e+03,0.000000000000000000e+00,1.697875699107880831e+09,1.618016015246039885e+00,-2.264437819038538913e-01,4.266119745503587635e-01,-6.767947846597621719e-07
1.697875698937445164e+09,-2.943753568987223446e+01,-2.126144561524473886e+02,2.529377120758484125e+03,0.000000000000000000e+00,1.697875699307964087e+09,1.623804562262705531e+00,-2.422772192539395797e-01,4.320021929296302687e-01,-6.767947846597621719e-07
1.697875699171545267e+09,-5.415114506284001550e+01,-2.215716352712792059e+02,2.551939870259481722e+03,0.000000000000000000e+00,1.697875699457977533e+09,1.628210187505769735e+00,-2.554263894739306484e-01,4.426698820732105077e-01,1.332320521507668332e-05
1.697875699338780165e+09,-7.647927761165676941e+01,-2.123463662697072607e+02,2.504301596806388261e+03,0.000000000000000000e+00,1.697875699658002138e+09,1.622810229475207811e+00,-2.746617912707897680e-01,4.486790622774272652e-01,1.332320521507668332e-05
1.697875699439136267e+09,-8.038269325638879081e+01,-2.043209737264506032e+02,2.482133882235530109e+03,0.000000000000000000e+00,1.697875699857963562e+09,1.621353939364193586e+00,-2.940715839116447849e-01,4.542775809054675484e-01,1.332320521507668332e-05
1.697875699639710188e+09,-1.346539755779048164e+02,-2.185157838364505096e+02,2.587455763473054958e+03,0.000000000000000000e+00,1.697875700579943895e+09,1.624080275635188642e+00,-3.129732180288137267e-01,4.587814526021647410e-01,1.332320521507668332e-05
1.697875699907301188e+09,-1.883522008304160238e+02,-2.152188229987470152e+02,2.581214246506987365e+03,0.000000000000000000e+00,1.697875700158035755e+09,1.623473408397751339e+00,-3.199186913092798568e-01,4.606390193821251478e-01,-6.767947846597621719e-07
1.697875700410672426e+09,-1.845514052161544782e+02,-1.854267794752473719e+02,2.455010354291418480e+03,0.000000000000000000e+00,1.697875700357994080e+09,1.622145681586153687e+00,-3.335269140754085204e-01,4.705271362098036869e-01,-6.767947846597621719e-07
1.697875700174926281e+09,-1.963886730515954469e+02,-1.890917397119261523e+02,2.439676646706587690e+03,0.000000000000000000e+00,1.697875700532970905e+09,1.625446876430031828e+00,-3.458142744520790179e-01,4.828382338673974372e-01,-6.767947846597621719e-07
1.697875700375532150e+09,-1.880122488135079664e+02,-1.896160935388938356e+02,2.425538023952096410e+03,0.000000000000000000e+00,1.697875700682994127e+09,1.628643380564853471e+00,-3.538345506146610142e-01,4.977987139362731184e-01,-6.767947846597621719e-07
1.697875700576253176e+09,-1.645678884356766503e+02,-1.745125940758993011e+02,2.368540319361278307e+03,0.000000000000000000e+00,1.697875700833051682e+09,1.628611788240069913e+00,-3.626962114783793822e-01,5.077580168374093983e-01,-1.467679478484029687e-05
1.697875700709986210e+09,-1.370929083345987749e+02,-1.650732529107239088e+02,2.326422005988024921e+03,0.000000000000000000e+00,1.697875701580244303e+09,1.630969752477683388e+00,-3.768421154653941452e-01,5.266767555612633656e-01,-1.467679478484029687e-05
1.697875700877223253e+09,-1.295221778598904905e+02,-1.454647651497397192e+02,2.301780813373253750e+03,0.000000000000000000e+00,1.697875701232976675e+09,1.632318350873785295e+00,-3.882561325590735968e-01,5.429702214991618536e-01,-6.767947846597621719e-07
1.697875701111411333e+09,-1.033861422222858124e+02,-1.645872616585324977e+02,2.233234555888224349e+03,0.000000000000000000e+00,1.697875701458013296e+09,1.635029465910578628e+00,-4.036662864986230170e-01,5.610044980509609758e-01,-6.767947846597621719e-07
1.697875701211676359e+09,-8.828174202628694900e+01,-1.687312427691514642e+02,2.221163722554891592e+03,0.000000000000000000e+00,1.697875701583012819e+09,1.627597001921335496e+00,-4.132371816972423839e-01,5.746968549465695242e-01,1.332320521507668332e-05
1.697875701412405252e+09,-8.529705105906521112e+01,-1.661271660127261214e+02,2.196689471057884930e+03,0.000000000000000000e+00,1.697875701732969046e+09,1.637956279125408754e+00,-4.238312656393867783e-01,5.859280712969213711e-01,-6.767947846597621719e-07
1.697875701579609156e+09,-9.356308905189005998e+01,-1.639076289606433932e+02,2.255371057884232869e+03,0.000000000000000000e+00,1.697875701957922935e+09,1.633023176058420622e+00,-4.414638657800282751e-01,6.023041596256094588e-01,1.332320521507668332e-05
1.697875701713368177e+09,-1.091845066370408688e+02,-1.646726308020497527e+02,2.242385004990021116e+03,0.000000000000000000e+00,1.697875702578913212e+09,1.637907392641397397e+00,-4.494318833600839946e-01,6.091960616075480228e-01,-6.767947846597621719e-07
1.697875701914070129e+09,-1.213879403344174222e+02,-1.546062583186044606e+02,2.232207035928144705e+03,0.000000000000000000e+00,1.697875702232911825e+09,1.629345115800595822e+00,-4.664691816688021353e-01,6.153386820252073619e-01,-6.767947846597621719e-07
1.697875702812972546e+09,-1.421540019336891589e+02,-1.632986025940902834e+02,2.240138722554890592e+03,0.000000000000000000e+00,1.697875702382936001e+09,1.635811496370631390e+00,-4.791002088652130952e-01,6.200424477069903517e-01,-6.767947846597621719e-07
1.697875702215165138e+09,-1.584277727400324807e+02,-1.735160213592981506e+02,2.238984256487026869e+03,0.000000000000000000e+00,1.697875702532890797e+09,1.637854059438003551e+00,-4.920378774019299462e-01,6.269014966387324028e-01,-6.767947846597621719e-07
1.697875702348977327e+09,-1.673007743123128250e+02,-1.731955934171195963e+02,2.233809780439122733e+03,0.000000000000000000e+00,1.697875702732883692e+09,1.635327344542838235e+00,-5.107781665912790592e-01,6.349185286732911271e-01,-6.767947846597621719e-07
1.697875702582989216e+09,-1.695247276682345330e+02,-1.644880871443986621e+02,2.205721357285430258e+03,0.000000000000000000e+00,1.697875702882913589e+09,1.634179734512615445e+00,-5.218230063885108683e-01,6.404017405241257954e-01,-6.767947846597621719e-07
1.697875702716842175e+09,-1.747771305318023565e+02,-1.481252332519785853e+02,2.186476996007985235e+03,0.000000000000000000e+00,1.697875703827951908e+09,1.634666084415197229e+00,-5.381568621030339283e-01,6.495077396199511188e-01,-6.767947846597621719e-07
1.697875702917446136e+09,-1.752388026492779431e+02,-1.453707931037770891e+02,2.175297629740520279e+03,0.000000000000000000e+00,1.697875703232803345e+09,1.631490207072254561e+00,-5.504029711733069430e-01,6.531257901292172319e-01,-6.767947846597621719e-07
1.697875703846772432e+09,-1.610934596262282810e+02,-1.305223733510842976e+02,2.099060653692615688e+03,0.000000000000000000e+00,1.697875703407818079e+09,1.635826204289331454e+00,-5.653197901481024079e-01,6.650329971067526769e-01,-6.767947846597621719e-07
1.697875703185045242e+09,-1.699747703214416958e+02,-1.303280973849289808e+02,2.096262075848304448e+03,0.000000000000000000e+00,1.697875703607846498e+09,1.634602277974242401e+00,-5.852743701199113469e-01,6.831130034819561381e-01,-6.767947846597621719e-07
1.697875703452416182e+09,nan,nan,nan,nan,1.697875703832862139e+09,1.633473595909498810e+00,-6.110474330901474183e-01,7.056614402855438950e-01,-6.767947846597621719e-07
1.697875703586368322e+09,-1.673559080485450465e+02,-1.330043517493207617e+02,2.025788547904192455e+03,0.000000000000000000e+00,1.697875703982948065e+09,1.633458867588669650e+00,-6.298735527764710573e-01,7.220952714348408685e-01,-6.767947846597621719e-07
1.697875703853960276e+09,-1.936440912810086559e+02,-1.322757427276664544e+02,2.050129690618763561e+03,0.000000000000000000e+00,1.697875704132918119e+09,1.634344432607770292e+00,-6.479171033936702573e-01,7.383054220070530693e-01,1.332320521507668332e-05
1.697875703987695217e+09,-1.998601898278872113e+02,-1.256912150218198008e+02,2.054159830339322070e+03,0.000000000000000000e+00,1.697875704307940483e+09,1.635113314201118939e+00,-6.718170865866037733e-01,7.580227377533975686e-01,1.332320521507668332e-05
1.697875704154926300e+09,-2.151548053489391634e+02,-1.283036169284682444e+02,2.053484406187625609e+03,0.000000000000000000e+00,1.697875704508042336e+09,1.633509690292340499e+00,-6.989114547362341723e-01,7.798624356673869995e-01,-1.467679478484029687e-05
1.697875704255289316e+09,-2.276825647984416321e+02,-1.318724867879450358e+02,2.071748478043913110e+03,0.000000000000000000e+00,1.697875704657983541e+09,1.634549891949214517e+00,-7.198845815263446024e-01,7.967818890883676675e-01,-6.767947846597621719e-07
1.697875704489388227e+09,-2.350665982665274498e+02,-1.368507293112978971e+02,2.099219061876248816e+03,0.000000000000000000e+00,1.697875704857987881e+09,1.632886042890435707e+00,-7.474910211555244599e-01,8.191559268545890449e-01,1.332320521507668332e-05
1.697875704723609209e+09,-2.209716371182708485e+02,-1.454279858163878316e+02,2.091496107784432297e+03,0.000000000000000000e+00,1.697875705796586037e+09,1.633594411425455473e+00,-7.682314563606357227e-01,8.323859740566083021e-01,-6.767947846597621719e-07
1.697875704756978273e+09,-2.174730122388650386e+02,-1.437140639803234592e+02,2.096138323353293799e+03,0.000000000000000000e+00,1.697875705232945442e+09,1.631093533018495245e+00,-7.973854010718415264e-01,8.497884675384299591e-01,-6.767947846597621719e-07
1.697875704991082191e+09,-1.973806455809790918e+02,-1.241153749855321564e+02,2.081159006986028544e+03,0.000000000000000000e+00,1.697875705382913113e+09,1.629795167719413795e+00,-8.166836387900390237e-01,8.581216359868480970e-01,1.332320521507668332e-05
1.697875705225333214e+09,-1.838689220924784422e+02,-1.180473865429077875e+02,2.050773852295410052e+03,0.000000000000000000e+00,1.697875705557833910e+09,1.629768969069002260e+00,-8.377737100691170502e-01,8.613770287909380263e-01,1.332320521507668332e-05
1.697875705425901175e+09,-1.960171754832951763e+02,-1.417901815180242693e+02,2.031532085828344179e+03,0.000000000000000000e+00,1.697875705657954454e+09,1.632025422666075531e+00,-8.480655947921627025e-01,8.639514578414508872e-01,-1.467679478484029687e-05
1.697875705593133211e+09,-2.137583781145587523e+02,-1.415166552699896840e+02,1.992777445109781411e+03,0.000000000000000000e+00,1.697875705857969284e+09,1.636081498277897506e+00,-8.679700955463949263e-01,8.793660154487608072e-01,-7.267679478495381318e-05
1.697875705693527222e+09,-2.312720803280259645e+02,-1.461364468953695166e+02,1.991783158682635758e+03,0.000000000000000000e+00,1.697875706789319277e+09,1.635800123566450770e+00,-8.804446152535596593e-01,8.971625291812105329e-01,-5.767679478463350051e-05
1.697875705894259214e+09,-2.463471700422362005e+02,-1.480439054906456988e+02,2.018855289421158659e+03,0.000000000000000000e+00,1.697875706157879591e+09,1.633440995133971452e+00,-8.914330688250351464e-01,9.124923007463660030e-01,2.832320521539699598e-05
1.697875705994459152e+09,-2.488313577009319317e+02,-1.447794495463267594e+02,1.995879191616767230e+03,0.000000000000000000e+00,1.697875706307847977e+09,1.637369524100365847e+00,-9.000496549977453631e-01,9.323068911778056300e-01,4.232320521513344147e-05
1.697875706161692142e+09,-2.505987923871930434e+02,-1.331441538952592794e+02,2.006448727544910980e+03,0.000000000000000000e+00,1.697875706457880259e+09,1.640166371116634103e+00,-9.090794523209818623e-01,9.507220138617996641e-01,1.332320521507668332e-05
1.697875706262052298e+09,-2.557758238433283680e+02,-1.376550653783418454e+02,2.035615344311378294e+03,0.000000000000000000e+00,1.697875706632902622e+09,1.651838452055507167e+00,-9.172745674345245126e-01,9.763883179910745058e-01,1.332320521507668332e-05
1.697875706496179342e+09,-2.463334272286575128e+02,-1.464233931243111897e+02,2.062031262475050880e+03,0.000000000000000000e+00,1.697875706782868624e+09,1.654262005442069139e+00,-9.233409970415630275e-01,9.999918153759467243e-01,-2.967679478471652033e-05
1.697875706663380146e+09,-2.291945932795199212e+02,-1.221853715183714684e+02,2.049767764471058399e+03,0.000000000000000000e+00,1.697875706907975674e+09,1.662199604430057098e+00,-9.290893339758232727e-01,1.028459718902772657e+00,-1.436767947846639970e-04
1.697875706763744354e+09,-2.242658718780675997e+02,-1.422125108417301362e+02,2.076391167664672139e+03,0.000000000000000000e+00,1.697875707329967976e+09,1.669709164108851507e+00,-9.351723540806107238e-01,1.066165850697963435e+00,5.632320521531397617e-05
1.697875706864136219e+09,-2.030451647385211231e+02,-1.437767633288885634e+02,2.061459930139721564e+03,0.000000000000000000e+00,1.697875707133002996e+09,1.679809259349435147e+00,-9.384342570591041044e-01,1.097585862604844253e+00,5.632320521531397617e-05
1.697875706964500189e+09,-1.666611002124911067e+02,-1.435862479749174554e+02,2.075784031936128486e+03,0.000000000000000000e+00,1.697875707258003473e+09,1.687548231975552815e+00,-9.440265967618928222e-01,1.136455603660756042e+00,5.632320521531397617e-05
1.697875707982322454e+09,-1.006414057978932846e+02,-1.236900160980923005e+02,2.037216142714571561e+03,0.000000000000000000e+00,1.697875707458034039e+09,1.706071482810662010e+00,-9.503614415968203444e-01,1.204634710348789994e+00,1.332320521507668332e-05
1.697875707232064247e+09,-4.688550844343176038e+01,-1.251344056843581996e+02,2.040435678642715629e+03,0.000000000000000000e+00,1.697875707558051109e+09,1.716595797729991713e+00,-9.517701614682546607e-01,1.239207174673939704e+00,4.232320521513344147e-05
1.697875707399295330e+09,3.843897079284868568e+01,-1.101769899891938564e+02,2.045888522954092878e+03,0.000000000000000000e+00,1.697875707682893038e+09,1.726778950702614335e+00,-9.540010907991044453e-01,1.273416238462971917e+00,-6.767947846597621719e-07
1.697875707466197252e+09,7.213688816237861090e+01,-1.215712027471946044e+02,1.947634406187625473e+03,0.000000000000000000e+00,1.697875707807918787e+09,1.742394865262371306e+00,-9.542395542818271625e-01,1.302133269709783381e+00,-2.006767947846377353e-04
1.697875707599982262e+09,1.321128012466084556e+02,-1.383481541192791440e+02,1.903001821357286190e+03,0.000000000000000000e+00,1.697875707857914925e+09,1.747327533098248065e+00,-9.546012613293224369e-01,1.313488310830621231e+00,-5.767679478463350051e-05
1.697875707700264215e+09,1.530657310660232611e+02,-1.493953142406057566e+02,1.840181586826347939e+03,0.000000000000000000e+00,1.697875708330398798e+09,1.769700688264789212e+00,-9.546549100524613918e-01,1.350546520685495855e+00,8.532320521537073432e-05
1.697875707867519140e+09,1.924372298267236374e+02,-1.411522484169088898e+02,1.864199775449102845e+03,0.000000000000000000e+00,1.697875708158020496e+09,1.787240893072443715e+00,-9.536867831155635411e-01,1.369353455846687551e+00,7.132320521519019962e-05
1.697875707967852354e+09,2.062536273768552917e+02,-1.326317063625101014e+02,1.876154915169661535e+03,0.000000000000000000e+00,1.697875708308041573e+09,1.810885716985859872e+00,-9.523049805184653493e-01,1.387384815820086326e+00,-6.767947846597621719e-07
1.697875708135079145e+09,2.187585292005327346e+02,-1.322305590672242204e+02,1.881135578842316136e+03,0.000000000000000000e+00,1.697875708432978153e+09,1.831162780255199296e+00,-9.512042347073043080e-01,1.394262137610777774e+00,-1.467679478484029687e-05
1.697875708201948166e+09,2.121276446378911942e+02,-1.281953282787492299e+02,1.871175349301398228e+03,0.000000000000000000e+00,1.697875708583078146e+09,1.851538636697461548e+00,-9.514483875428285664e-01,1.402221889155612855e+00,1.332320521507668332e-05
1.697875708369181156e+09,2.101078855643943939e+02,-1.356630650352009013e+02,1.895469311377246413e+03,0.000000000000000000e+00,1.697875708683050394e+09,1.870111580388426953e+00,-9.492443294208838811e-01,1.403106447579469007e+00,4.232320521513344147e-05
1.697875708503039360e+09,1.728613248216858551e+02,-1.346193443128526894e+02,1.902979466067865587e+03,0.000000000000000000e+00,1.697875708833138943e+09,1.895405713417176230e+00,-9.485991885526409151e-01,1.407938916473140400e+00,7.132320521519019962e-05
1.697875708636774302e+09,1.380999979245296743e+02,-1.372706451711403304e+02,1.921607684630739186e+03,0.000000000000000000e+00,1.697875708983180523e+09,1.920517202601921269e+00,-9.477821155867798275e-01,1.405870308609203923e+00,1.065132320521522402e-02
1.697875708770512342e+09,7.721933185745614026e+01,-1.344347981990035805e+02,1.878267015968064470e+03,0.000000000000000000e+00,1.697875709108146191e+09,1.941111739798395908e+00,-9.445552191562666122e-01,1.385972680914283828e+00,5.642332320521559197e-02
1.697875708870869160e+09,4.954169550720052939e+01,-1.241870867685259725e+02,1.850155189620759074e+03,0.000000000000000000e+00,1.697875709283057928e+09,1.970273400971498834e+00,-9.459944680908559667e-01,1.327138841075736986e+00,1.210083232052157065e-01
1.697875709380992413e+09,1.709013067020019605e+01,-1.095763104772477305e+02,1.868771107784432161e+03,0.000000000000000000e+00,1.697875709383066177e+09,1.986938027265041207e+00,-9.496140216347184193e-01,1.279843665348872062e+00,1.995803232052151266e-01
1.697875709205333233e+09,-1.676207431259762259e+01,-1.151137789676693615e+02,1.832322629740520142e+03,0.000000000000000000e+00,1.697875709533034801e+09,2.008914681777268285e+00,-9.556058043338659935e-01,1.213546938533273334e+00,2.739443232052152233e-01
1.697875709272211313e+09,-2.157912425468804329e+01,-1.036974050948538206e+02,1.831644436127745166e+03,0.000000000000000000e+00,1.697875709633020639e+09,2.023909693683901612e+00,-9.587918860782601582e-01,1.168379759401003692e+00,3.736193232052156254e-01
1.697875709439432144e+09,-4.669439891562893763e+01,-8.978247617505037681e+01,1.798525948103793553e+03,0.000000000000000000e+00,1.697875709783041239e+09,2.043269271582718538e+00,-9.650911147571464843e-01,1.106371786053657269e+00,4.313033232052156940e-01
1.697875709539792299e+09,-4.999624380601937901e+01,-9.100140388978633155e+01,1.807510703592815162e+03,0.000000000000000000e+00,1.697875709933085918e+09,2.064015242525748306e+00,-9.718066906897037116e-01,1.056596292062046416e+00,5.140423232052149238e-01
1.697875709707021236e+09,-4.931194059981647371e+01,-1.116913270685171540e+02,1.739150748502994475e+03,0.000000000000000000e+00,1.697875710830275774e+09,2.082603292901015646e+00,-9.759640434806071685e-01,9.998594084999212761e-01,5.969103232052153096e-01
1.697875709907748222e+09,-1.977192160684369071e+01,-1.128722147375157761e+02,1.755679241516967068e+03,0.000000000000000000e+00,1.697875710183050871e+09,2.092881074459481017e+00,-9.782782533793695778e-01,9.682664620346609352e-01,6.596333232052153939e-01
1.697875709974617243e+09,-2.147495565782204707e+01,-1.310857996367307123e+02,1.761671806387226297e+03,0.000000000000000000e+00,1.697875710383131266e+09,2.111551523144538756e+00,-9.819434748767545962e-01,9.094669992233603839e-01,7.300743232052151477e-01
1.697875710414832354e+09,-3.933289217216423594e+01,-1.274079274505800186e+02,1.761454915169661263e+03,0.000000000000000000e+00,1.697875710483124495e+09,2.120425203244593604e+00,-9.821117814813528080e-01,8.827025946457313088e-01,7.845363232052151581e-01
1.697875710242217302e+09,-2.021154777104234057e+01,-1.344803368397679435e+02,1.794912749500998871e+03,0.000000000000000000e+00,1.697875710633132458e+09,2.131416179673787159e+00,-9.810409542634899172e-01,8.532606440771587364e-01,8.430363232052155986e-01
1.697875710375950336e+09,-8.982008963538756774e+00,-1.255833540148546348e+02,1.797776746506986683e+03,0.000000000000000000e+00,1.697875710808169365e+09,2.147670649087171757e+00,-9.780297673739201114e-01,8.415830258963391541e-01,8.699523232052155386e-01
1.697875710543190241e+09,1.796648424895987262e+01,-1.413810919091849883e+02,1.832427295409182534e+03,0.000000000000000000e+00,1.697875710858179808e+09,2.150771913306154470e+00,-9.775333314500675996e-01,8.423909752420103425e-01,8.908983232052150036e-01
1.697875710677034140e+09,5.498703949661197754e+01,-1.604346155152921654e+02,1.879464970059880898e+03,0.000000000000000000e+00,1.697875711582023382e+09,2.170705379616007846e+00,-9.695041252697343959e-01,8.725491673978567064e-01,8.829093232052156459e-01
1.697875710810766220e+09,8.969106823905781312e+01,-1.603947020655584197e+02,1.869550424151697598e+03,0.000000000000000000e+00,1.697875711183212280e+09,2.182420290994363743e+00,-9.645501077607627760e-01,9.171782661681711080e-01,8.503383232052148522e-01
1.697875710911130190e+09,9.720658569804302829e+01,-1.635717897302587005e+02,1.880815169660679430e+03,0.000000000000000000e+00,1.697875711333146572e+09,2.195056504572313383e+00,-9.566123934129289186e-01,9.910263267427167344e-01,7.981233232052153959e-01
1.697875710977997303e+09,9.273688433788423424e+01,-1.631137744679506909e+02,1.863591192614771217e+03,0.000000000000000000e+00,1.697875711483200312e+09,2.218361665214335421e+00,-9.483887683284083492e-01,1.079306464368845475e+00,7.183913232052154818e-01
1.697875711312457323e+09,1.094640053719876676e+02,-1.376562300151165346e+02,1.858554615768463918e+03,0.000000000000000000e+00,1.697875711608211279e+09,2.232863824004994946e+00,-9.376027604651309133e-01,1.154243113217557903e+00,6.358103232052152443e-01
1.697875711446191311e+09,9.746020790784585586e+01,-1.320902756472108308e+02,1.863352619760479683e+03,0.000000000000000000e+00,1.697875711758126974e+09,2.253801926977072601e+00,-9.260348077734461558e-01,1.240841788911363430e+00,5.319393232052154197e-01
1.697875711546589136e+09,9.718406391741420691e+01,-1.334959522575856852e+02,1.853688872255489741e+03,0.000000000000000000e+00,1.697875711883077621e+09,2.273706938385188447e+00,-9.145808718613550603e-01,1.311944192326513381e+00,4.398793232052153890e-01
1.697875711646918297e+09,8.878113659891184284e+01,-1.300830805652524305e+02,1.810091292415170756e+03,0.000000000000000000e+00,1.697875712830407619e+09,2.300161888029399915e+00,-8.936451917777220588e-01,1.393765465968508366e+00,3.567403232052153150e-01
1.697875711814176321e+09,2.251307591189083368e+01,-1.503605119339713667e+02,1.815706112774451867e+03,0.000000000000000000e+00,1.697875712232792854e+09,2.326185050741271798e+00,-8.791314934981582230e-01,1.419203768359881490e+00,2.945323232052152740e-01
1.697875711947885275e+09,-4.274768415554145662e+01,-1.425974385278626357e+02,1.800372030938124453e+03,0.000000000000000000e+00,1.697875712357872486e+09,2.346732578277856085e+00,-8.663692374014300146e-01,1.419864198163833802e+00,2.151723232052149548e-01
1.697875712182136297e+09,-2.381136732934807014e+02,-1.454307832031315115e+02,1.798923403193613694e+03,0.000000000000000000e+00,1.697875712457858801e+09,2.363597356684124406e+00,-8.566875103417089798e-01,1.409180158980231745e+00,1.710463232052155114e-01
1.697875712315869331e+09,-3.841017344372926345e+02,-1.448912473509917049e+02,1.799274351297406156e+03,0.000000000000000000e+00,1.697875712607834101e+09,2.388601455645632754e+00,-8.415550436378544941e-01,1.375811221187180244e+00,1.273363232052155958e-01
1.697875712416234255e+09,-4.851447492948008176e+02,-1.323155461538807458e+02,1.756617315369262087e+03,0.000000000000000000e+00,1.697875712782820702e+09,2.420598887247133124e+00,-8.252060027803910236e-01,1.318955072787807881e+00,8.782032320521571123e-02
1.697875712549971342e+09,-7.191114703387171403e+02,-1.134887533847991534e+02,1.892116941117765464e+03,0.000000000000000000e+00,1.697875712932976007e+09,2.447467232590027297e+00,-8.086573549212930923e-01,1.254588989780194730e+00,6.770532320521516212e-02
1.697875712717204332e+09,-8.633927441086034378e+02,-8.824114662537908771e+01,1.640044635728543653e+03,0.000000000000000000e+00,1.697875713329167366e+09,2.463410388307299748e+00,-7.980109361422844660e-01,1.207540042904234667e+00,4.133332320521532210e-02
1.697875712784033298e+09,-1.005105596724674228e+03,-6.158018160051195622e+01,1.662008532934132518e+03,0.000000000000000000e+00,1.697875713157964468e+09,2.485141526381779098e+00,-7.862783834753008794e-01,1.144487748659536397e+00,2.770332320521529113e-02
1.697875712917895317e+09,-1.082527733214403042e+03,-2.519737260515777066e+01,1.566870034930140264e+03,0.000000000000000000e+00,1.697875713333047867e+09,2.514812666269732322e+00,-7.669785798246658848e-01,1.050301256937146155e+00,9.677323205215415669e-03
1.697875713182552576e+09,nan,nan,nan,nan,1.697875713457930803e+09,2.535836092179494017e+00,-7.541919733318181995e-01,9.815494297009985658e-01,6.573232052153876737e-04
