1.698040396402832508e+09,-1.010018198329777647e+03,-4.340004650748157360e+02,1.009904870259481322e+04,0.000000000000000000e+00,1.698040396504276752e+09,2.322291268564397049e-03,1.054150599944771605e-03,-6.121978325235018312e-04,-6.767947846597621719e-07
1.698040396469716549e+09,-1.021572602130911491e+03,-4.342232925339397980e+02,1.006065760978044273e+04,0.000000000000000000e+00,1.698040396679419279e+09,-5.243759151497828785e-04,-1.677528659943924774e-04,1.507506243184344931e-04,-6.767947846597621719e-07
1.698040396570097685e+09,-1.013614791460857646e+03,-4.269817486068047288e+02,1.000931482035928457e+04,0.000000000000000000e+00,1.698040396704318285e+09,7.364291852668403138e-05,-1.357232330068772219e-04,1.050776405113678860e-04,-6.767947846597621719e-07
1.698040396636966705e+09,-1.030001429313466133e+03,-4.394924374394515780e+02,1.017629792914172140e+04,0.000000000000000000e+00,1.698040396904264450e+09,-1.907517976628303469e-03,-7.101435115798346949e-04,4.140198466352637487e-04,-6.767947846597621719e-07
1.698040396737336636e+09,-1.010651267637329511e+03,-4.315424526734098549e+02,1.000734922654691036e+04,0.000000000000000000e+00,1.698040397543102026e+09,9.772733863710747482e-04,3.558272302637069395e-04,-3.665153805002852342e-04,-6.767947846597621719e-07
1.698040396938117504e+09,-1.051258372789334544e+03,-4.221399761886348188e+02,1.001054628243513253e+04,0.000000000000000000e+00,1.698040397204186440e+09,6.231834157151283637e-04,-9.534915444663136100e-04,1.676243647384062459e-05,-6.767947846597621719e-07
1.698040397172224522e+09,-1.039812784988325575e+03,-4.187615831696980990e+02,9.975193837325352433e+03,0.000000000000000000e+00,1.698040397379222631e+09,-1.660569563519675995e-03,-1.733751825594019537e-03,3.579760181853277852e-04,-6.767947846597621719e-07
1.698040397339469671e+09,-1.043897109606680033e+03,-4.228239886344757679e+02,9.970187674650705958e+03,0.000000000000000000e+00,1.698040397579233170e+09,-6.621779505576186331e-04,-1.018608898270511416e-03,4.058166243630764096e-04,-6.767947846597621719e-07
1.698040397473216534e+09,-9.972454063820921419e+02,-4.087121224742824097e+02,9.891726771457091672e+03,0.000000000000000000e+00,1.698040397754327059e+09,1.538727941323397852e-03,3.318761947255624350e-04,-5.162156040130351075e-04,-6.767947846597621719e-07
1.698040397673973560e+09,-1.008657751312735741e+03,-4.037562091232724129e+02,9.996106886227547875e+03,0.000000000000000000e+00,1.698040397904356480e+09,1.245458126062526372e-03,4.847404154716794642e-04,-3.427192312427593257e-04,-6.767947846597621719e-07
1.698040397841223478e+09,-9.619334173571180600e+02,-4.054446696514999644e+02,9.995795084830344422e+03,0.000000000000000000e+00,1.698040398104357243e+09,-2.902871243069565788e-03,-9.639458068818210299e-04,3.478162426847551908e-04,-6.767947846597621719e-07
1.698040398847659588e+09,-1.005889916924976433e+03,-3.823911589410758438e+02,9.936398328343317189e+03,0.000000000000000000e+00,1.698040398254263163e+09,-2.422759672893182170e-04,-7.490039729818267654e-04,1.368661056652186001e-04,-6.767947846597621719e-07
1.698040398175813675e+09,-1.014658312614835040e+03,-3.967492278526684686e+02,1.002120681137724750e+04,0.000000000000000000e+00,1.698040398454265118e+09,3.532288333953914616e-04,-9.959395343243462092e-04,1.469585025953633968e-04,-6.767947846597621719e-07
1.698040398342979670e+09,-1.008796591659117325e+03,-3.990392126193291915e+02,9.922496432135731084e+03,0.000000000000000000e+00,1.698040398604244471e+09,3.370578207225471967e-04,4.769137823987246172e-04,-3.368507037669582591e-04,-6.767947846597621719e-07
1.698040398510256529e+09,-1.001392389177458767e+03,-4.057152212873308486e+02,9.935989146706589963e+03,0.000000000000000000e+00,1.698040398779279709e+09,-2.241741031433763798e-03,-6.632864831406143401e-04,2.662823770309468915e-04,-6.767947846597621719e-07
1.698040398710854530e+09,-1.007813913894334974e+03,-4.071467824711811545e+02,9.993061851297410612e+03,0.000000000000000000e+00,1.698040398929330349e+09,-1.911345946613157709e-03,-7.470927489298720935e-04,2.479823073379283259e-04,-6.767947846597621719e-07
1.698040398878105640e+09,-1.006237164790394672e+03,-4.092468442923876069e+02,9.960348927145709240e+03,0.000000000000000000e+00,1.698040399129344225e+09,-3.934097714915180122e-03,-1.733151127538024028e-03,8.223053806754467400e-04,-6.767947846597621719e-07
1.698040399112391710e+09,-9.991952124142803768e+02,-3.873696455954031990e+02,9.918590294411184004e+03,0.000000000000000000e+00,1.698040399279283047e+09,-1.525854779128060779e-03,-8.056033615452862272e-04,3.039699454060350498e-04,-6.767947846597621719e-07
1.698040399212608576e+09,-1.012340628622738450e+03,-3.992020253200363982e+02,9.950790543912180510e+03,0.000000000000000000e+00,1.698040399479338169e+09,-7.473423739755846729e-04,-6.449824477503307346e-04,1.197425811469327072e-04,-6.767947846597621719e-07
1.698040399379892588e+09,-1.021898501899115900e+03,-4.144147926235235673e+02,9.901494585828346317e+03,0.000000000000000000e+00,1.698040399604281902e+09,-1.362645546907959027e-03,-1.109814639768389724e-03,3.839139054526358782e-04,-6.767947846597621719e-07
1.698040399513766527e+09,-1.006738573901914606e+03,-4.233436674270357116e+02,9.919670633732539500e+03,0.000000000000000000e+00,1.698040399804290533e+09,9.690825311729767133e-04,-5.684759514096621343e-04,-1.290679036222375990e-04,-6.767947846597621719e-07
1.698040399747901678e+09,-1.016117933045566929e+03,-4.514718372714672228e+02,1.013642682135729046e+04,0.000000000000000000e+00,1.698040400433265209e+09,-1.244739740011879814e-03,-9.189648145441123685e-04,3.199418850995143699e-04,-6.767947846597621719e-07
1.698040399881757498e+09,-1.016836157152051896e+03,-4.499244144258950087e+02,1.021721641716567137e+04,0.000000000000000000e+00,1.698040400179443121e+09,-1.274681665053623014e-03,-8.678239894381287482e-04,4.194831594238122136e-04,-6.767947846597621719e-07
1.698040400282867670e+09,1.675090663644116603e+03,-2.223935374028435064e+01,1.897518662674651978e+03,0.000000000000000000e+00,1.698040400504346609e+09,-1.003156672587157683e-03,-6.393687005705312419e-04,3.146358548217518614e-04,-6.767947846597621719e-07
1.698040400450118542e+09,1.688684909439020657e+03,3.142177328020472515e+01,1.906570159680640472e+03,0.000000000000000000e+00,1.698040400679294348e+09,-6.616824567398649215e-04,-1.153640398917279465e-03,2.196723883362530132e-04,-6.767947846597621719e-07
1.698040400651034594e+09,-1.002524332835186669e+03,-3.948183881118098952e+02,1.010320351796407522e+04,0.000000000000000000e+00,1.698040400879346132e+09,1.128217651506335795e-03,1.311602015561073517e-03,-1.686712259272216477e-03,1.332320521507668332e-05
1.698040400751376629e+09,-1.027526406906662942e+03,-4.085700823656574698e+02,1.002825266966068193e+04,0.000000000000000000e+00,1.698040401292955637e+09,-6.855691408829411859e-04,8.934364590170995601e-03,-6.328368375025968627e-03,5.632320521531397617e-05
1.698040400918625593e+09,-9.842080229817828467e+02,-4.062471406084007413e+02,9.936330239520961186e+03,0.000000000000000000e+00,1.698040401179303169e+09,7.056390709905269176e-04,2.218782777753311800e-02,-1.138363524486026360e-02,-4.367679478489705502e-05
1.698040401119376659e+09,-1.072152701392774361e+03,-4.251377048733552328e+02,1.007005571357285771e+04,0.000000000000000000e+00,1.698040401379394770e+09,9.786107123643805750e-05,3.948031112706048423e-02,-9.275961371685683202e-03,-6.767947846597621719e-07
1.698040401253127575e+09,-1.108905878070370818e+03,-4.199833514723782173e+02,9.775374201596810963e+03,0.000000000000000000e+00,1.698040401554356337e+09,-4.540673276076101494e-04,5.951850749900808313e-02,-6.017331314449983308e-03,-6.767947846597621719e-07
1.698040401487254620e+09,-1.005815407665513590e+03,-4.328015658601923974e+02,1.006067514970060074e+04,0.000000000000000000e+00,1.698040401704330921e+09,1.296819747726274397e-03,7.826253588931134098e-02,-4.885219489111610261e-03,-1.467679478484029687e-05
1.698040401654507637e+09,-9.869777040316279226e+02,-4.564686953806665315e+02,1.018553620259481431e+04,0.000000000000000000e+00,1.698040401879353046e+09,-1.726812713648162578e-03,1.005015610292184502e-01,-2.805653507974792838e-03,-6.767947846597621719e-07
1.698040401721510649e+09,-9.487780451804403583e+02,-4.252820332368701770e+02,9.855049326347309034e+03,0.000000000000000000e+00,1.698040402543460608e+09,-3.172416582019376222e-04,1.282438064514477005e-01,-4.111199461958594918e-03,-4.367679478489705502e-05
1.698040401955633640e+09,-9.078189047240455238e+02,-4.215108238707075543e+02,1.007175054890219872e+04,0.000000000000000000e+00,1.698040402204257488e+09,-2.655456157194940273e-03,1.497207581149315736e-01,-3.669690314084529843e-03,-6.767947846597621719e-07
1.698040402122885704e+09,-8.982004158468832884e+02,-4.060823083338635797e+02,9.967216741516967886e+03,0.000000000000000000e+00,1.698040402404309750e+09,-7.643698050060208134e-04,1.827050798176375057e-01,-4.297648810395179181e-03,-2.967679478471652033e-05
1.698040402290135622e+09,-8.935498666279059989e+02,-3.836661526528086483e+02,1.000833522954092223e+04,0.000000000000000000e+00,1.698040402579201221e+09,-2.846571790256970536e-03,2.114787748694023917e-01,-4.942593829970616005e-03,4.232320521513344147e-05
1.698040402490765572e+09,-8.759547495104469590e+02,-3.872791972116915531e+02,1.001769650698603436e+04,0.000000000000000000e+00,1.698040402779228210e+09,-1.370355101687987858e-03,2.485040716788990411e-01,-5.819154241129772392e-03,1.332320521507668332e-05
1.698040402658014536e+09,-8.682898965719622311e+02,-4.140371466186651332e+02,9.965195558882238402e+03,0.000000000000000000e+00,1.698040402954217196e+09,4.283780799547226223e-03,2.807834934701440854e-01,-7.807005172948042714e-03,-8.667679478469025867e-05
1.698040402892268658e+09,-8.076164322818829078e+02,-4.175838480956855392e+02,1.000255843313373771e+04,0.000000000000000000e+00,1.698040403104178429e+09,1.612110951030912807e-03,3.065022921095911790e-01,-1.101355581401473362e-02,-1.576767947848445317e-04
1.698040402992515564e+09,-8.108866464065060882e+02,-4.352496794088716570e+02,1.019293897205589201e+04,0.000000000000000000e+00,1.698040403279267311e+09,1.526395862905488218e-03,3.379396239229610077e-01,-1.074852715071835871e-02,4.232320521513344147e-05
1.698040403226769686e+09,-8.143626830048449392e+02,-4.422728902258170365e+02,1.026479049401197881e+04,0.000000000000000000e+00,1.698040403429295778e+09,2.516013912204532500e-03,3.674232133130356792e-01,-1.190543485591279670e-02,9.932320521510717981e-05
1.698040403394019604e+09,-7.753993935628357121e+02,-4.222814572231829970e+02,9.875011202594814677e+03,0.000000000000000000e+00,1.698040403604233027e+09,4.324658191900655410e-03,3.973539698331240433e-01,-1.113415992789851261e-02,1.332320521507668332e-05
1.698040403527771711e+09,-7.482822955645879119e+02,-4.387293113485633285e+02,1.014033784930140246e+04,0.000000000000000000e+00,1.698040403804146051e+09,1.427731848381864118e-03,4.315754044115284183e-01,-7.724153540233714629e-03,1.332320521507668332e-05
1.698040403695021629e+09,-7.220006356657189599e+02,-3.943102013635494245e+02,1.012729124251497524e+04,0.000000000000000000e+00,1.698040403979264259e+09,2.428873824660474252e-03,4.622315802571366761e-01,-2.090804823086358979e-03,-1.006767947848707934e-04
1.698040403895803690e+09,-6.352822453131290104e+02,-4.194653002249031033e+02,1.031720306886227991e+04,0.000000000000000000e+00,1.698040404129289865e+09,-2.052201837790400447e-03,4.832747382046395090e-01,3.570257827662766306e-03,8.532320521537073432e-05
1.698040404295356035e+09,-5.875250287682662247e+02,-4.261064696005411747e+02,1.053480294411177965e+04,0.000000000000000000e+00,1.698040404304261446e+09,-8.522046727058453074e-04,5.091607787947091124e-01,5.915029212311340850e-03,8.532320521537073432e-05
1.698040404230337620e+09,-5.010297529961798091e+02,-4.190491974865886391e+02,1.023969388722555232e+04,0.000000000000000000e+00,1.698040404454287291e+09,-4.036536561228903051e-03,5.277279967768742086e-01,7.602345559563855257e-03,1.332320521507668332e-05
1.698040404397560596e+09,-4.611546286068397080e+02,-4.188233594441318246e+02,1.023931599301397728e+04,0.000000000000000000e+00,1.698040404654312849e+09,-5.471850709874721830e-03,5.512541805482737978e-01,1.352142688676336371e-02,-2.967679478471652033e-05
1.698040404665030479e+09,-3.500730782314861358e+02,-4.203952368051705548e+02,1.033983620259481540e+04,0.000000000000000000e+00,1.698040404854300737e+09,-4.137028441664022255e-03,5.713358303439542984e-01,1.404072025963722450e-02,-8.667679478469025867e-05
1.698040404732066631e+09,-2.747182386586508755e+02,-4.408586975067714775e+02,1.062770306886227991e+04,0.000000000000000000e+00,1.698040405292740107e+09,-4.949167412611600245e-03,5.858405767420588051e-01,1.329443789888031836e-02,2.832320521539699598e-05
1.698040404932655573e+09,-2.124749200348564102e+02,-4.317808710118824820e+02,1.065050780938124262e+04,0.000000000000000000e+00,1.698040405179216146e+09,-1.795041124494696928e-03,5.965701693092956281e-01,1.260437355446132959e-02,1.332320521507668332e-05
1.698040405665626049e+09,-3.192447992599442159e+02,-4.122702528754260811e+02,1.015060933133732942e+04,0.000000000000000000e+00,1.698040405329344511e+09,-1.338940023909242476e-03,6.030811413494275852e-01,1.101395336775444836e-02,1.332320521507668332e-05
1.698040405300665617e+09,-3.063492341787173814e+02,-4.307440727599617389e+02,1.018308615269461370e+04,0.000000000000000000e+00,1.698040405554301023e+09,-5.342660615098880628e-03,6.057055894084325542e-01,1.066822917372967430e-02,1.332320521507668332e-05
1.698040405434440613e+09,-2.551029192827000145e+02,-4.334946575363802594e+02,1.050701447105788793e+04,0.000000000000000000e+00,1.698040405729371548e+09,-2.542618633805441685e-03,6.061798619294080925e-01,1.425596939441176568e-02,1.332320521507668332e-05
1.698040405668574572e+09,-3.029425473679551715e+02,-4.162666336157855085e+02,1.017390863273453579e+04,0.000000000000000000e+00,1.698040405854275465e+09,-2.849738292788448098e-03,6.065001652243079411e-01,1.571642737589312375e-02,-6.767947846597621719e-07
1.698040405802443504e+09,-2.602050342033739980e+02,-4.048541507094728331e+02,1.033322325349301900e+04,0.000000000000000000e+00,1.698040406542758703e+09,2.941718688481286155e-04,6.063523469710938585e-01,1.419232770792145347e-02,-6.767947846597621719e-07
1.698040405969705582e+09,-2.729836280194053302e+02,-4.109501368118260416e+02,1.026015963073852799e+04,0.000000000000000000e+00,1.698040406179370642e+09,2.088999335111835221e-04,6.060182582261834927e-01,1.256224050494141042e-02,-1.467679478484029687e-05
1.698040406170418501e+09,-2.840495180698166564e+02,-3.979861228654024217e+02,1.001695623752495703e+04,0.000000000000000000e+00,1.698040406429343939e+09,-6.986535806517827664e-04,6.043039510417137494e-01,1.020465718685910871e-02,-1.467679478484029687e-05
1.698040406337670565e+09,-3.076221735295014241e+02,-4.072764217333073020e+02,1.004786399700599213e+04,0.000000000000000000e+00,1.698040406579383850e+09,-1.816140584274442138e-03,6.035154869049665916e-01,8.703434884398723870e-03,-1.467679478484029687e-05
1.698040406504922628e+09,-3.393887273929095727e+02,-4.124057164817336343e+02,1.028059211576846610e+04,0.000000000000000000e+00,1.698040406754352808e+09,-1.211648513476832733e-03,6.022599038001376082e-01,8.431429705048860274e-03,-1.467679478484029687e-05
1.698040406705584526e+09,-2.354129946036888743e+00,3.983748214579077573e-01,1.063546656686627472e+02,0.000000000000000000e+00,1.698040406904339790e+09,-4.279808259102979486e-04,6.023506920926416930e-01,7.730506272306219076e-03,-6.767947846597621719e-07
1.698040406839427710e+09,-3.344055460348961333e+02,-4.367307347479248847e+02,1.002721721556886587e+04,0.000000000000000000e+00,1.698040407104284286e+09,-2.767097559017576199e-03,6.008164315952937429e-01,7.251227246751193976e-03,1.332320521507668332e-05
1.698040407400536060e+09,-3.479854480975889146e+02,-4.008156913611099412e+02,1.006276279940120185e+04,0.000000000000000000e+00,1.698040407279310942e+09,-3.608381727604892050e-03,5.998441210377439825e-01,5.740723294610151038e-03,1.332320521507668332e-05
1.698040407173928499e+09,-3.597579160669446878e+02,-4.240753413223258121e+02,1.017624428642714884e+04,0.000000000000000000e+00,1.698040407429342270e+09,-2.467472833417721188e-03,6.003336054873054106e-01,5.143384651894401284e-03,1.332320521507668332e-05
1.698040407307681561e+09,-3.796410832504815289e+02,-4.268637337202970912e+02,1.014774311377245795e+04,0.000000000000000000e+00,1.698040407629310846e+09,-7.160189728794008612e-04,6.023073543199819468e-01,3.480967717923407964e-03,1.332320521507668332e-05
1.698040407541804552e+09,-3.666939485002014294e+02,-4.109305856984131538e+02,9.972023827345312384e+03,0.000000000000000000e+00,1.698040407779268980e+09,-2.135298815905180975e-04,6.012651691254624620e-01,3.759607897748083651e-03,1.332320521507668332e-05
1.698040407742557526e+09,-3.831246163753297083e+02,-3.854486911089168188e+02,1.013482173153692929e+04,0.000000000000000000e+00,1.698040407979321957e+09,1.140692769193362224e-03,6.021034191772377531e-01,3.323968119855408646e-03,-6.767947846597621719e-07
1.698040409281199694e+09,-3.969209888232668959e+02,-3.048364184440843019e+02,1.006655820858283914e+04,0.000000000000000000e+00,1.698040409504342556e+09,-1.773509800220625376e-03,6.006194496956502871e-01,3.771847437490653560e-03,-6.767947846597621719e-07
1.698040409448450565e+09,-3.949779567797772302e+02,-3.223811855303005132e+02,9.973475224550902567e+03,0.000000000000000000e+00,1.698040409729274511e+09,-1.323542455761700116e-03,6.008020065278504296e-01,3.768755698892769113e-03,-6.767947846597621719e-07
1.698040409615698576e+09,-3.950347483073252874e+02,-3.101793058791421345e+02,9.858795658682638532e+03,0.000000000000000000e+00,1.698040409879207134e+09,-3.378779210306661132e-04,6.005700096589861037e-01,3.712896033501637046e-03,-6.767947846597621719e-07
1.698040409782953501e+09,-3.618004228943286762e+02,-3.249335861828996599e+02,1.006035958083832702e+04,0.000000000000000000e+00,1.698040410292873621e+09,1.458125520545295456e-03,6.017784339398208893e-01,3.144467422515746964e-03,-6.767947846597621719e-07
1.698040410351735592e+09,-3.015351254463731152e+02,-2.844792952088916991e+02,1.011530746007984453e+04,0.000000000000000000e+00,1.698040410554203987e+09,-1.474756561908448834e-03,5.994230476221965587e-01,3.958837881540505296e-03,1.332320521507668332e-05
1.698040410485461712e+09,-2.900124726293407207e+02,-2.972759927089569487e+02,9.762141042914176069e+03,0.000000000000000000e+00,1.698040410729251385e+09,5.505371070386134644e-04,6.004136368766122001e-01,3.800524899225765033e-03,1.332320521507668332e-05
1.698040410619207621e+09,-2.826664718958965068e+02,-2.901122549890757796e+02,9.397509481037930527e+03,0.000000000000000000e+00,1.698040410904246092e+09,6.767306587790022226e-04,6.020844343157114587e-01,3.271476218010268850e-03,-6.767947846597621719e-07
1.698040411207655907e+09,-3.018011238086299954e+02,-2.531877711393291293e+02,9.161149226546909631e+03,0.000000000000000000e+00,1.698040411279341221e+09,-6.476686220432466713e-04,6.011470988763297774e-01,3.510916198921481494e-03,-6.767947846597621719e-07
1.698040411221337557e+09,-3.857620830690558478e+02,-2.690205778606824651e+02,9.311527794411182185e+03,0.000000000000000000e+00,1.698040411454193354e+09,2.181852924726264929e-04,6.012456729752998497e-01,3.472665945284159322e-03,-6.767947846597621719e-07
1.698040411355269670e+09,-3.405379017355040219e+02,-2.986902997223878060e+02,9.239111751497010118e+03,0.000000000000000000e+00,1.698040411604206562e+09,1.273355190419078829e-03,6.021236723721467010e-01,3.270400886362660915e-03,-6.767947846597621719e-07
1.698040411522495508e+09,-3.829074237614436242e+02,-2.719084991218246614e+02,9.283905788423160629e+03,0.000000000000000000e+00,1.698040411754176378e+09,-4.442906010803790093e-04,6.011639332608982311e-01,3.354479326463010325e-03,-6.767947846597621719e-07
1.698040411723122597e+09,-3.483037185029382954e+02,-2.471513362745714346e+02,8.774820658682639987e+03,0.000000000000000000e+00,1.698040411954185963e+09,-1.020683399823877659e-03,6.020816178196991553e-01,3.308207958111652157e-03,-6.767947846597621719e-07
1.698040411856968641e+09,-3.112097011731234488e+02,-2.380176247332291268e+02,9.025314371257491075e+03,0.000000000000000000e+00,1.698040412129291773e+09,3.410993558902218961e-04,6.012456563630862449e-01,3.496468047378664765e-03,-6.767947846597621719e-07
1.698040412242706060e+09,-2.829254620666781648e+02,-2.158330048560211196e+02,8.869020808383238546e+03,0.000000000000000000e+00,1.698040412329327583e+09,1.019501840382337418e-03,6.010709550664317113e-01,3.383633574739156481e-03,-6.767947846597621719e-07
1.698040412224877596e+09,-3.407702264326671298e+02,-2.783570348542593251e+02,8.978843887225551953e+03,0.000000000000000000e+00,1.698040412479373217e+09,-8.127162823667252733e-04,6.006893242392683518e-01,3.532993136584493613e-03,-6.767947846597621719e-07
1.698040412358751535e+09,-2.221696087380854578e+02,-2.885986819689836693e+02,9.069936177644716736e+03,0.000000000000000000e+00,1.698040412654273272e+09,-4.434890567326407566e-04,6.014027606673120196e-01,3.441410103875419766e-03,-6.767947846597621719e-07
1.698040412559383631e+09,-2.428179789587511834e+02,-2.233372123470598467e+02,8.215968013972060362e+03,0.000000000000000000e+00,1.698040412804336071e+09,-2.412194662097094482e-03,6.002084440715937941e-01,3.894573493549546416e-03,-6.767947846597621719e-07
1.698040412726630688e+09,-3.332754554024581353e+02,-2.173030671995876162e+02,8.306749051896213132e+03,0.000000000000000000e+00,1.698040412979390621e+09,-5.035973252611636482e-04,6.007075888670579955e-01,3.555454179927833042e-03,-6.767947846597621719e-07
1.698040412893914700e+09,-3.587295951133829135e+02,-2.027672678582270009e+02,8.135430538922160849e+03,0.000000000000000000e+00,1.698040413154330730e+09,-5.083736661761833423e-04,6.006751341612630579e-01,3.706925743176674084e-03,-6.767947846597621719e-07
1.698040413611346006e+09,-3.805633970679587037e+02,-2.119519638964967783e+02,7.943778692614773718e+03,0.000000000000000000e+00,1.698040413354427338e+09,2.075479271471501394e-03,6.027002218483428209e-01,2.929698519807095482e-03,-6.767947846597621719e-07
1.698040413261859655e+09,-3.892220488165821735e+02,-2.415610190903083208e+02,8.146603218562879192e+03,0.000000000000000000e+00,1.698040413504476070e+09,3.069220400433222279e-05,6.013667047331839877e-01,3.265574759861716338e-03,-6.767947846597621719e-07
1.698040413395611525e+09,-3.897717200329119009e+02,-2.435358801696885962e+02,8.118073977045913125e+03,0.000000000000000000e+00,1.698040413679369688e+09,8.044411470158703212e-04,6.015723049438463921e-01,3.172570671670009532e-03,-6.767947846597621719e-07
1.698040413596356630e+09,-3.455157917939034178e+02,-2.281568928822333362e+02,8.162973527944115631e+03,0.000000000000000000e+00,1.698040413854406118e+09,4.886475264546936807e-04,6.013269896286389526e-01,3.243020929891007615e-03,-6.767947846597621719e-07
1.698040413797109604e+09,-3.176300341574969366e+02,-2.009850839742080097e+02,7.922909231536930747e+03,0.000000000000000000e+00,1.698040414438764095e+09,1.247328242504476374e-03,6.009570639683621263e-01,3.283849809703743867e-03,-6.767947846597621719e-07
1.698040413897361517e+09,-3.050983142516209909e+02,-2.156402401119114813e+02,7.990641966067868452e+03,0.000000000000000000e+00,1.698040414204480648e+09,-3.889855291765958838e-04,6.018535671843584511e-01,3.130305552022095462e-03,-6.767947846597621719e-07
1.698040414981125832e+09,-2.942005716202489225e+02,-2.259232259751426284e+02,7.783227445109783730e+03,0.000000000000000000e+00,1.698040414379429102e+09,2.296242623939718890e-04,6.019331389755014916e-01,3.275501919841999118e-03,-6.767947846597621719e-07
1.698040414298863649e+09,-2.938587085656645286e+02,-1.930899547904109568e+02,7.292437674650701410e+03,0.000000000000000000e+00,1.698040414554352045e+09,9.091443008131762024e-04,6.015254061727820512e-01,3.092738489058060800e-03,-6.767947846597621719e-07
1.698040414499491692e+09,-3.159138254977872293e+02,-1.832067787747100738e+02,7.255187524950104489e+03,0.000000000000000000e+00,1.698040414704384565e+09,1.761219227386953516e-04,6.017264437194242976e-01,3.145318096732047097e-03,-6.767947846597621719e-07
1.698040414633366585e+09,-3.456939189515615567e+02,-1.473249691221682269e+02,7.169176272455092658e+03,0.000000000000000000e+00,1.698040414904515505e+09,1.983795651301856200e-03,6.015221269159113371e-01,2.982827647965156752e-03,-6.767947846597621719e-07
1.698040414833992481e+09,-3.855679159007054295e+02,-1.434519793141239177e+02,7.227678243512978042e+03,0.000000000000000000e+00,1.698040415544412851e+09,5.210873667064121369e-04,6.017044580877030091e-01,3.296280547123548680e-03,-6.767947846597621719e-07
1.698040415347605944e+09,-3.834245366178840300e+02,-1.563369645402935362e+02,6.898801247504992716e+03,0.000000000000000000e+00,1.698040415254375219e+09,-8.863075067738587949e-04,6.011178255032392226e-01,3.401704762231530250e-03,-6.767947846597621719e-07
1.698040415168498516e+09,-3.764573836116113625e+02,-2.067288309517832090e+02,7.126135029940123786e+03,0.000000000000000000e+00,1.698040415429475069e+09,-2.716684399603217295e-04,6.015279870171791332e-01,3.442569919653733299e-03,-6.767947846597621719e-07
1.698040415335748672e+09,-3.318655252347091960e+02,-2.569661909754714770e+02,7.823041591816369873e+03,0.000000000000000000e+00,1.698040415579464436e+09,-1.305193947931464725e-04,6.014369802260789433e-01,3.411646102370091086e-03,-6.767947846597621719e-07
1.698040415502998590e+09,-3.327618936932599922e+02,-1.796641747031655996e+02,7.193250898203596989e+03,0.000000000000000000e+00,1.698040415779366255e+09,1.524718929029999191e-03,6.016135179553121493e-01,3.198852393776571972e-03,-6.767947846597621719e-07
1.698040415670252562e+09,-2.703089739761862234e+02,-1.600958952020692436e+02,7.024164321357288827e+03,0.000000000000000000e+00,1.698040415929417610e+09,-1.687596413935300507e-03,6.004538592670509711e-01,3.747884390206307308e-03,-6.767947846597621719e-07
1.698040415804125547e+09,-2.409570119420798449e+02,-2.095622246097539403e+02,6.832568338323358148e+03,0.000000000000000000e+00,1.698040416104341269e+09,1.189427703079539312e-03,6.014486833090435525e-01,3.087502280224874336e-03,-6.767947846597621719e-07
1.698040416382535934e+09,-2.232321419494244026e+02,-1.996765702700276677e+02,7.099025000000004184e+03,0.000000000000000000e+00,1.698040416279393435e+09,1.888943172736155807e-04,6.014159166311554561e-01,3.246240254368645568e-03,-6.767947846597621719e-07
1.698040416138635635e+09,-2.252821476874889299e+02,-1.367497405081599879e+02,6.169477919161679893e+03,0.000000000000000000e+00,1.698040416479384899e+09,-1.430524194641646842e-03,6.009577397882053251e-01,3.463261998936816542e-03,-6.767947846597621719e-07
1.698040416406131506e+09,-2.745382759843917597e+02,-1.600806171911637250e+02,6.480328368263474658e+03,0.000000000000000000e+00,1.698040416629390955e+09,5.292522253160462237e-04,6.017102740156798912e-01,3.308251549796665560e-03,-6.767947846597621719e-07
1.698040416540007591e+09,-3.420104699018835390e+02,-1.277667476844478500e+02,6.443580838323357057e+03,0.000000000000000000e+00,1.698040416829372168e+09,-1.165497144686427266e-03,6.008370553843340733e-01,3.586338220862887987e-03,-6.767947846597621719e-07
1.698040416673772573e+09,-3.113817703257919902e+02,-1.139657436871692369e+02,5.844854391217567354e+03,0.000000000000000000e+00,1.698040416979450226e+09,7.928585825434392859e-04,6.009962246878113312e-01,3.166159372967987211e-03,-6.767947846597621719e-07
1.698040416874514580e+09,-3.758067413327059398e+02,-1.342499001315451608e+02,5.971213572854294398e+03,0.000000000000000000e+00,1.698040417154407978e+09,1.546789788255077333e-04,6.015030587357849123e-01,3.348961310038843248e-03,-6.767947846597621719e-07
1.698040417108639479e+09,-3.170515792224624079e+02,-1.095827798153352006e+02,5.462666417165672101e+03,0.000000000000000000e+00,1.698040417304355860e+09,1.875089113363538965e-03,6.020203438024411824e-01,2.916094311513808390e-03,-6.767947846597621719e-07
1.698040417175511599e+09,-3.213987148420838480e+02,-1.146639661324690138e+02,5.601614870259484633e+03,0.000000000000000000e+00,1.698040417504316807e+09,-5.475373811215196104e-05,6.017744106489317790e-01,3.269012178256133338e-03,-6.767947846597621719e-07
1.698040417409641504e+09,-2.962660223261397618e+02,-1.348701171758835073e+02,6.429266591816370237e+03,0.000000000000000000e+00,1.698040417679280519e+09,-1.583662384281778277e-03,5.999224589135945251e-01,3.960453575287140038e-03,-6.767947846597621719e-07
1.698040417576893568e+09,-2.064644370981032182e+02,-1.826159105760217187e+02,7.025588248502997885e+03,0.000000000000000000e+00,1.698040417829329729e+09,-4.241963171506676553e-04,6.008796229035108238e-01,3.543126764382183158e-03,-6.767947846597621719e-07
1.698040417677267551e+09,-2.247041799064765542e+02,-2.034321293435033340e+02,5.513801896207586651e+03,0.000000000000000000e+00,1.698040417979318619e+09,-1.491893385006423005e-03,6.014080278375528721e-01,3.520852960275067892e-03,-6.767947846597621719e-07
1.698040417878050566e+09,-2.383283913779429497e+02,-1.613812574706403495e+02,6.046033308383236545e+03,0.000000000000000000e+00,1.698040418179376841e+09,-2.744420111243948534e-03,6.004065421578840267e-01,3.824254851301676309e-03,-6.767947846597621719e-07
1.698040418453026056e+09,-1.847763721043181420e+02,-9.383343895448190608e+01,5.160478717564873477e+03,0.000000000000000000e+00,1.698040418304365873e+09,1.182064450027952435e-03,6.021399808986160895e-01,3.034057273989171355e-03,-6.767947846597621719e-07
1.698040418279430628e+09,-3.019386862893070429e+02,-1.052003254799264766e+02,5.259379515968065789e+03,0.000000000000000000e+00,1.698040418479402065e+09,-4.596300311711441593e-04,6.010590875444575820e-01,3.382113828790226512e-03,-6.767947846597621719e-07
1.698040418379805565e+09,-3.228234879610820940e+02,-6.408666024187223798e+01,5.197151721556889242e+03,0.000000000000000000e+00,1.698040418654371023e+09,1.597311551047875429e-03,6.018695650951083609e-01,2.937300769981597039e-03,-6.767947846597621719e-07
1.698040418547056675e+09,-3.452189939000895720e+02,-5.133005674475452196e+01,4.958687175648705306e+03,0.000000000000000000e+00,1.698040418804346800e+09,-2.449247684034126099e-04,6.009006493527248027e-01,3.705429052276047307e-03,-6.767947846597621719e-07
1.698040418680805683e+09,-3.808737562831219634e+02,-6.035898268450448256e+01,5.120696382235531019e+03,0.000000000000000000e+00,1.698040419435903072e+09,7.079107681491501533e-04,6.016398988179593177e-01,2.955570684789976706e-03,-6.767947846597621719e-07
1.698040418814660549e+09,-3.458118029092100869e+02,-5.767133530841825007e+01,4.690911477045910942e+03,0.000000000000000000e+00,1.698040419154313803e+09,-2.681240143249919404e-04,6.010404591075834135e-01,3.505888514183721182e-03,-6.767947846597621719e-07
1.698040419488136053e+09,-3.623153304147313065e+02,-1.287220826442701025e+02,5.377501846307387495e+03,0.000000000000000000e+00,1.698040419354300022e+09,6.877708209339361556e-05,6.005769617589954423e-01,8.032241076386338954e-03,-6.767947846597621719e-07
1.698040419182560682e+09,-3.540836971496605656e+02,-1.410376141068504978e+02,5.591325124750501345e+03,0.000000000000000000e+00,1.698040419504370928e+09,6.914224572641758729e-03,5.997602631441414367e-01,1.321586153548583512e-02,4.232320521513344147e-05
1.698040419383285522e+09,-2.578487704998007075e+02,-7.621803481194594099e+01,5.461773203592817481e+03,0.000000000000000000e+00,1.698040419679357052e+09,2.021856004003783763e-02,5.984667509144284692e-01,-2.104771738133002980e-05,-1.146767947846072389e-04
1.698040419584032536e+09,-2.291792518209054208e+02,-1.154420124610317941e+02,6.180906886227547147e+03,0.000000000000000000e+00,1.698040419854389906e+09,3.635727773240663568e-02,5.959781157860246648e-01,3.611075018587952840e-03,7.132320521519019962e-05
1.698040419684314489e+09,-1.838657025762560977e+02,-1.238686822184508998e+02,4.953486427145710877e+03,0.000000000000000000e+00,1.698040420293949127e+09,5.668367671106874783e-02,5.923997266520587557e-01,1.652765183662182127e-02,1.143232052154274925e-04
1.698040419918537617e+09,-2.604903732302172443e+02,-2.846042857675530513e+02,5.313822205588824545e+03,0.000000000000000000e+00,1.698040420154362202e+09,7.518025550765516929e-02,5.891783317208432180e-01,2.238012414973391748e-02,-2.967679478471652033e-05
1.698040420857895851e+09,-1.940687255415836034e+02,-2.894725762151961703e+02,5.111953168662677854e+03,0.000000000000000000e+00,1.698040420379463911e+09,1.061507515423450732e-01,5.818847578961570122e-01,4.126330835321361662e-02,1.423232052153444727e-04
1.698040420186040640e+09,-2.126235988393058847e+02,-3.633479784459385087e+02,5.023717065868266218e+03,0.000000000000000000e+00,1.698040420529393435e+09,1.252713967402320772e-01,5.748852514015003745e-01,4.831739884911644134e-02,-7.267679478495381318e-05
1.698040420420292616e+09,-2.188769275050460692e+02,-4.378936125271144988e+02,4.993223103792417533e+03,0.000000000000000000e+00,1.698040420729345322e+09,1.429667295012108930e-01,5.626586575231976584e-01,6.715702749086953360e-02,-5.767679478463350051e-05
1.698040420587668657e+09,-2.450041232728105172e+02,-5.137477621023988377e+02,4.883294011976048751e+03,0.000000000000000000e+00,1.698040420879410267e+09,1.549921624560192668e-01,5.523465923988748472e-01,8.012732794768639977e-02,-1.436767947846639970e-04
1.698040420788173676e+09,-1.753503238752596474e+02,-6.259552042496522972e+02,4.882127794411178911e+03,0.000000000000000000e+00,1.698040421294088840e+09,1.671668461696124153e-01,5.380353330952257762e-01,9.126415525102668513e-02,-2.967679478471652033e-05
1.698040420922047615e+09,-1.113069601259519743e+02,-6.371072744415968145e+02,4.866491716566868490e+03,0.000000000000000000e+00,1.698040421229393005e+09,1.770642639077980030e-01,5.156926004181926482e-01,9.885571676333249069e-02,8.532320521537073432e-05
1.698040421894305944e+09,-7.553660173948499335e+01,-6.035058312020400990e+02,4.625773752495011649e+03,0.000000000000000000e+00,1.698040421404465437e+09,1.829046639457960477e-01,4.950332144304131488e-01,1.060867580028587998e-01,-1.467679478484029687e-05
1.698040421289932489e+09,-1.129504591954706143e+02,-3.564774305711876536e+02,3.550104990019961861e+03,0.000000000000000000e+00,1.698040421554458380e+09,1.885816239810934325e-01,4.729152461603501889e-01,1.134448739886316365e-01,-2.967679478471652033e-05
1.698040421423799515e+09,3.460936569139061447e+01,-6.273599055099332418e+02,4.697119660678644323e+03,0.000000000000000000e+00,1.698040421754533052e+09,1.917906405898516520e-01,4.407560452211456425e-01,1.249358822557271737e-01,1.283232052151639380e-04
1.698040421624427557e+09,2.146379014199898094e+01,-5.668804315366487572e+02,4.114306162674651205e+03,0.000000000000000000e+00,1.698040421954457521e+09,2.003839527992293534e-01,4.110378190458193193e-01,1.305280296904719473e-01,2.832320521539699598e-05
1.698040421825179577e+09,-7.890954495489561182e+00,-6.306748259730745758e+02,4.346290568862276814e+03,0.000000000000000000e+00,1.698040422104409933e+09,1.997515955225070416e-01,3.844464583092923604e-01,1.323179378433529396e-01,-1.146767947846072389e-04
1.698040421958938599e+09,-1.203213428021698519e+02,-3.701163379406970648e+02,3.180981736526947770e+03,0.000000000000000000e+00,1.698040422304457664e+09,2.016782849024514046e-01,3.515674067623668075e-01,1.378328270163964864e-01,1.332320521507668332e-05
1.698040422126182556e+09,-2.282504916195404405e+02,-3.465889661174381331e+02,3.069097205588823272e+03,0.000000000000000000e+00,1.698040422454394579e+09,2.076295064775762755e-01,3.287660112052356864e-01,1.443548303494954221e-01,2.832320521539699598e-05
1.698040422326934576e+09,-2.793851086881936681e+02,-3.108234229988954667e+02,3.141479840319362665e+03,0.000000000000000000e+00,1.698040422654416561e+09,2.108237678319520858e-01,2.975492988130186145e-01,1.537844714772103327e-01,-7.267679478495381318e-05
1.698040422561061621e+09,-3.176414149741658548e+02,-2.844264329360335068e+02,2.835252569860280346e+03,0.000000000000000000e+00,1.698040422804394484e+09,2.140529897775695634e-01,2.761110718176598144e-01,1.543768254347722968e-01,-4.367679478489705502e-05
1.698040422694812536e+09,-3.112626850087308412e+02,-2.599260025213466747e+02,2.558112375249502293e+03,0.000000000000000000e+00,1.698040422979432821e+09,2.158074531257202500e-01,2.514484402474657099e-01,1.618460916374236114e-01,2.832320521539699598e-05
1.698040422862234592e+09,-3.443225938431372697e+02,-2.595969677036029566e+02,2.524609256487026414e+03,0.000000000000000000e+00,1.698040423179530621e+09,2.145823266812093011e-01,2.236544981435817370e-01,1.712222152302040057e-01,-2.967679478471652033e-05
1.698040423628406048e+09,-3.351334824390009999e+02,-2.249040931390224785e+02,2.371498153692615688e+03,0.000000000000000000e+00,1.698040423329405308e+09,2.152052626843907746e-01,2.019552861772037911e-01,1.784139431159023625e-01,2.832320521539699598e-05
1.698040423230067492e+09,-3.155770989670999143e+02,-1.933736957993732517e+02,2.263746282435130524e+03,0.000000000000000000e+00,1.698040423479392052e+09,2.162043225318975026e-01,1.802105221513298217e-01,1.863432537998617744e-01,1.332320521507668332e-05
1.698040423430876493e+09,-3.114389125718881814e+02,-1.877401432304367574e+02,2.277095583832336615e+03,0.000000000000000000e+00,1.698040423679415941e+09,2.225744455790867882e-01,1.522351769329718663e-01,1.982710871902983174e-01,4.232320521513344147e-05
1.698040423564567566e+09,-3.173605012161688705e+02,-1.836051784108346681e+02,2.162480888223553848e+03,0.000000000000000000e+00,1.698040423829370022e+09,2.203908213921629000e-01,1.364333861688618310e-01,2.092895627457971031e-01,2.832320521539699598e-05
1.698040423731821537e+09,-3.845909819293011083e+02,-1.349968148866311992e+02,2.087018537924152497e+03,0.000000000000000000e+00,1.698040424543622971e+09,2.210413881469895092e-01,1.202333255644439380e-01,2.197341856953005101e-01,-5.767679478463350051e-05
1.698040423899105549e+09,-3.024635968538156590e+02,-1.254314252805198322e+02,1.927750449101797130e+03,0.000000000000000000e+00,1.698040424179424763e+09,2.192738750874905773e-01,1.123388242733938114e-01,2.278045662399853233e-01,1.332320521507668332e-05
1.698040424998545885e+09,-4.280335682944511291e+02,-1.623471968761720632e+02,2.041455214570859198e+03,0.000000000000000000e+00,1.698040424379371405e+09,2.208300594249063831e-01,1.035264150226154756e-01,2.306798949981815061e-01,-1.467679478484029687e-05
1.698040424200074673e+09,-3.967953711678108562e+02,-1.266132537373959934e+02,1.925706811377246368e+03,0.000000000000000000e+00,1.698040424529452801e+09,2.207137165843517657e-01,9.510776150922350958e-02,2.375899153684527254e-01,-2.967679478471652033e-05
1.698040424434381485e+09,-4.831523509395341875e+02,-1.189217873781826142e+02,1.809534730538922986e+03,0.000000000000000000e+00,1.698040424729437590e+09,2.206528189761749192e-01,7.507400646474070294e-02,2.549491177595169522e-01,-6.767947846597621719e-07
1.698040424601609707e+09,-4.935749011683991512e+02,-1.047945608875595838e+02,1.678817914171657321e+03,0.000000000000000000e+00,1.698040424904402733e+09,2.222638356083789235e-01,5.450791054777225086e-02,2.769589918014279672e-01,4.232320521513344147e-05
1.698040424835746527e+09,-5.084753009483777078e+02,-8.608639116028264482e+01,1.643438572854292033e+03,0.000000000000000000e+00,1.698040425545405865e+09,2.252523159334627878e-01,3.413765788121003036e-02,3.001234436067797828e-01,4.232320521513344147e-05
1.698040424969490528e+09,-4.762863759773953802e+02,-1.198452097100569915e+02,1.473088373253493728e+03,0.000000000000000000e+00,1.698040425254423141e+09,2.258564320329970454e-01,4.600659722102773408e-03,3.265686403707416807e-01,2.832320521539699598e-05
1.698040425136737585e+09,-4.592236895076304677e+02,-1.337670742705847431e+02,1.409672704590818967e+03,0.000000000000000000e+00,1.698040425454394341e+09,2.324328706570717440e-01,-1.597740012423903844e-02,3.423831316344854714e-01,1.332320521507668332e-05
1.698040425337491512e+09,-4.697508885503044098e+02,-7.419327839679381498e+01,1.373500024950100624e+03,0.000000000000000000e+00,1.698040425604381561e+09,2.289288967693206001e-01,-3.009559962861547977e-02,3.528947984536254245e-01,-7.267679478495381318e-05
1.698040425471210480e+09,-5.198117875663597260e+02,-7.618077856604762133e+01,1.414729590818363704e+03,0.000000000000000000e+00,1.698040425804334641e+09,2.290058123558993131e-01,-4.650664025428426218e-02,3.583129332641340481e-01,-4.367679478489705502e-05
1.698040426876326561e+09,-4.053919897053133923e+02,1.013067726745284034e+02,6.294462574850301735e+02,0.000000000000000000e+00,1.698040427154402018e+09,2.523425461846541817e-01,-2.657496968227102130e-01,5.557418089963752639e-01,1.563232052150809182e-04
1.698040430388505697e+09,-9.720686735680369566e+02,-1.083398132766632216e+02,1.797402245508982560e+03,0.000000000000000000e+00,1.698040430629473686e+09,4.501899315789237854e-01,-9.634024094856237230e-01,7.509201405850287614e-01,1.010490323205214924e+00
1.698040430555785656e+09,-9.140846418512314813e+02,-1.353843466296820566e+02,1.977214670658683417e+03,0.000000000000000000e+00,1.698040430829475164e+09,4.803066754016471207e-01,-9.615150340350604452e-01,7.432233961835319480e-01,1.086642323205215366e+00
1.698040430723035574e+09,-8.578839626780901426e+02,-2.164200374246965453e+02,2.065808183632735563e+03,0.000000000000000000e+00,1.698040431294134140e+09,5.042957620016095266e-01,-9.563188463387867211e-01,7.269162680619719596e-01,1.171157323205215040e+00
1.698040430890260696e+09,-8.051562502404884754e+02,-2.178141241667306076e+02,2.070650499001996650e+03,0.000000000000000000e+00,1.698040431179450750e+09,5.192560824708571943e-01,-9.483414417292892473e-01,7.229926317537785918e-01,1.254339323205214907e+00
1.698040431576105833e+09,-7.568531403875847445e+02,-2.346873632373576584e+02,2.232408932135729628e+03,0.000000000000000000e+00,1.698040431354471207e+09,5.355820671276375622e-01,-9.381355501097533578e-01,7.239349106939367839e-01,1.302931323205215097e+00
1.698040431224512577e+09,1.328303294090119152e+03,-2.015475309378568909e+02,2.028220558882236901e+03,0.000000000000000000e+00,1.698040431529513836e+09,5.490492479243634927e-01,-9.235232138346941566e-01,7.288334337282189601e-01,1.360458323205215425e+00
1.698040431425416708e+09,-6.337058034581756374e+02,-1.974366745508112047e+02,2.208659780439123097e+03,0.000000000000000000e+00,1.698040431704349279e+09,5.609014895246824395e-01,-9.080860387461515693e-01,7.301183012698497787e-01,1.408593323205215686e+00
1.698040431559265614e+09,-6.161672353549353147e+02,-2.105979185849133444e+02,2.249598727544911071e+03,0.000000000000000000e+00,1.698040431879441738e+09,5.688962566967592505e-01,-8.934362999215550438e-01,7.274001847099287321e-01,1.463599323205215352e+00
1.698040431793421507e+09,-5.373434688065073033e+02,-2.213156701221849687e+02,2.215920109780439816e+03,0.000000000000000000e+00,1.698040432794956684e+09,5.780926252225138118e-01,-8.749774796136071675e-01,7.374414500170148878e-01,1.490486323205215680e+00
1.698040431960646629e+09,-4.575995743000154334e+02,-2.641693266034534417e+02,2.155148852295410052e+03,0.000000000000000000e+00,1.698040432254471779e+09,5.846018194011948221e-01,-8.594385790297393024e-01,7.450063534715010150e-01,1.516529323205215274e+00
1.698040432611415863e+09,-3.562677761093683557e+02,-2.019592976780646438e+02,1.787250573852296384e+03,0.000000000000000000e+00,1.698040432404394150e+09,5.911960289293690662e-01,-8.490484640258896265e-01,7.434303318572670349e-01,1.542944323205215351e+00
1.698040432261673689e+09,-3.261804806410791571e+02,-1.973387193178338919e+02,1.914222405189621668e+03,0.000000000000000000e+00,1.698040432604330778e+09,5.965489458195595285e-01,-8.384276949782688559e-01,7.425937189855631448e-01,1.561657323205215331e+00
1.698040432495900631e+09,-2.960915585029443946e+02,-2.115188748084466681e+02,1.870009830339322207e+03,0.000000000000000000e+00,1.698040432754452705e+09,6.023813170032426001e-01,-8.314965392780833131e-01,7.451531667657204094e-01,1.574829323205215292e+00
1.698040432663148642e+09,-3.893701248356442193e+02,-2.932904007610664507e+02,2.515261676646707201e+03,0.000000000000000000e+00,1.698040432904392004e+09,6.045395338423622533e-01,-8.275338163142426096e-01,7.440737402235388931e-01,1.587113323205215476e+00
1.698040432796899557e+09,-4.338701482861054046e+02,-3.167109907150936010e+02,2.633736876247506189e+03,0.000000000000000000e+00,1.698040433104384422e+09,6.154767354556043291e-01,-8.266381944186016462e-01,7.468820984200448265e-01,1.599082323205215150e+00
1.698040432964151621e+09,-4.712489105321873240e+02,-3.600346458112520622e+02,2.738386077844312240e+03,0.000000000000000000e+00,1.698040433279374123e+09,6.203365021317385208e-01,-8.296266199281232545e-01,7.502095560828861975e-01,1.607100323205215009e+00
1.698040433164902687e+09,-5.003249127243514636e+02,-3.664941986112779091e+02,2.698651921157685592e+03,0.000000000000000000e+00,1.698040433479354143e+09,6.256734593754216256e-01,-8.382447894074026573e-01,7.407786248820337205e-01,1.605281323205215660e+00
1.698040433298657656e+09,-6.204769657449803617e+02,-3.799495606340061045e+02,3.037452445109781820e+03,0.000000000000000000e+00,1.698040433629425287e+09,6.258486813751410471e-01,-8.479286144870555875e-01,7.334675278004859633e-01,1.601072323205215309e+00
1.698040433499413490e+09,-8.093788644696627443e+02,-4.709357088950874868e+02,3.200075598802396144e+03,0.000000000000000000e+00,1.698040433804413319e+09,6.260958648550515315e-01,-8.608275979078358064e-01,7.280496453988198891e-01,1.594916323205215480e+00
1.698040433700156689e+09,-7.950961651010853757e+02,-4.987896017236765829e+02,2.812590568862276541e+03,0.000000000000000000e+00,1.698040433979417801e+09,6.297569033998237087e-01,-8.765566426921693743e-01,7.249094712422630149e-01,1.584750323205215583e+00
1.698040433833908558e+09,-3.259069688343663529e+02,-2.435702110017780342e+02,1.039414920159680833e+03,0.000000000000000000e+00,1.698040434129477501e+09,6.287821433955703698e-01,-8.888299919484669021e-01,7.304809130500979908e-01,1.561156323205215468e+00
1.698040434115959406e+09,-7.439456770272013273e+02,-4.412865034737697556e+02,2.376957410179641556e+03,0.000000000000000000e+00,1.698040434329460144e+09,6.308077258388700148e-01,-9.058929653364991008e-01,7.360324582288165773e-01,1.567627323205214918e+00
1.698040434201788664e+09,-7.744276084137109137e+02,-4.400478988506132509e+02,2.359090568862276541e+03,0.000000000000000000e+00,1.698040434504469872e+09,6.347160094748220960e-01,-9.211576772832288373e-01,7.297369020140563878e-01,1.599612323205215514e+00
1.698040434435917616e+09,-8.418736723807681983e+02,-4.299333167843477099e+02,2.642589970059881580e+03,0.000000000000000000e+00,1.698040434654505491e+09,6.378102209360233532e-01,-9.350165701966506315e-01,7.307993688145962841e-01,1.651726323205215063e+00
1.698040434536289692e+09,-9.717170264337725030e+02,-4.117676548998305748e+02,3.299855738522955562e+03,0.000000000000000000e+00,1.698040434854526281e+09,6.470214779815486317e-01,-9.514259258337364189e-01,7.387360066050798757e-01,1.705172323205215168e+00
1.698040435380425930e+09,-5.255551454595541827e+02,-3.861286257878605284e+02,3.792547355289422740e+03,0.000000000000000000e+00,1.698040435354514360e+09,6.638577051697593934e-01,-9.698101167903455666e-01,7.128375301920569784e-01,1.773895323205215480e+00
1.698040435238795519e+09,-4.309615821764056136e+02,-4.448685819693051826e+02,3.941214021956090164e+03,0.000000000000000000e+00,1.698040435529652834e+09,6.768599540909812085e-01,-9.708930287175969731e-01,7.068004188444912961e-01,1.773937323205215133e+00
1.698040435439422607e+09,-2.784980979260189997e+02,-1.253236466610397315e+02,1.962035429141717259e+03,0.000000000000000000e+00,1.698040435704616785e+09,6.821817912709594589e-01,-9.625813103088380895e-01,7.182882168815933888e-01,1.773780323205215392e+00
1.698040435606674671e+09,2.303887134314356331e+02,-3.805057039498341851e+02,4.559776297405191144e+03,0.000000000000000000e+00,1.698040435854559660e+09,6.951114977210128831e-01,-9.498667437189811658e-01,7.273321109207364632e-01,1.773823323205215186e+00
1.698040435773924589e+09,-3.966948709167245397e+02,-1.112189693586163912e+02,2.473772979041917097e+03,0.000000000000000000e+00,1.698040436545109510e+09,7.093475513593018311e-01,-9.305545400210235574e-01,7.226234227874890337e-01,1.773737323205215599e+00
1.698040435941175699e+09,-4.245023919526228724e+02,-2.768470105044042953e+02,2.501819286427146380e+03,0.000000000000000000e+00,1.698040436254575968e+09,7.151412074441783062e-01,-9.092045762780597284e-01,7.334728006719852811e-01,1.773852323205215686e+00
1.698040436108429670e+09,-2.645409997595929781e+02,-9.196382793155387958e+01,1.410879940119760931e+03,0.000000000000000000e+00,1.698040436404596806e+09,7.279668861055161866e-01,-8.896923896346382588e-01,7.439859089901741385e-01,1.773908323205215520e+00
1.698040436309181690e+09,-2.270751192296639545e+02,-1.162658274321778293e+02,1.180996207584830699e+03,0.000000000000000000e+00,1.698040436554494381e+09,7.354818608570418137e-01,-8.726391694718703684e-01,7.363327652123706768e-01,1.773766323205215212e+00
1.698040436509994507e+09,-2.663361236667871026e+02,-8.692262617756044563e+01,1.336144510978044536e+03,0.000000000000000000e+00,1.698040436754489422e+09,7.530546279779224417e-01,-8.518988042550124096e-01,7.334754993492468289e-01,1.773766323205215212e+00
1.698040436610181570e+09,-4.471477659103246083e+02,-3.264830551607145139e+02,2.209569061876248725e+03,0.000000000000000000e+00,1.698040436954470634e+09,7.687153735332798998e-01,-8.311552810516140699e-01,7.442453276275967644e-01,1.773895323205215480e+00
1.698040436810973644e+09,-7.903974766820215336e+02,-4.699761416619765555e+02,3.600705339321358679e+03,0.000000000000000000e+00,1.698040437104586601e+09,7.755378566517355798e-01,-8.167984144389540679e-01,7.539204956727552087e-01,1.773923323205214952e+00
1.698040436978222609e+09,-9.431038834790592773e+02,-5.517975452051230150e+02,4.155946981037925070e+03,0.000000000000000000e+00,1.698040437304515362e+09,7.873112693046822042e-01,-8.029536119263858129e-01,7.518964268927120775e-01,1.773780323205215392e+00
1.698040437212343693e+09,-8.844680644065026627e+02,-4.936535406865382924e+02,3.884123702594811675e+03,0.000000000000000000e+00,1.698040437429531574e+09,7.929154236388842314e-01,-7.966456539309632046e-01,7.478162350728763119e-01,1.773794323205215573e+00
1.698040437345938683e+09,1.337639726008345178e+03,-2.358318113162484053e+02,1.851014321357286462e+03,0.000000000000000000e+00,1.698040437629639149e+09,8.060143439918506791e-01,-7.893329222691981562e-01,7.470158669317555900e-01,1.773809323205215005e+00
1.698040437479967594e+09,-9.681062526950973961e+02,-4.474500015393137460e+02,3.684839196606788391e+03,0.000000000000000000e+00,1.698040437779639006e+09,8.170489365611253163e-01,-7.857800157638216154e-01,7.587030408780390811e-01,1.773823323205215186e+00
1.698040437714098692e+09,-6.963701213769718379e+02,-3.860157085345416021e+02,2.475491816367266438e+03,0.000000000000000000e+00,1.698040437954629421e+09,8.280316270962967407e-01,-7.802795784622262865e-01,7.679288924683586037e-01,1.773895323205215480e+00
1.698040437814479589e+09,-8.742838418754996610e+02,-5.044588972320699440e+02,3.060832759481038920e+03,0.000000000000000000e+00,1.698040438129542828e+09,8.314744044735470352e-01,-7.751538218136071468e-01,7.626700268269630545e-01,1.773766323205215212e+00
1.698040438151955843e+09,-1.295752673381769000e+03,-6.642124000716604542e+02,4.648697954091818247e+03,0.000000000000000000e+00,1.698040438329515219e+09,8.370828804731273998e-01,-7.715344785719310261e-01,7.477355044148077390e-01,1.773780323205215392e+00
1.698040438215853691e+09,-1.099857925447468915e+03,-4.999553884554560454e+02,3.899661277445111409e+03,0.000000000000000000e+00,1.698040438479621410e+09,8.417206098809035808e-01,-7.677366469131544635e-01,7.383815653196184048e-01,1.773794323205215573e+00
1.698040438349695683e+09,-1.181497272869037715e+03,-4.933950775396039035e+02,4.003176621756488203e+03,0.000000000000000000e+00,1.698040438629614592e+09,8.478260487738608076e-01,-7.639152945334272138e-01,7.512813161069777923e-01,1.773093323205215288e+00
1.698040438516950607e+09,-1.149772508271880952e+03,-4.763863256023452095e+02,3.782439995009982340e+03,0.000000000000000000e+00,1.698040438854694128e+09,8.521665848295031376e-01,-7.495543203029972901e-01,7.863419430689276846e-01,1.721451323205215100e+00
1.698040438717608690e+09,-1.497507235661419145e+03,-7.269940468289343016e+02,5.096036052894212844e+03,0.000000000000000000e+00,1.698040438979589701e+09,8.518239563722014296e-01,-7.423512134244195648e-01,8.030741759845877459e-01,1.581773323205215132e+00
1.698040447147149563e+09,-9.034455539883263100e+02,7.108614292058681485e+02,1.927065818363274730e+03,0.000000000000000000e+00,1.698040447504758358e+09,1.211260359792074359e+00,-3.295509681987244255e-01,-4.137716496668270016e-01,2.832320521539699598e-05
1.698040450324956656e+09,-2.347383013714235460e+02,5.592723350931007644e+02,1.560271881237526031e+03,0.000000000000000000e+00,1.698040450604696512e+09,1.903424357853811033e+00,-1.891837285407054203e-01,-1.336070612693278925e-01,9.932320521510717981e-05
1.698040450458706617e+09,-9.926896602461400221e+01,2.500292404487362603e+02,6.837169660678646324e+02,0.000000000000000000e+00,1.698040450779768705e+09,1.942220742349114238e+00,-1.845414822105171382e-01,-1.353972690656229383e-01,-8.667679478469025867e-05
1.698040450625961542e+09,-0.000000000000000000e+00,0.000000000000000000e+00,0.000000000000000000e+00,0.000000000000000000e+00,1.698040450979691982e+09,1.987840402985883603e+00,-1.805096750985482057e-01,-1.383076533741266767e-01,-5.767679478463350051e-05
1.698040450993934631e+09,-0.000000000000000000e+00,0.000000000000000000e+00,0.000000000000000000e+00,0.000000000000000000e+00,1.698040451304749727e+09,2.069708276857082474e+00,-1.736881023302911664e-01,-1.391750717443808461e-01,-1.467679478484029687e-05
1.698040451830189705e+09,0.000000000000000000e+00,0.000000000000000000e+00,0.000000000000000000e+00,0.000000000000000000e+00,1.698040452154736042e+09,2.264786200868215804e+00,-1.649875582965182053e-01,-1.323765545395103882e-01,2.832320521539699598e-05
