-1.012338735576925615e+03,-2.417492369697017693e+03,1.018300000000000182e+04,0.000000000000000000e+00,-9.728924242407139218e+02,-2.494790930985898285e+03,1.026700000000000182e+04,0.000000000000000000e+00,-1.033833087114619275e+03,-2.470949955137427423e+03,1.020800000000000182e+04,0.000000000000000000e+00,-9.254557026618649616e+02,-2.467073440933861548e+03,1.027100000000000182e+04,0.000000000000000000e+00,-1.077065301556999884e+03,-2.442212950121218910e+03,1.016750000000000182e+04,0.000000000000000000e+00,-8.189575370116037902e+02,-2.208256708431518291e+03,1.013650000000000182e+04,0.000000000000000000e+00,-1.140951281587680342e+03,-2.192244587080982001e+03,1.006300000000000182e+04,0.000000000000000000e+00,-7.612395176428560717e+02,-1.988336187349942975e+03,1.012200000000000182e+04,0.000000000000000000e+00,-1.192647441767104056e+03,-1.969281789980555459e+03,1.002500000000000182e+04,0.000000000000000000e+00,-8.808757348895409223e+02,-1.793979871895134465e+03,1.008900000000000182e+04,0.000000000000000000e+00,-1.138910426666823923e+03,-1.795508719917384724e+03,1.004500000000000182e+04,0.000000000000000000e+00,-8.947697507012538836e+02,-1.708636660775764085e+03,1.014000000000000182e+04,0.000000000000000000e+00,-1.088507164645879357e+03,-1.701559467506279361e+03,1.009800000000000182e+04,0.000000000000000000e+00,-8.878605756855725986e+02,-1.325327864775731996e+03,1.016900000000000182e+04,0.000000000000000000e+00,-1.113890703156569998e+03,-1.304978353919736492e+03,1.015800000000000182e+04,0.000000000000000000e+00,-8.784310406109299265e+02,-9.646501048567653243e+02,1.006100000000000182e+04,0.000000000000000000e+00,-1.065253865006854312e+03,-9.828966418432244154e+02,1.005600000000000182e+04,0.000000000000000000e+00
-1.006895342867248360e+03,-2.427225963643553769e+03,1.022400000000000182e+04,0.000000000000000000e+00,-9.855617848617240497e+02,-2.502688145874087695e+03,1.029950000000000182e+04,0.000000000000000000e+00,-1.041226290029917664e+03,-2.498192808168503234e+03,1.028100000000000182e+04,0.000000000000000000e+00,-9.182110405734800906e+02,-2.473318588384380291e+03,1.029700000000000182e+04,0.000000000000000000e+00,-1.073846081446293965e+03,-2.456504729863752800e+03,1.022700000000000182e+04,0.000000000000000000e+00,-8.164933526403855240e+02,-2.201612222701023256e+03,1.010600000000000182e+04,0.000000000000000000e+00,-1.147234346397260424e+03,-2.186362583319560144e+03,1.003600000000000182e+04,0.000000000000000000e+00,-7.567271316461586821e+02,-1.976549962173001859e+03,1.006200000000000182e+04,0.000000000000000000e+00,-1.190268095249863109e+03,-1.965353048254908572e+03,1.000500000000000182e+04,0.000000000000000000e+00,-8.756371042925172787e+02,-1.783310946103310926e+03,1.002900000000000182e+04,0.000000000000000000e+00,-1.136075905943412181e+03,-1.781710607234537974e+03,1.002000000000000182e+04,0.000000000000000000e+00,-8.983701202542026749e+02,-1.697599609367400035e+03,1.007450000000000182e+04,0.000000000000000000e+00,-1.095626005260173770e+03,-1.698020870871536545e+03,1.007700000000000182e+04,0.000000000000000000e+00,-8.848047078373087970e+02,-1.320766307565863599e+03,1.013400000000000182e+04,0.000000000000000000e+00,-1.104324038446718760e+03,-1.295392877667184166e+03,1.015700000000000182e+04,0.000000000000000000e+00,-8.679404837968587572e+02,-9.634036630156821275e+02,1.004800000000000182e+04,0.000000000000000000e+00,-1.075845761219822180e+03,-9.933943546764810435e+02,1.006750000000000182e+04,0.000000000000000000e+00
-1.016315319041825660e+03,-2.436507018591529686e+03,1.022300000000000182e+04,0.000000000000000000e+00,-9.743138118284816755e+02,-2.498435799395831964e+03,1.028200000000000182e+04,0.000000000000000000e+00,-1.039504585241423456e+03,-2.484505323229873738e+03,1.026400000000000182e+04,0.000000000000000000e+00,-9.241041462856670705e+02,-2.463470471250869650e+03,1.025600000000000182e+04,0.000000000000000000e+00,-1.082097079459528231e+03,-2.453622354117359464e+03,1.021500000000000182e+04,0.000000000000000000e+00,-8.166145420356913291e+02,-2.201939000687768839e+03,1.010750000000000182e+04,0.000000000000000000e+00,-1.140497758271934345e+03,-2.191373179116326810e+03,1.005900000000000182e+04,0.000000000000000000e+00,-7.589833246445073200e+02,-1.982443074761472417e+03,1.009200000000000182e+04,0.000000000000000000e+00,-1.192766409092966114e+03,-1.969478227066837917e+03,1.002600000000000182e+04,0.000000000000000000e+00,-8.789549036706322340e+02,-1.790067932438132402e+03,1.006700000000000182e+04,0.000000000000000000e+00,-1.137889999206395714e+03,-1.784555654112357615e+03,1.003600000000000182e+04,0.000000000000000000e+00,-8.915930533614861133e+02,-1.702570495116205166e+03,1.010400000000000182e+04,0.000000000000000000e+00,-1.104679557353739483e+03,-1.697515357066573415e+03,1.007400000000000182e+04,0.000000000000000000e+00,-8.847173973273584124e+02,-1.330070639584363107e+03,1.013300000000000182e+04,0.000000000000000000e+00,-1.108956160762196532e+03,-1.299197292103789778e+03,1.011300000000000182e+04,0.000000000000000000e+00,-8.649172038473275279e+02,-9.600478580589197009e+02,1.001300000000000182e+04,0.000000000000000000e+00,-1.059639460189296187e+03,-9.777162995582511940e+02,1.000300000000000182e+04,0.000000000000000000e+00
-1.005713540821629522e+03,-2.433885324646062600e+03,1.021200000000000182e+04,0.000000000000000000e+00,-9.827389223292301494e+02,-2.495519904667884930e+03,1.027000000000000182e+04,0.000000000000000000e+00,-1.035352238398584632e+03,-2.474580857305046720e+03,1.022300000000000182e+04,0.000000000000000000e+00,-9.172301411419651913e+02,-2.480253528512950652e+03,1.028600000000000182e+04,0.000000000000000000e+00,-1.071326055441139715e+03,-2.460239816392926514e+03,1.020300000000000182e+04,0.000000000000000000e+00,-8.202906203599677610e+02,-2.211851266285720158e+03,1.015300000000000182e+04,0.000000000000000000e+00,-1.145146372258329620e+03,-2.200305110754041380e+03,1.010000000000000182e+04,0.000000000000000000e+00,-7.616155498092475682e+02,-1.989318372781354583e+03,1.012700000000000182e+04,0.000000000000000000e+00,-1.187916749965873350e+03,-1.976942836345567230e+03,1.006400000000000182e+04,0.000000000000000000e+00,-8.729504905703677196e+02,-1.797002734202817919e+03,1.010600000000000182e+04,0.000000000000000000e+00,-1.142538613192790763e+03,-1.791846086736770303e+03,1.007700000000000182e+04,0.000000000000000000e+00,-8.848920183472591816e+02,-1.707794137767491975e+03,1.013500000000000182e+04,0.000000000000000000e+00,-1.098289777923553174e+03,-1.702149233612069793e+03,1.010150000000000182e+04,0.000000000000000000e+00,-8.877732651756222140e+02,-1.334664784692964076e+03,1.016800000000000182e+04,0.000000000000000000e+00,-1.102258255564914180e+03,-1.302408993112649114e+03,1.013800000000000182e+04,0.000000000000000000e+00,-8.681996220782472165e+02,-9.730496168737263361e+02,1.005100000000000182e+04,0.000000000000000000e+00,-1.060380985353879396e+03,-9.970407737841384233e+02,1.001000000000000182e+04,0.000000000000000000e+00
-7.435925659984700360e+02,-2.488973886110018611e+03,1.040250000000000182e+04,0.000000000000000000e+00,-7.099320426228376846e+02,-2.545940584338633016e+03,1.047750000000000182e+04,0.000000000000000000e+00,-7.738006010647684434e+02,-2.531482606312562893e+03,1.041800000000000182e+04,0.000000000000000000e+00,-6.523010045548861626e+02,-2.520157194263272686e+03,1.049200000000000182e+04,0.000000000000000000e+00,-8.088566996550406429e+02,-2.490853040841606798e+03,1.037000000000000182e+04,0.000000000000000000e+00,-5.581946901743575609e+02,-2.260650112306404026e+03,1.037700000000000182e+04,0.000000000000000000e+00,-8.783060150523945140e+02,-2.215119046153176896e+03,1.016800000000000182e+04,0.000000000000000000e+00,-4.881507937635697658e+02,-2.028409352951542132e+03,1.032600000000000182e+04,0.000000000000000000e+00,-9.069844321871612465e+02,-1.977335710518131236e+03,1.006600000000000182e+04,0.000000000000000000e+00,-5.953697797918289325e+02,-1.811316876306847689e+03,1.018650000000000182e+04,0.000000000000000000e+00,-8.686315192138945349e+02,-1.806837900404198990e+03,1.005600000000000182e+04,0.000000000000000000e+00,-6.227515019161992313e+02,-1.694586931811644263e+03,1.016900000000000182e+04,0.000000000000000000e+00,-8.241049473421697940e+02,-1.699200403083116953e+03,1.008400000000000182e+04,0.000000000000000000e+00,-6.070215528715148139e+02,-1.332365695899528646e+03,1.022300000000000182e+04,0.000000000000000000e+00,-8.273739078631621169e+02,-1.281757875589472633e+03,1.012400000000000182e+04,0.000000000000000000e+00,-5.898465437254344579e+02,-9.676223892470405872e+02,1.009200000000000182e+04,0.000000000000000000e+00,-8.017730168010884881e+02,-9.812838937733737339e+02,1.003950000000000182e+04,0.000000000000000000e+00
-6.827682701712102471e+02,-2.425564130530729926e+03,1.021700000000000182e+04,0.000000000000000000e+00,-6.563427541279427260e+02,-2.462029283377672982e+03,1.025000000000000182e+04,0.000000000000000000e+00,-7.113765096519240387e+02,-2.454342948053957116e+03,1.021800000000000182e+04,0.000000000000000000e+00,-6.100498321629603424e+02,-2.458228089968212771e+03,1.027400000000000182e+04,0.000000000000000000e+00,-7.670304130052844584e+02,-2.440283072764823828e+03,1.019900000000000182e+04,0.000000000000000000e+00,-5.179895292904518556e+02,-2.193808657825979935e+03,1.015700000000000182e+04,0.000000000000000000e+00,-8.538778928092438036e+02,-2.172738477507929474e+03,1.010300000000000182e+04,0.000000000000000000e+00,-4.595218322629409045e+02,-1.968903621961090494e+03,1.011900000000000182e+04,0.000000000000000000e+00,-8.871809737229198163e+02,-1.974978465482743104e+03,1.005400000000000182e+04,0.000000000000000000e+00,-5.435633944504079409e+02,-1.796824918772954106e+03,1.010500000000000182e+04,0.000000000000000000e+00,-8.515959267490785578e+02,-1.801049861810608718e+03,1.007600000000000182e+04,0.000000000000000000e+00,-6.016181525671709096e+02,-1.688421161679179932e+03,1.013200000000000182e+04,0.000000000000000000e+00,-7.974375143700384569e+02,-1.683588531034815787e+03,1.010300000000000182e+04,0.000000000000000000e+00,-5.862016418646572902e+02,-1.309346267291784670e+03,1.019200000000000182e+04,0.000000000000000000e+00,-8.101984416999894165e+02,-1.284416598958435316e+03,1.014500000000000182e+04,0.000000000000000000e+00,-5.762801560697541845e+02,-9.326841260065018560e+02,1.001950000000000182e+04,0.000000000000000000e+00,-7.795596961967420384e+02,-9.469602187275462484e+02,9.876500000000001819e+03,0.000000000000000000e+00
-8.190631067594963497e+02,-2.387076987959108919e+03,1.025600000000000182e+04,0.000000000000000000e+00,-7.930358828883714750e+02,-2.442894675850172462e+03,1.029000000000000182e+04,0.000000000000000000e+00,-8.479586282814448168e+02,-2.425983150547736386e+03,1.025900000000000182e+04,0.000000000000000000e+00,-7.381956672978802771e+02,-2.432448066291582563e+03,1.032700000000000182e+04,0.000000000000000000e+00,-8.840934366700686269e+02,-2.410778150333528629e+03,1.023500000000000182e+04,0.000000000000000000e+00,-6.348930478950150018e+02,-2.158147009392939708e+03,1.021200000000000182e+04,0.000000000000000000e+00,-9.688638353051076137e+02,-2.139760915599639702e+03,1.012500000000000182e+04,0.000000000000000000e+00,-5.847637453726423473e+02,-1.911978984868983616e+03,1.016700000000000182e+04,0.000000000000000000e+00,-1.010079508617585816e+03,-1.921102032465172670e+03,1.006600000000000182e+04,0.000000000000000000e+00,-6.588701846396987776e+02,-1.746745837858608638e+03,1.014200000000000182e+04,0.000000000000000000e+00,-9.629310394741034997e+02,-1.733139752156496343e+03,1.006300000000000182e+04,0.000000000000000000e+00,-7.053891951255903905e+02,-1.650686237112481422e+03,1.013200000000000182e+04,0.000000000000000000e+00,-8.989051563077562150e+02,-1.642295954718946859e+03,1.008050000000000182e+04,0.000000000000000000e+00,-7.046929957620634468e+02,-1.272080243526582763e+03,1.012200000000000182e+04,0.000000000000000000e+00,-9.033802818506336507e+02,-1.260015463504990976e+03,1.002600000000000182e+04,0.000000000000000000e+00,-6.751384273628207211e+02,-8.996858757529034847e+02,9.964000000000001819e+03,0.000000000000000000e+00,-8.623659067800571165e+02,-9.194192437313457731e+02,9.877000000000001819e+03,0.000000000000000000e+00
-7.908387731728502104e+02,-2.359845317952165260e+03,1.013900000000000182e+04,0.000000000000000000e+00,-7.496884316457498016e+02,-2.426632451817545189e+03,1.022150000000000182e+04,0.000000000000000000e+00,-8.111567838685847391e+02,-2.411319846706530825e+03,1.015700000000000182e+04,0.000000000000000000e+00,-7.050910815036419308e+02,-2.417844427276372244e+03,1.026500000000000182e+04,0.000000000000000000e+00,-8.559908243464338966e+02,-2.385575095904052432e+03,1.012800000000000182e+04,0.000000000000000000e+00,-6.104487926274111942e+02,-2.139126912365387398e+03,1.012200000000000182e+04,0.000000000000000000e+00,-9.405327711218640161e+02,-2.118416140046497276e+03,1.002400000000000182e+04,0.000000000000000000e+00,-5.569667369748167403e+02,-1.942477298473129622e+03,1.017800000000000182e+04,0.000000000000000000e+00,-9.861153235651160003e+02,-1.920309883515248202e+03,1.001300000000000182e+04,0.000000000000000000e+00,-6.570471219616410963e+02,-1.757687240052672450e+03,1.026100000000000182e+04,0.000000000000000000e+00,-9.290397648041296179e+02,-1.749262479198129313e+03,1.010200000000000182e+04,0.000000000000000000e+00,-6.891168055207505176e+02,-1.689612822013112691e+03,1.031200000000000182e+04,0.000000000000000000e+00,-8.840070572429391405e+02,-1.676832585384231606e+03,1.023400000000000182e+04,0.000000000000000000e+00,-6.963340878128607301e+02,-1.299829448516170942e+03,1.042000000000000182e+04,0.000000000000000000e+00,-9.131681227940744066e+02,-1.290910273317619385e+03,1.034850000000000182e+04,0.000000000000000000e+00,-6.497636137826648337e+02,-8.903404835268471516e+02,9.860500000000001819e+03,0.000000000000000000e+00,-8.218458507054426718e+02,-8.961230997272854211e+02,9.724000000000001819e+03,0.000000000000000000e+00
-5.295661388354880046e+02,-2.407200536432789249e+03,1.038400000000000182e+04,0.000000000000000000e+00,-5.025856581196343882e+02,-2.446059310711939361e+03,1.042600000000000182e+04,0.000000000000000000e+00,-5.765722702413037268e+02,-2.430574952903864414e+03,1.036000000000000182e+04,0.000000000000000000e+00,-6.127218433024710293e+02,-2.392132351256736456e+03,1.031900000000000182e+04,0.000000000000000000e+00,-4.555725472723244707e+02,-2.425050540410574740e+03,1.046100000000000182e+04,0.000000000000000000e+00,-7.010727835720332450e+02,-2.128475379694642470e+03,1.020650000000000182e+04,0.000000000000000000e+00,-3.687912775639323968e+02,-2.206289303660981204e+03,1.048600000000000182e+04,0.000000000000000000e+00,-3.036283407796644838e+02,-1.992843641453390319e+03,1.059700000000000182e+04,0.000000000000000000e+00,-3.036283407796644838e+02,-1.992843641453390319e+03,1.059700000000000182e+04,0.000000000000000000e+00,-6.915559796287321888e+02,-1.763040491365521802e+03,1.034850000000000182e+04,0.000000000000000000e+00,-4.062433518396094314e+02,-1.823094776837459449e+03,1.070100000000000182e+04,0.000000000000000000e+00,-4.406171042193847143e+02,-1.721043884715007835e+03,1.081100000000000182e+04,0.000000000000000000e+00,-6.362007818046395187e+02,-1.698979101428396916e+03,1.054900000000000182e+04,0.000000000000000000e+00,-4.462007267592104540e+02,-1.355500632181919400e+03,1.094800000000000182e+04,0.000000000000000000e+00,-6.681546793701259048e+02,-1.300595253076084191e+03,1.074700000000000182e+04,0.000000000000000000e+00,-4.002640377762470507e+02,-8.981384281273557235e+02,1.005050000000000182e+04,0.000000000000000000e+00,-5.485045344891821060e+02,-8.481850908884936189e+02,9.693500000000001819e+03,0.000000000000000000e+00
-4.247221203468881754e+02,-2.415777811071465294e+03,1.042100000000000182e+04,0.000000000000000000e+00,-4.065222124941616926e+02,-2.471622564531137868e+03,1.045200000000000182e+04,0.000000000000000000e+00,-4.533079671692596548e+02,-2.442070915518950187e+03,1.040900000000000182e+04,0.000000000000000000e+00,-5.092958246388370753e+02,-2.402795989996712251e+03,1.036500000000000182e+04,0.000000000000000000e+00,-3.491313778180180520e+02,-2.429918723313607188e+03,1.048200000000000182e+04,0.000000000000000000e+00,-6.026464241332694201e+02,-2.150267931223382675e+03,1.031100000000000182e+04,0.000000000000000000e+00,-2.527351204343663369e+02,-2.206161692506364489e+03,1.053200000000000182e+04,0.000000000000000000e+00,-1.948370642553601044e+02,-1.980357189186960568e+03,1.058300000000000182e+04,0.000000000000000000e+00,-1.948370642553601044e+02,-1.980357189186960568e+03,1.058300000000000182e+04,0.000000000000000000e+00,-5.761270406889938158e+02,-1.763636775051058748e+03,1.035200000000000182e+04,0.000000000000000000e+00,-2.840021319792084569e+02,-1.806058100107831706e+03,1.060100000000000182e+04,0.000000000000000000e+00,-5.207489171738616278e+02,-1.675142822443526029e+03,1.040100000000000182e+04,0.000000000000000000e+00,-3.141458596842302313e+02,-1.710253017164484618e+03,1.061900000000000182e+04,0.000000000000000000e+00,-5.057037244413603503e+02,-1.222356225336837269e+03,1.010050000000000182e+04,0.000000000000000000e+00,-3.110543969912269517e+02,-1.292037988381985997e+03,1.051450000000000182e+04,0.000000000000000000e+00,-2.832016493791445555e+02,-8.554678048319163963e+02,9.573000000000001819e+03,0.000000000000000000e+00,-4.226932792301786890e+02,-8.150759268642964344e+02,9.121000000000001819e+03,0.000000000000000000e+00
-4.053875005986939186e+02,-2.275906715181783056e+03,9.512000000000001819e+03,0.000000000000000000e+00,-3.726453614529815468e+02,-2.328098949038266710e+03,9.581000000000001819e+03,0.000000000000000000e+00,-4.414157970252661016e+02,-2.314491440307848279e+03,9.525000000000001819e+03,0.000000000000000000e+00,-3.118192610773642741e+02,-2.313346734459548315e+03,9.631000000000001819e+03,0.000000000000000000e+00,-4.836166886148818094e+02,-2.277797433587363230e+03,9.483000000000001819e+03,0.000000000000000000e+00,-2.188136671717450668e+02,-2.031322045452016482e+03,9.486500000000001819e+03,0.000000000000000000e+00,-5.835395757483951229e+02,-2.009802215634072127e+03,9.386000000000001819e+03,0.000000000000000000e+00,-1.652842454865570403e+02,-1.734248619719746330e+03,9.456000000000001819e+03,0.000000000000000000e+00,-6.252973185858866145e+02,-1.733516112878510057e+03,9.357000000000001819e+03,0.000000000000000000e+00,-1.403545790640759492e+02,-1.503618175775570762e+03,9.557000000000001819e+03,0.000000000000000000e+00,-6.311636341714848868e+02,-1.465543926687186513e+03,9.315000000000001819e+03,0.000000000000000000e+00,-2.868664184696610846e+02,-1.479074444958265076e+03,9.401000000000001819e+03,0.000000000000000000e+00,-5.121489183874347191e+02,-1.472466517430528938e+03,9.359000000000001819e+03,0.000000000000000000e+00,-4.589845194067201533e+02,-9.969972008101408392e+02,9.000000000000001819e+03,0.000000000000000000e+00,-2.470183622218933692e+02,-1.021423632229989266e+03,9.220500000000001819e+03,0.000000000000000000e+00,-3.562100259186192943e+02,-6.133189715809736526e+02,7.844000000000001819e+03,0.000000000000000000e+00,-2.622830270987145127e+02,-6.484990944278918050e+02,8.101000000000001819e+03,0.000000000000000000e+00
-3.368580092311617022e+02,-2.267351142206040095e+03,9.331000000000001819e+03,0.000000000000000000e+00,-3.008080422838313552e+02,-2.377894510218498453e+03,9.566000000000001819e+03,0.000000000000000000e+00,-3.730832800246636793e+02,-2.311231353083141585e+03,9.368000000000001819e+03,0.000000000000000000e+00,-2.397945203393574047e+02,-2.355367213682324291e+03,9.619500000000001819e+03,0.000000000000000000e+00,-4.148714906493897843e+02,-2.283747596238374172e+03,9.327000000000001819e+03,0.000000000000000000e+00,-1.133265050644193224e+02,-2.058167047398223986e+03,9.529000000000001819e+03,0.000000000000000000e+00,-4.787446027321752240e+02,-1.914022810038658918e+03,8.900000000000001819e+03,0.000000000000000000e+00,-7.345905225001827432e+01,-1.682826438850830300e+03,8.993000000000001819e+03,0.000000000000000000e+00,-5.148883399672230325e+02,-1.623881648161448538e+03,8.809500000000001819e+03,0.000000000000000000e+00,-7.563186531556979730e+01,-1.482596044167210039e+03,9.259000000000001819e+03,0.000000000000000000e+00,-5.487858337024380262e+02,-1.364110097898126696e+03,8.827000000000001819e+03,0.000000000000000000e+00,-1.947633351573973357e+02,-1.376168219319340778e+03,8.799000000000001819e+03,0.000000000000000000e+00,-4.069598762810891799e+02,-1.357078602548136359e+03,8.781500000000001819e+03,0.000000000000000000e+00,-2.193909843034133189e+02,-9.503691052045155629e+02,8.801000000000001819e+03,0.000000000000000000e+00,-4.284669166281388470e+02,-9.740985523167892097e+02,8.720000000000001819e+03,0.000000000000000000e+00,-2.076431618033621476e+02,-4.991642274377093713e+02,7.247000000000001819e+03,0.000000000000000000e+00,-3.560398967808898192e+02,-6.849112189960964088e+02,8.175500000000001819e+03,0.000000000000000000e+00
-4.331711914832064281e+02,-2.243591639791167836e+03,9.163000000000001819e+03,0.000000000000000000e+00,-4.192303915798710818e+02,-2.410859600087283070e+03,9.626500000000001819e+03,0.000000000000000000e+00,-4.768849156635832855e+02,-2.341863410420836317e+03,9.351000000000001819e+03,0.000000000000000000e+00,-3.635366148277567504e+02,-2.512553687249540872e+03,1.007000000000000182e+04,0.000000000000000000e+00,-5.217551210925470286e+02,-2.263419143384728159e+03,9.071500000000001819e+03,0.000000000000000000e+00,-1.945830492026396712e+02,-1.829944782780158448e+03,8.436000000000001819e+03,0.000000000000000000e+00,-5.692474095878799289e+02,-1.773653807065192723e+03,8.176500000000001819e+03,0.000000000000000000e+00,-1.569849927379754035e+02,-1.511253139933724697e+03,8.116500000000001819e+03,0.000000000000000000e+00,-6.195309684993660539e+02,-1.492341478284642108e+03,8.137000000000001819e+03,0.000000000000000000e+00,-1.403536902689749013e+02,-1.342305010528913272e+03,8.481500000000001819e+03,0.000000000000000000e+00,-6.268401700448913516e+02,-1.302976731908806414e+03,8.233000000000001819e+03,0.000000000000000000e+00,-2.665243647792393062e+02,-1.302818469218182372e+03,8.232000000000001819e+03,0.000000000000000000e+00,-4.920656958472310976e+02,-1.280659383854285352e+03,8.287000000000001819e+03,0.000000000000000000e+00,-2.704095596010940881e+02,-9.096605949109762150e+02,8.352000000000001819e+03,0.000000000000000000e+00,-4.489169411252612463e+02,-8.705722589308990109e+02,8.203500000000001819e+03,0.000000000000000000e+00,-2.131778006294908323e+02,-4.627932850671536471e+02,7.206000000000001819e+03,0.000000000000000000e+00,-3.317103689855372863e+02,-4.827214715805841365e+02,7.304500000000001819e+03,0.000000000000000000e+00
-4.288255432741202071e+02,-2.160967105684851049e+03,8.565000000000001819e+03,0.000000000000000000e+00,-4.063673402514997974e+02,-2.307715711722373271e+03,8.948500000000001819e+03,0.000000000000000000e+00,-4.776189507089998756e+02,-2.242724795043016456e+03,8.728000000000001819e+03,0.000000000000000000e+00,-3.482586960077233016e+02,-2.284123352025071199e+03,8.954000000000001819e+03,0.000000000000000000e+00,-5.320617610542046805e+02,-2.183105611640670304e+03,8.558000000000001819e+03,0.000000000000000000e+00,-1.928179598630902944e+02,-1.645241229275443857e+03,7.456500000000001819e+03,0.000000000000000000e+00,-5.841283672724820235e+02,-1.735446736990007821e+03,7.767000000000001819e+03,0.000000000000000000e+00,-1.485774958149235658e+02,-1.378272251411899333e+03,7.329000000000001819e+03,0.000000000000000000e+00,-6.208781351360318013e+02,-1.396889928160402405e+03,7.428000000000001819e+03,0.000000000000000000e+00,-1.052942731262591138e+02,-1.182991140751122884e+03,7.655000000000001819e+03,0.000000000000000000e+00,-6.263574248846190358e+02,-1.200485819359420475e+03,7.411000000000001819e+03,0.000000000000000000e+00,-2.543485141467052131e+02,-1.137822187633036265e+03,7.232000000000001819e+03,0.000000000000000000e+00,-4.850246011102179864e+02,-1.130626358821897156e+03,7.360500000000001819e+03,0.000000000000000000e+00,-2.388747282970393258e+02,-7.692294463609910053e+02,7.378000000000001819e+03,0.000000000000000000e+00,-4.458652365040951508e+02,-7.363758681904226933e+02,7.393000000000001819e+03,0.000000000000000000e+00,-2.161625269009464603e+02,-3.790560384720673142e+02,6.676500000000001819e+03,0.000000000000000000e+00,-3.497775683760107768e+02,-3.571950209367736306e+02,6.617000000000001819e+03,0.000000000000000000e+00
-4.149730134205709646e+02,-2.204003150956707032e+03,8.608500000000001819e+03,0.000000000000000000e+00,-4.074209733679731471e+02,-2.379186702488874289e+03,9.159500000000001819e+03,0.000000000000000000e+00,-4.730695964863050449e+02,-2.284377690380305012e+03,8.794500000000001819e+03,0.000000000000000000e+00,-3.526160760010043873e+02,-2.509832084736785418e+03,9.767500000000001819e+03,0.000000000000000000e+00,-5.127480374351165437e+02,-2.184652406903726842e+03,8.502000000000001819e+03,0.000000000000000000e+00,-1.924494631368212652e+02,-1.848722046340642009e+03,8.343500000000001819e+03,0.000000000000000000e+00,-5.519400138293736973e+02,-1.632981847264951057e+03,7.339000000000001819e+03,0.000000000000000000e+00,-1.301333764432547753e+02,-1.379291168150102294e+03,7.445000000000001819e+03,0.000000000000000000e+00,-5.983832233676484975e+02,-1.342868907951351730e+03,7.322000000000001819e+03,0.000000000000000000e+00,-9.542783887468786475e+01,-1.217602769682292774e+03,8.024000000000001819e+03,0.000000000000000000e+00,-6.029597680970376814e+02,-1.119575428055328530e+03,7.378000000000001819e+03,0.000000000000000000e+00,-2.292426828011909663e+02,-1.100801385223639045e+03,7.080500000000001819e+03,0.000000000000000000e+00,-4.521914874399234350e+02,-1.094077604044058489e+03,7.166000000000001819e+03,0.000000000000000000e+00,-2.664997049151906481e+02,-7.476976133658833987e+02,7.577500000000001819e+03,0.000000000000000000e+00,-4.317715586222510638e+02,-7.267618618914598301e+02,7.507000000000001819e+03,0.000000000000000000e+00,-2.432700044735564120e+02,-3.411879459788337385e+02,6.917000000000001819e+03,0.000000000000000000e+00,-3.775627378176552043e+02,-3.592897386777382849e+02,7.019000000000001819e+03,0.000000000000000000e+00
-3.220355645738358703e+02,-1.984996452991212664e+03,7.725000000000001819e+03,0.000000000000000000e+00,-3.280583052912797939e+02,-2.260727734904291083e+03,8.641500000000001819e+03,0.000000000000000000e+00,-3.926529817829349440e+02,-2.262035799323028641e+03,8.646500000000001819e+03,0.000000000000000000e+00,-2.498623144068193085e+02,-2.273275644980416018e+03,8.720500000000001819e+03,0.000000000000000000e+00,-4.493188112377349057e+02,-2.255549282517407391e+03,8.652500000000001819e+03,0.000000000000000000e+00,-9.703833231575192997e+01,-1.704850046784109736e+03,7.567000000000001819e+03,0.000000000000000000e+00,-4.583896689822238955e+02,-1.589721412727458528e+03,7.056000000000001819e+03,0.000000000000000000e+00,-5.112852293630177059e+01,-1.367996892276254357e+03,7.064500000000001819e+03,0.000000000000000000e+00,-4.715940841474540548e+02,-1.308879092622024928e+03,6.960000000000001819e+03,0.000000000000000000e+00,-1.066493994725528864e+02,-1.157076289282136486e+03,6.829000000000001819e+03,0.000000000000000000e+00,-4.977727157795789026e+02,-1.083776139483444695e+03,7.055500000000001819e+03,0.000000000000000000e+00,-1.809003297980950151e+02,-1.024658861201356103e+03,6.752500000000001819e+03,0.000000000000000000e+00,-3.874925519350004492e+02,-1.051902629605645188e+03,6.848000000000001819e+03,0.000000000000000000e+00,-2.133265480716612785e+02,-6.504508807621803044e+02,6.784000000000001819e+03,0.000000000000000000e+00,-3.991926172854456354e+02,-6.612206629437420133e+02,6.830000000000001819e+03,0.000000000000000000e+00,-2.245068777731599425e+02,-2.970418231097087300e+02,6.383500000000001819e+03,0.000000000000000000e+00,-3.679142191415548950e+02,-3.025559542350318907e+02,6.502000000000001819e+03,0.000000000000000000e+00
-3.217197767236688151e+02,-1.800626424950290357e+03,7.084500000000001819e+03,0.000000000000000000e+00,-3.482835504677414065e+02,-2.235612898064528054e+03,8.545500000000001819e+03,0.000000000000000000e+00,-4.417679137278691996e+02,-2.308341279746341570e+03,8.823500000000001819e+03,0.000000000000000000e+00,-2.574103452596391435e+02,-2.065148084299120455e+03,7.950500000000001819e+03,0.000000000000000000e+00,-4.928534064477005927e+02,-2.262428754700375976e+03,8.710000000000001819e+03,0.000000000000000000e+00,-1.115763434107846024e+02,-1.525367483702850450e+03,6.742500000000001819e+03,0.000000000000000000e+00,-5.527126747041128283e+02,-1.788661889972122026e+03,7.939000000000001819e+03,0.000000000000000000e+00,-4.954353510658273763e+01,-1.338336346695140037e+03,6.845500000000001819e+03,0.000000000000000000e+00,-5.099626928760845317e+02,-1.294615053527898453e+03,6.953000000000001819e+03,0.000000000000000000e+00,-9.376761069911277957e+01,-1.142348677887856411e+03,6.817000000000001819e+03,0.000000000000000000e+00,-5.675077455179798562e+02,-1.138042655716027639e+03,7.546000000000001819e+03,0.000000000000000000e+00,-1.944344550845336528e+02,-1.036060650438596213e+03,6.786000000000001819e+03,0.000000000000000000e+00,-3.920280995829576796e+02,-1.040640936249553761e+03,6.816000000000001819e+03,0.000000000000000000e+00,-2.279801700353101808e+02,-6.951310267579315223e+02,7.250000000000001819e+03,0.000000000000000000e+00,-4.091079366953924819e+02,-6.797499663348309014e+02,7.230000000000001819e+03,0.000000000000000000e+00,-2.398057720836987698e+02,-3.236321584931354778e+02,6.818500000000001819e+03,0.000000000000000000e+00,-3.681761161124007344e+02,-2.993750327299493392e+02,6.844500000000001819e+03,0.000000000000000000e+00
-4.063991929207180647e+02,-2.054669082364786846e+03,7.826000000000001819e+03,0.000000000000000000e+00,-3.947948740008652635e+02,-2.284203418505806894e+03,8.519000000000001819e+03,0.000000000000000000e+00,-4.822129675621357023e+02,-2.232393409192736726e+03,8.384000000000001819e+03,0.000000000000000000e+00,-3.332181686556747309e+02,-2.220076478166517973e+03,8.367000000000001819e+03,0.000000000000000000e+00,-5.338467845038700261e+02,-2.212116361715580751e+03,8.337000000000001819e+03,0.000000000000000000e+00,-1.457128122901632707e+02,-1.501542158143163078e+03,6.583000000000001819e+03,0.000000000000000000e+00,-5.913155872791575121e+02,-1.715062794801825703e+03,7.581000000000001819e+03,0.000000000000000000e+00,-1.082253297599594219e+02,-1.229895009446557879e+03,6.540000000000001819e+03,0.000000000000000000e+00,-6.015697278640308241e+02,-1.313242664040446016e+03,7.197000000000001819e+03,0.000000000000000000e+00,-1.120810639853524719e+02,-1.027769635974348148e+03,6.773000000000001819e+03,0.000000000000000000e+00,-6.219357740496589031e+02,-1.077369244274411813e+03,7.278500000000001819e+03,0.000000000000000000e+00,-2.240442866717132802e+02,-9.831359167485762782e+02,6.726500000000001819e+03,0.000000000000000000e+00,-4.721361463131407845e+02,-1.011945436921751821e+03,6.968000000000001819e+03,0.000000000000000000e+00,-2.068575099250965366e+02,-6.121006173955171334e+02,6.779000000000001819e+03,0.000000000000000000e+00,-4.163108181754668635e+02,-5.758391905446045484e+02,6.798000000000001819e+03,0.000000000000000000e+00,-3.282897972493901761e+02,-2.600792076972927589e+02,6.210500000000001819e+03,0.000000000000000000e+00,-2.259739265654760061e+02,-2.970998747653855503e+02,6.259500000000001819e+03,0.000000000000000000e+00
-3.618561801901136050e+02,-1.854608270200568313e+03,6.845500000000001819e+03,0.000000000000000000e+00,-4.332184654318568278e+02,-2.542471997169600854e+03,9.164000000000001819e+03,0.000000000000000000e+00,-5.091591478224959815e+02,-2.439564213459417715e+03,8.852500000000001819e+03,0.000000000000000000e+00,-2.692534317281029530e+02,-1.928130131961362622e+03,7.092500000000001819e+03,0.000000000000000000e+00,-5.688438107579589769e+02,-2.346786515919134672e+03,8.632500000000001819e+03,0.000000000000000000e+00,-1.231759946202040652e+02,-1.419842105050666987e+03,6.076000000000000909e+03,0.000000000000000000e+00,-6.021833899733020417e+02,-1.701291969614651180e+03,7.368500000000001819e+03,0.000000000000000000e+00,-6.055996372164378272e+01,-1.163503258304198198e+03,6.037500000000000909e+03,0.000000000000000000e+00,-5.763654647147023979e+02,-1.263408478334401934e+03,6.819500000000001819e+03,0.000000000000000000e+00,-1.573522813339910726e+02,-1.053678695893943541e+03,6.085000000000000909e+03,0.000000000000000000e+00,-6.064403463209428082e+02,-9.980762076987284672e+02,6.872500000000001819e+03,0.000000000000000000e+00,-2.125849100024884990e+02,-9.535639694070354153e+02,6.566000000000001819e+03,0.000000000000000000e+00,-4.626940970000665061e+02,-9.651821718975262456e+02,6.646000000000001819e+03,0.000000000000000000e+00,-2.351809339185588783e+02,-5.415320938477999562e+02,6.687000000000001819e+03,0.000000000000000000e+00,-4.502113963143227693e+02,-5.393085297075307381e+02,6.737000000000001819e+03,0.000000000000000000e+00,-2.101075569312357914e+02,-1.678614789557850031e+02,5.820000000000002728e+03,0.000000000000000000e+00,-3.556743716815383891e+02,-1.671874632059129624e+02,5.990000000000000909e+03,0.000000000000000000e+00
-3.016292645775654364e+02,-1.428532619675238493e+03,4.780000000000000909e+03,0.000000000000000000e+00,-2.727103320751656952e+02,-1.471748915028681495e+03,4.819500000000000909e+03,0.000000000000000000e+00,-3.343845543020347577e+02,-1.462238256930282660e+03,4.803000000000000909e+03,0.000000000000000000e+00,-2.949515229437229209e+02,-1.981715439553662236e+03,6.631000000000001819e+03,0.000000000000000000e+00,-3.791833929559204535e+02,-1.435705168393273198e+03,4.804000000000000909e+03,0.000000000000000000e+00,-1.015046420446612530e+02,-1.239966733657853638e+03,5.007000000000000909e+03,0.000000000000000000e+00,-4.509881734116515872e+02,-1.153994041071240417e+03,4.713000000000000909e+03,0.000000000000000000e+00,-5.400290685059722051e+01,-9.769212646046300961e+02,4.926500000000000909e+03,0.000000000000000000e+00,-4.772440038729622529e+02,-8.988289431880659777e+02,4.756000000000000909e+03,0.000000000000000000e+00,-6.106953547127643844e+01,-7.792111443567514470e+02,5.135000000000000909e+03,0.000000000000000000e+00,-5.245916902734653604e+02,-6.763564657791356467e+02,4.909000000000000909e+03,0.000000000000000000e+00,-1.770978903464787209e+02,-7.031624277420393128e+02,5.035500000000000909e+03,0.000000000000000000e+00,-3.983228394829170611e+02,-6.669961077101877436e+02,4.874000000000000909e+03,0.000000000000000000e+00,-2.159725264275994050e+02,-3.331353089122731035e+02,5.423000000000000909e+03,0.000000000000000000e+00,-4.359229754904312699e+02,-3.338032889976029765e+02,5.274000000000000909e+03,0.000000000000000000e+00,-0.000000000000000000e+00,0.000000000000000000e+00,0.000000000000000000e+00,0.000000000000000000e+00,-0.000000000000000000e+00,-0.000000000000000000e+00,0.000000000000000000e+00,0.000000000000000000e+00
-2.831279808180472060e+02,-1.382191875079681495e+03,4.554000000000000909e+03,0.000000000000000000e+00,-2.541425938278873957e+02,-1.415748298125774227e+03,4.566500000000000909e+03,0.000000000000000000e+00,-3.218184739605342202e+02,-1.414198152173594508e+03,4.561500000000000909e+03,0.000000000000000000e+00,-2.083492604429665107e+02,-1.392511269843121909e+03,4.588000000000000909e+03,0.000000000000000000e+00,-6.032995445780550199e+02,-2.215331246422177173e+03,7.299000000000001819e+03,0.000000000000000000e+00,-9.851206342025736262e+01,-1.172195350030568306e+03,4.646000000000000909e+03,0.000000000000000000e+00,-4.570619411430848231e+02,-1.145006907521227959e+03,4.641000000000000909e+03,0.000000000000000000e+00,-4.986485806624718720e+01,-9.147697842604877678e+02,4.549000000000000909e+03,0.000000000000000000e+00,-4.785370838693478959e+02,-8.804844700655635279e+02,4.682000000000000909e+03,0.000000000000000000e+00,-9.403809756109370710e+01,-6.936363282965423878e+02,4.435000000000000909e+03,0.000000000000000000e+00,-5.994511859760332300e+02,-7.812640088053884710e+02,5.709000000000000909e+03,0.000000000000000000e+00,-1.732736755320981956e+02,-5.930649896149799361e+02,4.455000000000000909e+03,0.000000000000000000e+00,-3.887045182595175561e+02,-6.140495858389604109e+02,4.549000000000000909e+03,0.000000000000000000e+00,-2.171414335103390840e+02,-2.608037068760616535e+02,5.095000000000000909e+03,0.000000000000000000e+00,-4.129861863932384836e+02,-2.464573618741134453e+02,4.996500000000000909e+03,0.000000000000000000e+00,-2.322277391129228192e+02,5.392893906818459726e+01,4.817500000000001819e+03,0.000000000000000000e+00,-3.784340850749615015e+02,1.178523679649711937e+02,4.684000000000001819e+03,0.000000000000000000e+00
-3.501425024346846158e+02,-1.314313502483725188e+03,4.189000000000000909e+03,0.000000000000000000e+00,-3.230715666732806426e+02,-1.342576457346288407e+03,4.192000000000000909e+03,0.000000000000000000e+00,-3.847854262463352484e+02,-1.340014288534558773e+03,4.184000000000000909e+03,0.000000000000000000e+00,-2.852620743436089583e+02,-1.358238995524479833e+03,4.329000000000000909e+03,0.000000000000000000e+00,-4.494571381275898148e+02,-1.343021949721075543e+03,4.280500000000000909e+03,0.000000000000000000e+00,-1.845382545828789489e+02,-1.112625843553650611e+03,4.330000000000000909e+03,0.000000000000000000e+00,-5.400870337393004093e+02,-1.089915427497785004e+03,4.304000000000000909e+03,0.000000000000000000e+00,-1.319750303032958527e+02,-8.495903981711621782e+02,4.325000000000000909e+03,0.000000000000000000e+00,-6.061638048846447191e+02,-8.677575264203517236e+02,4.376000000000000909e+03,0.000000000000000000e+00,-9.088553944135307461e+01,-6.736738524340945560e+02,4.699000000000000909e+03,0.000000000000000000e+00,-6.343554645906066298e+02,-7.104412182119075396e+02,4.489000000000000909e+03,0.000000000000000000e+00,-2.352525056253426214e+02,-6.083222561440189793e+02,4.299000000000000909e+03,0.000000000000000000e+00,-4.398003143720213757e+02,-5.808431232941411508e+02,4.303000000000000909e+03,0.000000000000000000e+00,-2.617611777528195489e+02,-2.669467808276406231e+02,4.626000000000000909e+03,0.000000000000000000e+00,-4.411987072430860053e+02,-2.123213722212273638e+02,4.656000000000000909e+03,0.000000000000000000e+00,-0.000000000000000000e+00,0.000000000000000000e+00,0.000000000000000000e+00,0.000000000000000000e+00,-0.000000000000000000e+00,0.000000000000000000e+00,0.000000000000000000e+00,0.000000000000000000e+00
-2.646982236858768829e+02,-1.213546286216584122e+03,3.703000000000000909e+03,0.000000000000000000e+00,-2.299715417316549519e+02,-1.239788009997444533e+03,3.699000000000000909e+03,0.000000000000000000e+00,-2.990146346845504581e+02,-1.240458346850646649e+03,3.701000000000000909e+03,0.000000000000000000e+00,-1.850466064244920688e+02,-1.237699089254330374e+03,3.766000000000000909e+03,0.000000000000000000e+00,-6.065047718008509037e+02,-2.118380554713475703e+03,6.464000000000001819e+03,0.000000000000000000e+00,-8.254573028305249238e+01,-1.040207188960449230e+03,3.893000000000000909e+03,0.000000000000000000e+00,-4.315850146958482583e+02,-9.797402496345046075e+02,3.745000000000000909e+03,0.000000000000000000e+00,-3.499688080791494826e+01,-7.913064791349291909e+02,3.846000000000000909e+03,0.000000000000000000e+00,-4.706046197655405194e+02,-7.304402576580897630e+02,3.865000000000000909e+03,0.000000000000000000e+00,-1.037604868246278329e+02,-6.446528959874553948e+02,3.743000000000000909e+03,0.000000000000000000e+00,-4.962715366629481650e+02,-4.933830937546599102e+02,3.897000000000000909e+03,0.000000000000000000e+00,-1.689376993123600812e+02,-4.737766070503279252e+02,3.798000000000000909e+03,0.000000000000000000e+00,-3.756877228464305176e+02,-4.784436005385834960e+02,3.779000000000000909e+03,0.000000000000000000e+00,-1.998932844742469399e+02,-1.188697458826657538e+02,3.992500000000000909e+03,0.000000000000000000e+00,-3.720887732530324001e+02,-1.039000295734507802e+02,3.851000000000000909e+03,0.000000000000000000e+00,-2.266496689727518685e+02,1.934706806345809298e+02,4.072500000000001819e+03,0.000000000000000000e+00,-3.544896717656640703e+02,2.575034803436117841e+02,3.894000000000001819e+03,0.000000000000000000e+00
-2.684846702528267315e+02,-1.019351428508790264e+03,2.651000000000000455e+03,0.000000000000000000e+00,-2.318094039183005464e+02,-1.053025815337671247e+03,2.655000000000000455e+03,0.000000000000000000e+00,-3.041262626922145955e+02,-1.046679897053150398e+03,2.639000000000000455e+03,0.000000000000000000e+00,-1.923926292865015455e+02,-1.056191819091221987e+03,2.727000000000000455e+03,0.000000000000000000e+00,-3.601742007613890451e+02,-1.034889820539693801e+03,2.672000000000000455e+03,0.000000000000000000e+00,-1.169124583621129716e+02,-8.407534250933109661e+02,2.804500000000000455e+03,0.000000000000000000e+00,-4.613506348330270725e+02,-8.268211288753933559e+02,2.741000000000000455e+03,0.000000000000000000e+00,-6.721372752210668011e+01,-5.941230721483141224e+02,2.914000000000000455e+03,0.000000000000000000e+00,-5.193092408327048588e+02,-5.948466391467562744e+02,2.778000000000000455e+03,0.000000000000000000e+00,-2.581236574113841442e+01,-3.677101252359710202e+02,3.160000000000000909e+03,0.000000000000000000e+00,-5.223028514252307559e+02,-3.947265046103549935e+02,2.808000000000000455e+03,0.000000000000000000e+00,-1.559416506965379199e+02,-3.443140846874625254e+02,2.802000000000000455e+03,0.000000000000000000e+00,-3.742855641874833736e+02,-3.175437197536545568e+02,2.796000000000000455e+03,0.000000000000000000e+00,-1.666906800143617886e+02,3.723727611426816253e+01,2.852000000000001364e+03,0.000000000000000000e+00,-3.331674973259536046e+02,6.466408585604771986e+01,2.891000000000000455e+03,0.000000000000000000e+00,-1.547008219127337156e+02,4.238400192151328838e+02,2.827000000000001364e+03,0.000000000000000000e+00,-2.763237241574108225e+02,4.058847487420605376e+02,2.945000000000001364e+03,0.000000000000000000e+00
