-1.214132501073813046e+03,-8.805771220764422651e+02,2.135000000000000000e+03,0.000000000000000000e+00,-1.210694488796515998e+03,-9.688756555646233437e+02,2.168000000000000000e+03,0.000000000000000000e+00,-1.211780664490765275e+03,-9.460838389438688409e+02,2.117000000000000000e+03,0.000000000000000000e+00,-1.221365857700448259e+03,-4.162439724144198863e+02,1.713000000000000455e+03,0.000000000000000000e+00,nan,nan,nan,nan,nan,nan,nan,nan,-1.214735850285797596e+03,-7.829970363813090444e+02,1.778000000000000000e+03,0.000000000000000000e+00,-1.253994335623996903e+03,-1.941646204323276592e+01,2.323000000000000455e+03,0.000000000000000000e+00,-1.224092186134071881e+03,-2.228763385818356539e+02,1.686000000000000455e+03,0.000000000000000000e+00,-1.261964067725645464e+03,2.320738471703634787e+02,2.897500000000001364e+03,0.000000000000000000e+00,-1.361442211299518249e+03,5.374363163314937992e+02,3.676000000000001819e+03,0.000000000000000000e+00,-1.261058035736600232e+03,7.544246135622900056e+02,2.823000000000001364e+03,0.000000000000000000e+00,-1.260939658265117032e+03,7.134971636953951020e+02,2.308000000000000909e+03,0.000000000000000000e+00,-1.214420205850174398e+03,-7.111793646281552128e+02,1.756000000000000000e+03,0.000000000000000000e+00,-1.213455721981626539e+03,-6.777065836340801752e+02,1.729000000000000000e+03,0.000000000000000000e+00,-9.903132677227459908e+02,1.015305604105810858e+03,2.386000000000000909e+03,0.000000000000000000e+00,-1.232771464457524871e+03,8.921805955047271937e+02,2.886000000000001364e+03,0.000000000000000000e+00
-1.246523751210484988e+03,-1.922494113483798856e+03,4.097000000000000000e+03,0.000000000000000000e+00,nan,nan,nan,nan,nan,nan,nan,nan,nan,nan,nan,nan,nan,nan,nan,nan,-1.212927399510300347e+03,-1.085033020491825255e+03,2.815000000000000000e+03,0.000000000000000000e+00,-1.219847696004538193e+03,-9.948913581098565828e+02,2.632000000000000000e+03,0.000000000000000000e+00,-1.238340976083156193e+03,-1.972474717529108545e+02,2.464000000000000455e+03,0.000000000000000000e+00,-1.240811740680753246e+03,-1.182798766539412441e+02,2.492000000000000455e+03,0.000000000000000000e+00,-1.350502405674664033e+03,7.467748525842597473e+02,3.912000000000001819e+03,0.000000000000000000e+00,-1.351271123952961716e+03,7.334593328741982532e+02,3.733000000000001819e+03,0.000000000000000000e+00,-1.250932989338743027e+03,1.712989118636134549e+02,2.358000000000000455e+03,0.000000000000000000e+00,-1.268501851178036986e+03,5.015558085673423534e+02,3.009000000000001364e+03,0.000000000000000000e+00,-1.058560368331023938e+03,1.045116894234687834e+03,2.511000000000000909e+03,0.000000000000000000e+00,-1.135675159343135192e+03,1.002663038438285071e+03,2.871500000000001364e+03,0.000000000000000000e+00,-1.078763887976462911e+03,2.940170332868314631e+02,2.119000000000000909e+03,0.000000000000000000e+00,-1.243197916753566005e+03,3.765120026069599248e+02,2.559000000000000909e+03,0.000000000000000000e+00
-1.133822479157235193e+03,-2.093619529480635265e+03,4.975000000000000000e+03,0.000000000000000000e+00,-9.819271976883449042e+02,-2.124432352592730240e+03,4.734000000000000000e+03,0.000000000000000000e+00,-1.157166791744204829e+03,-2.090502482802288341e+03,4.573000000000000000e+03,0.000000000000000000e+00,-9.011995484578067135e+02,-2.126798436571404181e+03,4.681000000000000000e+03,0.000000000000000000e+00,nan,nan,nan,nan,-1.258308353570421104e+03,-1.240955312455495005e+03,3.886000000000000909e+03,0.000000000000000000e+00,-1.298572217197399368e+03,-1.104822928451837242e+03,3.480000000000000909e+03,0.000000000000000000e+00,-1.276156855485267897e+03,-2.086149301916384786e+02,2.949000000000000455e+03,0.000000000000000000e+00,-1.257800422503343725e+03,-1.789009646216229612e+02,3.051000000000000455e+03,0.000000000000000000e+00,-1.279717907730440174e+03,3.557992242141842212e+02,4.021500000000001819e+03,0.000000000000000000e+00,-1.274636178050061744e+03,4.239903327307650898e+02,4.065000000000001819e+03,0.000000000000000000e+00,-1.336393734796424496e+03,3.204469716396278614e+02,3.740000000000001819e+03,0.000000000000000000e+00,-1.217413508665101972e+03,3.225044266713803722e+02,3.206500000000001364e+03,0.000000000000000000e+00,-0.000000000000000000e+00,0.000000000000000000e+00,0.000000000000000000e+00,0.000000000000000000e+00,-9.250604870865156499e+02,8.930508806178248733e+02,3.526000000000001364e+03,0.000000000000000000e+00,-9.619911580512259661e+02,8.491960287764227360e+02,2.485000000000000909e+03,0.000000000000000000e+00,-9.296446327867212176e+02,8.869728404805425725e+02,3.594500000000001819e+03,0.000000000000000000e+00
-1.095980572853329249e+03,-2.160133556865271203e+03,6.138000000000000909e+03,0.000000000000000000e+00,-9.631778375125985576e+02,-2.167084340148867341e+03,5.691000000000000909e+03,0.000000000000000000e+00,-1.114727508116385479e+03,-2.123680852377990050e+03,5.523000000000000909e+03,0.000000000000000000e+00,-1.104842710338945835e+03,-2.129594116595855667e+03,5.525000000000000909e+03,0.000000000000000000e+00,-1.223124627515671591e+03,-1.790951799929306617e+03,4.613000000000000909e+03,0.000000000000000000e+00,-1.232831808330676949e+03,-1.834685087966053516e+03,7.166000000000001819e+03,0.000000000000000000e+00,-1.223730983766010240e+03,-1.008862674779735244e+03,4.136000000000000909e+03,0.000000000000000000e+00,-1.280020166294823412e+03,-5.857435521997266505e+02,7.866000000000001819e+03,0.000000000000000000e+00,-1.327376553807497430e+03,-3.502118799891662775e+02,3.919000000000000909e+03,0.000000000000000000e+00,-1.258068340043585522e+03,5.638695337371774485e+02,7.474500000000003638e+03,0.000000000000000000e+00,-1.330483076007885757e+03,4.042713855964962022e+01,3.939000000000000909e+03,0.000000000000000000e+00,-1.280626245405382861e+03,3.595728285944363165e+02,6.434000000000002728e+03,0.000000000000000000e+00,-1.352432355640486776e+03,2.726136552508020827e+02,4.878000000000001819e+03,0.000000000000000000e+00,-0.000000000000000000e+00,0.000000000000000000e+00,0.000000000000000000e+00,0.000000000000000000e+00,-1.129371744067342661e+03,8.737716264488311708e+02,3.993000000000001819e+03,0.000000000000000000e+00,-0.000000000000000000e+00,0.000000000000000000e+00,0.000000000000000000e+00,0.000000000000000000e+00,-0.000000000000000000e+00,0.000000000000000000e+00,0.000000000000000000e+00,0.000000000000000000e+00
-1.009674683479308328e+03,-2.169706140307334408e+03,6.350000000000001819e+03,0.000000000000000000e+00,-8.567135112516865547e+02,-2.158634917256574681e+03,5.945000000000000909e+03,0.000000000000000000e+00,-1.081296049420673853e+03,-2.148616330762051348e+03,5.842500000000000909e+03,0.000000000000000000e+00,-7.922840663290976408e+02,-2.158532177312260501e+03,5.960000000000000909e+03,0.000000000000000000e+00,-1.236484134112189167e+03,-1.803660897599055261e+03,4.904500000000000909e+03,0.000000000000000000e+00,-1.236263718219333214e+03,-1.773758109499205375e+03,7.109000000000001819e+03,0.000000000000000000e+00,-1.337636508659068113e+03,-1.222777767063715601e+03,4.975000000000000909e+03,0.000000000000000000e+00,-1.270171860624714100e+03,-4.027386503645712992e+02,6.761000000000001819e+03,0.000000000000000000e+00,-3.270436019315815201e+02,-3.007099394902775202e+01,1.010000000000000227e+03,0.000000000000000000e+00,-1.097075314790834227e+03,7.769455349067910674e+02,6.518000000000002728e+03,0.000000000000000000e+00,-3.254723394469547202e+02,1.553110192562005807e+02,1.083000000000000455e+03,0.000000000000000000e+00,-1.132800046450490754e+03,7.945823890705040640e+02,6.183000000000002728e+03,0.000000000000000000e+00,-1.266006808385617205e+03,7.035332650861494130e+02,5.555000000000002728e+03,0.000000000000000000e+00,-0.000000000000000000e+00,0.000000000000000000e+00,0.000000000000000000e+00,0.000000000000000000e+00,-0.000000000000000000e+00,0.000000000000000000e+00,0.000000000000000000e+00,0.000000000000000000e+00,-0.000000000000000000e+00,0.000000000000000000e+00,0.000000000000000000e+00,0.000000000000000000e+00,-0.000000000000000000e+00,0.000000000000000000e+00,0.000000000000000000e+00,0.000000000000000000e+00
-6.667048601563042212e+02,-2.163508524843669420e+03,6.583000000000001819e+03,0.000000000000000000e+00,-5.650077421195691159e+02,-2.149568026036998162e+03,6.206500000000001819e+03,0.000000000000000000e+00,-7.295893613544958498e+02,-2.142226370506221883e+03,5.992000000000000909e+03,0.000000000000000000e+00,-8.093072377120681722e+02,-2.146253123893367956e+03,6.131000000000000909e+03,0.000000000000000000e+00,-1.124574583301217899e+03,-2.067626281061179725e+03,5.986000000000000909e+03,0.000000000000000000e+00,-1.247033670404206305e+03,-2.009184071630290191e+03,8.598000000000001819e+03,0.000000000000000000e+00,-1.263233790458986732e+03,-1.428094570148724415e+03,6.063000000000000909e+03,0.000000000000000000e+00,-1.269738268925719467e+03,-1.023328751529298756e+03,1.067300000000000182e+04,0.000000000000000000e+00,-3.193612596540615982e+02,-8.613566542456653963e+01,1.076000000000000227e+03,0.000000000000000000e+00,-4.764328139909442257e+02,1.428386397931592739e+02,1.094000000000000546e+04,0.000000000000000000e+00,-3.074559286879227784e+02,9.694149267692044702e+01,9.550000000000004547e+02,0.000000000000000000e+00,-1.145459776780273614e+03,6.403770042991548053e+02,8.929500000000003638e+03,0.000000000000000000e+00,-1.264997273433465352e+03,5.018996150723347682e+02,6.415500000000002728e+03,0.000000000000000000e+00,-0.000000000000000000e+00,0.000000000000000000e+00,0.000000000000000000e+00,0.000000000000000000e+00,-1.960585513478322923e+02,2.567317647944074679e+02,9.410000000000004547e+02,0.000000000000000000e+00,-0.000000000000000000e+00,0.000000000000000000e+00,0.000000000000000000e+00,0.000000000000000000e+00,-0.000000000000000000e+00,0.000000000000000000e+00,0.000000000000000000e+00,0.000000000000000000e+00
-3.792550570449973861e+02,-2.174468782278219351e+03,6.930500000000001819e+03,0.000000000000000000e+00,-3.514738465451736715e+02,-2.165655718803688160e+03,6.534000000000001819e+03,0.000000000000000000e+00,-5.446970816234269250e+02,-2.171944916561587888e+03,6.590000000000001819e+03,0.000000000000000000e+00,-9.184252602178563620e+02,-2.047984359669833111e+03,6.586000000000001819e+03,0.000000000000000000e+00,-9.131480841900341829e+02,-2.077836545902493981e+03,6.682000000000001819e+03,0.000000000000000000e+00,-1.104524260195147235e+03,-2.101725306015005572e+03,1.090600000000000182e+04,0.000000000000000000e+00,-1.321898919907645222e+03,-1.919285589587641198e+03,8.886000000000001819e+03,0.000000000000000000e+00,-4.948438046101210830e+02,-9.943454953983814448e+02,1.161100000000000182e+04,0.000000000000000000e+00,-3.330827548093690211e+02,-9.291687392813165047e+01,1.331000000000000227e+03,0.000000000000000000e+00,3.699197260037818751e+02,2.350918342750614727e+02,1.096700000000000546e+04,0.000000000000000000e+00,-3.373129884293595637e+02,1.125443506853443978e+02,1.162000000000000455e+03,0.000000000000000000e+00,-0.000000000000000000e+00,0.000000000000000000e+00,0.000000000000000000e+00,0.000000000000000000e+00,-0.000000000000000000e+00,0.000000000000000000e+00,0.000000000000000000e+00,0.000000000000000000e+00,-0.000000000000000000e+00,0.000000000000000000e+00,0.000000000000000000e+00,0.000000000000000000e+00,-0.000000000000000000e+00,0.000000000000000000e+00,0.000000000000000000e+00,0.000000000000000000e+00,-0.000000000000000000e+00,0.000000000000000000e+00,0.000000000000000000e+00,0.000000000000000000e+00,-0.000000000000000000e+00,0.000000000000000000e+00,0.000000000000000000e+00,0.000000000000000000e+00
-2.035745363064585547e+02,-2.176296024276575736e+03,7.105000000000001819e+03,0.000000000000000000e+00,-1.108895924650615683e+02,-2.164854208874151027e+03,6.701000000000001819e+03,0.000000000000000000e+00,-3.367019005859285130e+02,-2.172607753272446644e+03,6.725000000000001819e+03,0.000000000000000000e+00,-2.405038183188063527e+01,-2.167079188669190899e+03,6.846000000000001819e+03,0.000000000000000000e+00,-6.877506850207981870e+02,-2.186905434964942742e+03,7.118000000000001819e+03,0.000000000000000000e+00,-3.853404525710508892e+02,-2.231758930781044455e+03,1.125450000000000182e+04,0.000000000000000000e+00,-1.179684914001084053e+03,-2.058483380211582698e+03,1.023650000000000182e+04,0.000000000000000000e+00,6.749186551341298923e+01,-1.029430847671506854e+03,1.164100000000000182e+04,0.000000000000000000e+00,-2.508329300231826551e+02,-8.277745886201988412e+01,1.458000000000000227e+03,0.000000000000000000e+00,4.512580405486276618e+02,-4.485876377525378302e+02,1.147750000000000182e+04,0.000000000000000000e+00,-2.475603925421544318e+02,1.129514965904627672e+02,1.479000000000000682e+03,0.000000000000000000e+00,-7.882613662337581673e+01,2.619165051336746615e+02,4.075500000000001819e+03,0.000000000000000000e+00,-0.000000000000000000e+00,0.000000000000000000e+00,0.000000000000000000e+00,0.000000000000000000e+00,-0.000000000000000000e+00,0.000000000000000000e+00,0.000000000000000000e+00,0.000000000000000000e+00,-6.757435438505851266e+01,4.044259630895690520e+02,1.780000000000000682e+03,0.000000000000000000e+00,-8.960244740236548466e+01,6.206383796474029850e+02,1.610000000000000682e+03,0.000000000000000000e+00,-1.982908749066052110e+02,5.242376603658689191e+02,1.604000000000000682e+03,0.000000000000000000e+00
-7.180932178604757610e+01,-2.186170864755749335e+03,7.159000000000001819e+03,0.000000000000000000e+00,1.407866343258412556e+01,-2.180962831309585454e+03,6.790000000000001819e+03,0.000000000000000000e+00,-2.142384687518047883e+02,-2.188350481548189236e+03,6.813000000000001819e+03,0.000000000000000000e+00,9.153286384727590530e+01,-2.174470617375600341e+03,6.910000000000001819e+03,0.000000000000000000e+00,-4.610271002888307521e+02,-1.895455029688355580e+03,6.207000000000001819e+03,0.000000000000000000e+00,6.441324850562824622e+01,-2.223793349159086119e+03,1.111000000000000182e+04,0.000000000000000000e+00,-1.041236838979774802e+03,-2.086636330265763718e+03,1.037650000000000182e+04,0.000000000000000000e+00,2.715521529813730126e+02,-4.961349364944329636e+02,6.747000000000001819e+03,0.000000000000000000e+00,-2.177450152230947822e+02,-9.141398057828963886e+01,1.511000000000000227e+03,0.000000000000000000e+00,1.852153811120553542e+02,7.757992366733014933e+01,2.449000000000000909e+03,0.000000000000000000e+00,-1.854828382325804910e+02,8.645619611992431430e+01,1.547000000000000682e+03,0.000000000000000000e+00,3.854526556873709708e+00,1.021618569110919879e+02,1.859000000000000909e+03,0.000000000000000000e+00,-1.001734286261742426e+02,1.129321123059504828e+02,1.661000000000000682e+03,0.000000000000000000e+00,0.000000000000000000e+00,0.000000000000000000e+00,0.000000000000000000e+00,0.000000000000000000e+00,-5.224424034300395192e+01,3.880907466340748897e+02,1.766000000000000682e+03,0.000000000000000000e+00,-4.427205864366177224e+01,5.622630373380839046e+02,1.776000000000000682e+03,0.000000000000000000e+00,-1.039771107102215524e+02,6.841297386881036573e+02,1.779000000000000682e+03,0.000000000000000000e+00
1.030563749335753698e+02,-2.118241364771962253e+03,7.269000000000001819e+03,0.000000000000000000e+00,1.776310332556037110e+02,-2.146278148079657058e+03,7.007000000000001819e+03,0.000000000000000000e+00,-3.697994551391694529e+00,-6.861228845009892439e+02,2.240000000000000455e+03,0.000000000000000000e+00,2.958417223194875305e+02,-2.155678927344883505e+03,7.350500000000001819e+03,0.000000000000000000e+00,-6.480606583519751496e+01,-5.083337895936956556e+02,1.750000000000000455e+03,0.000000000000000000e+00,6.962581035355897257e+02,-2.135348633607975898e+03,1.164300000000000182e+04,0.000000000000000000e+00,-1.262373921224036621e+02,-3.353978485422786093e+02,1.766000000000000455e+03,0.000000000000000000e+00,8.941273384903145143e+02,-8.707972190843081535e+02,1.113700000000000182e+04,0.000000000000000000e+00,-2.287603071203743639e+02,-1.080718903982977253e+02,1.733000000000000455e+03,0.000000000000000000e+00,1.031341479963260099e+03,3.126638818279087673e+02,9.870000000000003638e+03,0.000000000000000000e+00,-2.280544431268269534e+02,9.242062312995417983e+01,1.804000000000000909e+03,0.000000000000000000e+00,1.117352164709826070e+02,1.036680140659478582e+02,2.061000000000000909e+03,0.000000000000000000e+00,-4.041798499800123778e+01,1.088491189790144489e+02,1.826000000000000909e+03,0.000000000000000000e+00,1.649219542647648780e+02,4.269036245156448786e+02,2.103000000000000909e+03,0.000000000000000000e+00,-6.966390180049781833e+00,4.431633503939331149e+02,1.983000000000000909e+03,0.000000000000000000e+00,1.637456207821346084e+02,7.621322246953318427e+02,2.088000000000000909e+03,0.000000000000000000e+00,-1.013845805089519558e+02,7.552475215895958627e+02,1.988000000000000909e+03,0.000000000000000000e+00
1.652432295166646838e+02,-2.093782007215553676e+03,7.325500000000001819e+03,0.000000000000000000e+00,2.594264576731909528e+02,-2.122775564341678091e+03,7.103000000000001819e+03,0.000000000000000000e+00,5.432178813308590648e+00,-5.386486056850351360e+02,1.808000000000000455e+03,0.000000000000000000e+00,4.095751928363260390e+02,-2.170561945641245984e+03,7.823500000000001819e+03,0.000000000000000000e+00,-4.521932115968586885e+01,-4.931445977268823526e+02,1.814000000000000455e+03,0.000000000000000000e+00,9.320046846313446167e+02,-2.033764385090283440e+03,1.174500000000000182e+04,0.000000000000000000e+00,-1.057889659277687713e+02,-3.184754082415740868e+02,1.810000000000000455e+03,0.000000000000000000e+00,1.248736721499058604e+03,-7.179872033350046650e+02,1.134400000000000182e+04,0.000000000000000000e+00,-2.040016799131042546e+02,-1.225860485483088240e+02,1.756000000000000455e+03,0.000000000000000000e+00,1.508104146594906069e+03,4.167102757426188191e+02,1.146900000000000546e+04,0.000000000000000000e+00,-2.485838194969149413e+02,4.982654976066204000e+01,1.725000000000000682e+03,0.000000000000000000e+00,1.551316184026736096e+02,1.175290112735625030e+02,2.103000000000000909e+03,0.000000000000000000e+00,-1.693426811844308233e+01,1.195992187593592462e+02,1.861000000000000909e+03,0.000000000000000000e+00,1.803117067926727941e+02,4.741915644413947462e+02,2.195000000000000909e+03,0.000000000000000000e+00,2.317844459233783461e+00,4.477759874969750058e+02,2.029000000000000909e+03,0.000000000000000000e+00,1.630729417163325365e+02,7.814288834115427562e+02,2.130000000000000909e+03,0.000000000000000000e+00,-9.559057740756205135e+01,7.348846333511605735e+02,1.983000000000000909e+03,0.000000000000000000e+00
2.851979607400804184e+02,-2.020410223855498998e+03,7.614500000000001819e+03,0.000000000000000000e+00,3.893585275491309972e+02,-2.100785460777850858e+03,7.572000000000001819e+03,0.000000000000000000e+00,4.156551814941437328e+01,-5.332421626538601913e+02,1.922000000000000455e+03,0.000000000000000000e+00,5.779986725076622633e+02,-2.170463694283032964e+03,8.477500000000001819e+03,0.000000000000000000e+00,-5.019355989562407139e+00,-4.959052709779696784e+02,1.944000000000000455e+03,0.000000000000000000e+00,1.162838479650741874e+03,-1.849747712942701355e+03,1.175700000000000182e+04,0.000000000000000000e+00,-6.656020612182885543e+01,-3.112827205811705653e+02,1.944000000000000455e+03,0.000000000000000000e+00,1.697542441878833188e+03,-7.630512802721094658e+02,1.205600000000000182e+04,0.000000000000000000e+00,-1.609846806772771970e+02,-1.473091461573886818e+02,1.884000000000000455e+03,0.000000000000000000e+00,1.924999223545289851e+03,3.172723609107907237e+02,1.098400000000000546e+04,0.000000000000000000e+00,-2.418267376755265161e+02,-2.401040668118896804e+01,1.845000000000000455e+03,0.000000000000000000e+00,1.803117067926730499e+02,1.165393758512104512e+02,2.195000000000000909e+03,0.000000000000000000e+00,1.121289132402205446e+01,1.026820742124102708e+02,1.934000000000000909e+03,0.000000000000000000e+00,1.875420341182777975e+02,4.392794477094842023e+02,2.184000000000000909e+03,0.000000000000000000e+00,1.149698215901537424e+01,4.043902684818965554e+02,1.983000000000000909e+03,0.000000000000000000e+00,1.687041749579841508e+02,7.348278847937415321e+02,2.377000000000000909e+03,0.000000000000000000e+00,-7.400695733832256451e+01,7.444445626494265298e+02,2.050000000000000909e+03,0.000000000000000000e+00
8.433442680443954487e+01,-5.243420402113420096e+02,2.048000000000000455e+03,0.000000000000000000e+00,1.103490847371456596e+02,-5.514416448518796869e+02,2.071000000000000455e+03,0.000000000000000000e+00,6.082201096200944335e+01,-5.397258397463834854e+02,2.027000000000000455e+03,0.000000000000000000e+00,6.530837474954965955e+02,-2.157034128950247577e+03,8.743000000000001819e+03,0.000000000000000000e+00,2.137676587588530452e+01,-5.102455104692465966e+02,2.045000000000000455e+03,0.000000000000000000e+00,3.594789427951097309e+02,-5.254867145054590765e+02,3.380000000000000909e+03,0.000000000000000000e+00,-4.779232787433323892e+01,-3.221326841583760938e+02,2.072000000000000455e+03,0.000000000000000000e+00,0.000000000000000000e+00,-0.000000000000000000e+00,0.000000000000000000e+00,0.000000000000000000e+00,-1.674029513824345372e+02,-1.504335633161016688e+02,2.072000000000000455e+03,0.000000000000000000e+00,0.000000000000000000e+00,0.000000000000000000e+00,0.000000000000000000e+00,0.000000000000000000e+00,-2.909641126291069781e+02,5.755702566428433897e+01,2.059000000000000909e+03,0.000000000000000000e+00,2.010589319502020942e+02,1.158518617588294433e+02,2.221000000000000909e+03,0.000000000000000000e+00,2.334913585909930944e+01,1.050746663190332839e+02,2.051000000000000909e+03,0.000000000000000000e+00,2.013073542548317789e+02,4.612439454657143187e+02,2.370000000000000909e+03,0.000000000000000000e+00,2.169036146330637749e+01,4.057637212590678359e+02,2.075000000000000909e+03,0.000000000000000000e+00,1.817629924306854434e+02,7.861043028114710296e+02,2.630000000000001364e+03,0.000000000000000000e+00,-3.218691057445251147e+01,6.716806754719311812e+02,2.061000000000000909e+03,0.000000000000000000e+00
1.055599558674146152e+02,-5.592186487908251138e+02,2.130000000000000455e+03,0.000000000000000000e+00,1.316499528859914676e+02,-5.823978486732358988e+02,2.135000000000000455e+03,0.000000000000000000e+00,7.944118126334106478e+01,-5.825284997132440594e+02,2.121000000000000455e+03,0.000000000000000000e+00,1.649057217970410818e+02,-5.619398095094985592e+02,2.235500000000000455e+03,0.000000000000000000e+00,2.422572457735900997e+01,-5.547308723718052761e+02,2.128000000000000455e+03,0.000000000000000000e+00,2.308234608752491681e+02,-3.723613311690640444e+02,2.312000000000000455e+03,0.000000000000000000e+00,-5.370501324839724333e+01,-3.604431916766286008e+02,2.238000000000000455e+03,0.000000000000000000e+00,3.422628082055784375e+02,-2.023990547583596253e+02,2.338000000000000455e+03,0.000000000000000000e+00,-1.468198202805883454e+02,-1.830211652603604477e+02,2.260000000000000455e+03,0.000000000000000000e+00,3.976077320743103769e+02,-1.100211693755355213e+02,2.318000000000000455e+03,0.000000000000000000e+00,-2.273663088334958218e+02,-1.023757475594193807e+02,2.245000000000000455e+03,0.000000000000000000e+00,1.697114394509808903e+02,5.228174302241818339e+01,2.244000000000000909e+03,0.000000000000000000e+00,4.592671502676559214e+00,5.160608769815317487e+01,2.215000000000000909e+03,0.000000000000000000e+00,1.812070449752897616e+02,3.726072791909962802e+02,2.396000000000000909e+03,0.000000000000000000e+00,4.603038706971293692e+00,3.473041323282482722e+02,2.220000000000000909e+03,0.000000000000000000e+00,1.965108137038655229e+02,7.335796509989808101e+02,2.698000000000001364e+03,0.000000000000000000e+00,4.447530642546587920e+00,5.892118112784196455e+02,2.145000000000000909e+03,0.000000000000000000e+00
9.063480146316965147e+01,-5.840072102837945067e+02,2.201000000000000455e+03,0.000000000000000000e+00,1.191083311920178431e+02,-6.034017509995271666e+02,2.197000000000000455e+03,0.000000000000000000e+00,6.194441541899663406e+01,-6.065496564613588362e+02,2.201000000000000455e+03,0.000000000000000000e+00,1.621449912270200002e+02,-5.668415434774856294e+02,2.255000000000000455e+03,0.000000000000000000e+00,9.282127932274907067e+00,-5.994463156532234507e+02,2.358500000000000455e+03,0.000000000000000000e+00,2.330226637796332341e+02,-3.750605302366627711e+02,2.356000000000000455e+03,0.000000000000000000e+00,-6.236741470121738473e+01,-3.727706653873277105e+02,2.328000000000000455e+03,0.000000000000000000e+00,3.453225036004079698e+02,-1.988843781905368644e+02,2.374000000000000455e+03,0.000000000000000000e+00,-1.845472469994051608e+02,-1.761847501277082699e+02,2.366000000000000455e+03,0.000000000000000000e+00,4.272868666850167187e+02,-6.186620887337221575e+01,2.375000000000000909e+03,0.000000000000000000e+00,-2.872117013048130048e+02,-3.978646807994265799e+01,2.377000000000000455e+03,0.000000000000000000e+00,1.727015468614420968e+02,4.740804781954319935e+01,2.312000000000000909e+03,0.000000000000000000e+00,-3.798698867300384308e+00,4.932491206956473917e+01,2.301000000000000909e+03,0.000000000000000000e+00,1.889856892558168227e+02,3.910902771380111176e+02,2.530000000000000909e+03,0.000000000000000000e+00,-1.646919797488491710e+00,3.600725944163769441e+02,2.288000000000000909e+03,0.000000000000000000e+00,1.971625569598617176e+02,7.659673769553521652e+02,2.742000000000001364e+03,0.000000000000000000e+00,1.533506046216277596e+01,6.323861945537080373e+02,2.279000000000000909e+03,0.000000000000000000e+00
8.000816905999576534e+01,-6.183372317978956971e+02,2.372000000000000455e+03,0.000000000000000000e+00,1.042140376881300199e+02,-6.332625321952904187e+02,2.370000000000000455e+03,0.000000000000000000e+00,4.695929834909165379e+01,-6.503514979570564947e+02,2.376000000000000455e+03,0.000000000000000000e+00,1.310249040853248061e+02,-5.729226505684205222e+02,2.376000000000000455e+03,0.000000000000000000e+00,-6.541719336642893268e+01,-2.020561011777832618e+03,8.008500000000001819e+03,0.000000000000000000e+00,1.872659227409154710e+02,-3.984976841667126450e+02,2.446000000000000455e+03,0.000000000000000000e+00,-9.422446493467120376e+01,-3.997408408138481377e+02,2.482000000000000455e+03,0.000000000000000000e+00,3.140577301010017663e+02,-1.853241534816707485e+02,2.458000000000000455e+03,0.000000000000000000e+00,-2.051272726922703953e+02,-1.892447620988583878e+02,2.510000000000000455e+03,0.000000000000000000e+00,3.998344474275614857e+02,1.621010335931803681e+01,2.479000000000000909e+03,0.000000000000000000e+00,-4.221782433146893823e+02,-9.426816497783394766e+01,3.494000000000000909e+03,0.000000000000000000e+00,1.442596924391714026e+02,6.393773025844789970e+01,2.450500000000000909e+03,0.000000000000000000e+00,-3.603956649819505742e+01,6.859880572129857512e+01,2.454000000000000909e+03,0.000000000000000000e+00,1.720008089451041258e+02,4.249227371796902162e+02,2.668500000000001364e+03,0.000000000000000000e+00,-6.945508030824524504e+00,4.308509358212318148e+02,2.690000000000001364e+03,0.000000000000000000e+00,1.828222552197540551e+02,7.940686114934976558e+02,2.796000000000001364e+03,0.000000000000000000e+00,3.040831879361843448e+01,8.207437580142686784e+02,2.909000000000001364e+03,0.000000000000000000e+00
9.429713176057102686e+00,-6.312862183369873037e+02,2.396000000000000455e+03,0.000000000000000000e+00,4.457754918183721315e+01,-6.412764262018474710e+02,2.367000000000000455e+03,0.000000000000000000e+00,-5.923366144679520318e+01,-1.964603297255047437e+03,7.251500000000001819e+03,0.000000000000000000e+00,9.558861172828827080e+01,-5.859494517050026161e+02,2.375000000000000455e+03,0.000000000000000000e+00,-2.247926674833857135e+02,-2.152792253981970589e+03,8.693000000000001819e+03,0.000000000000000000e+00,1.619489357389284692e+02,-3.796563777580861370e+02,2.442000000000000455e+03,0.000000000000000000e+00,-1.250177911915336040e+02,-3.835573694692316167e+02,2.497000000000000455e+03,0.000000000000000000e+00,2.792933282535403805e+02,-1.672063525614294690e+02,2.495000000000000455e+03,0.000000000000000000e+00,-2.403092615052555914e+02,-1.817601622719263617e+02,2.536000000000000455e+03,0.000000000000000000e+00,4.374661057301490814e+02,-7.067347993187397037e+01,3.303500000000000909e+03,0.000000000000000000e+00,-3.312174083538303648e+02,-4.909540602532983655e+01,2.639500000000000455e+03,0.000000000000000000e+00,9.848645595752479664e+01,9.574344456018688732e+01,2.447000000000000909e+03,0.000000000000000000e+00,-7.022676825997605476e+01,9.589995202983982381e+01,2.451000000000000909e+03,0.000000000000000000e+00,1.070793690539414484e+02,4.360345739946197341e+02,2.660500000000001364e+03,0.000000000000000000e+00,-3.111156860620518927e+01,4.433556574908540711e+02,2.616000000000001364e+03,0.000000000000000000e+00,1.577985519470325357e+02,7.887003729488226327e+02,2.814000000000001364e+03,0.000000000000000000e+00,2.199168137953799729e+01,7.939836249612101255e+02,2.871000000000001364e+03,0.000000000000000000e+00
2.762221736041317932e+00,-6.213231615964730281e+02,2.418000000000000455e+03,0.000000000000000000e+00,3.416781724995414038e+01,-6.529261458159917311e+02,2.410000000000000455e+03,0.000000000000000000e+00,-2.737689228851530743e+01,-6.719812119216642259e+02,2.497500000000000455e+03,0.000000000000000000e+00,7.878361582723860579e+01,-5.993201545951737899e+02,2.402000000000000455e+03,0.000000000000000000e+00,-2.380718961534643370e+02,-2.057695943671481928e+03,8.309000000000001819e+03,0.000000000000000000e+00,1.628791980516481317e+02,-3.779970711962354812e+02,2.491000000000000455e+03,0.000000000000000000e+00,-1.460902835887203821e+02,-3.877975319944057446e+02,2.540000000000000455e+03,0.000000000000000000e+00,2.576022676541010128e+02,-1.752226548156349111e+02,2.510000000000000455e+03,0.000000000000000000e+00,-2.542844068156534547e+02,-1.826530178890504317e+02,2.582000000000000455e+03,0.000000000000000000e+00,3.381474616330687581e+02,-3.547553854358853442e+01,2.726000000000001364e+03,0.000000000000000000e+00,-3.248363698301719182e+02,-5.336602559354508912e+01,2.608000000000000455e+03,0.000000000000000000e+00,7.887352554376396085e+01,7.609912701151576186e+01,2.475000000000000909e+03,0.000000000000000000e+00,-9.422446493467147377e+01,7.631435686568974575e+01,2.482000000000000909e+03,0.000000000000000000e+00,5.937071600407607264e+01,3.995057231792256971e+02,2.632000000000001364e+03,0.000000000000000000e+00,-4.377003015521411555e+01,4.014789657329225179e+02,2.645000000000001364e+03,0.000000000000000000e+00,1.107042748043987643e+02,7.707263852333139766e+02,2.884000000000001364e+03,0.000000000000000000e+00,1.145064711424764958e+01,7.775410602761189693e+02,2.909500000000001364e+03,0.000000000000000000e+00
-8.157057281781453639e+01,-6.429701741261646930e+02,2.449000000000000455e+03,0.000000000000000000e+00,-4.196779541172043793e+01,-6.549588921144916185e+02,2.401000000000000455e+03,0.000000000000000000e+00,-3.226591150693689656e+02,-2.014172174508528997e+03,7.409000000000001819e+03,0.000000000000000000e+00,2.483677052376698668e+01,-5.839839144810828202e+02,2.376000000000000455e+03,0.000000000000000000e+00,-5.004109182812175618e+02,-2.239061852021210143e+03,9.144500000000001819e+03,0.000000000000000000e+00,1.142479119322001395e+02,-3.593401292164338088e+02,2.443000000000000455e+03,0.000000000000000000e+00,-1.899220711194683986e+02,-3.713467971023138148e+02,2.557000000000000455e+03,0.000000000000000000e+00,2.136467861200893594e+02,-1.528380321913584510e+02,2.488000000000000455e+03,0.000000000000000000e+00,-3.135343387060103169e+02,-1.314222730809496227e+02,2.615000000000000455e+03,0.000000000000000000e+00,2.749774621213547903e+02,5.342955744774324778e-02,2.498000000000000909e+03,0.000000000000000000e+00,-1.069497720181268278e+03,2.678485803898862514e+02,6.389500000000002728e+03,0.000000000000000000e+00,2.580891684477301595e+01,1.402822618559798684e+02,2.469000000000000909e+03,0.000000000000000000e+00,-1.290963958089588175e+02,1.343041426746610227e+02,2.486000000000000909e+03,0.000000000000000000e+00,-3.193217190659821370e+01,5.250484778701672894e+02,2.685000000000001364e+03,0.000000000000000000e+00,-4.204132133256970150e+01,5.264173193394749433e+02,2.692000000000001364e+03,0.000000000000000000e+00,-1.725404919239574753e+01,9.324225110165371007e+02,2.736000000000001364e+03,0.000000000000000000e+00,1.622216645533283597e+01,8.727917067810956269e+02,2.798000000000001364e+03,0.000000000000000000e+00
-9.518243373814621577e+01,-6.007766247943195594e+02,2.390000000000000455e+03,0.000000000000000000e+00,-6.071703476946849776e+01,-6.317565107475746800e+02,2.348000000000000455e+03,0.000000000000000000e+00,-4.016344467752585388e+02,-1.995044175795838328e+03,7.466500000000001819e+03,0.000000000000000000e+00,9.244739670516750607e+00,-5.751606200883395559e+02,2.349000000000000455e+03,0.000000000000000000e+00,-6.444049316731094450e+02,-2.212093168140751914e+03,8.899000000000001819e+03,0.000000000000000000e+00,8.831383565448061290e+01,-3.624169615801435498e+02,2.418000000000000455e+03,0.000000000000000000e+00,-9.260508722723437813e+02,-1.527997393982534959e+03,1.006950000000000182e+04,0.000000000000000000e+00,1.928754707431531017e+02,-1.158200200078431550e+02,2.489000000000000455e+03,0.000000000000000000e+00,-1.137242357269642071e+03,-3.697907379658323066e+02,7.791000000000001819e+03,0.000000000000000000e+00,2.616700652834677499e+02,8.407587461962562259e+01,2.439000000000000909e+03,0.000000000000000000e+00,-1.197643522199213976e+03,3.013581983070500314e+02,6.343500000000002728e+03,0.000000000000000000e+00,-6.411039568972971558e+00,1.803796429844583713e+02,2.483000000000000909e+03,0.000000000000000000e+00,-1.756014867231773451e+02,1.576408666652822887e+02,2.489000000000000909e+03,0.000000000000000000e+00,-1.046363975612712238e+02,7.706937980662519294e+02,3.537000000000001364e+03,0.000000000000000000e+00,-5.722859646389986921e+01,5.654810488141808946e+02,2.699000000000001364e+03,0.000000000000000000e+00,-5.953979209730702848e+01,1.024936440107514954e+03,2.808000000000001364e+03,0.000000000000000000e+00,3.029333374489728925e+01,9.768386265822823589e+02,2.898000000000001364e+03,0.000000000000000000e+00
-7.403935573578735330e+02,-2.198638107834259245e+03,7.244000000000001819e+03,0.000000000000000000e+00,-5.625919098740296249e+02,-2.179925252129655291e+03,6.806500000000001819e+03,0.000000000000000000e+00,-7.985225210038273644e+02,-2.201383415927890383e+03,6.873500000000001819e+03,0.000000000000000000e+00,-9.278054970598859086e+01,-6.303402669533903691e+02,2.177000000000000455e+03,0.000000000000000000e+00,-9.483727451981454806e+02,-2.200109286843251084e+03,7.502000000000001819e+03,0.000000000000000000e+00,-5.846878414796332635e+00,-3.963377297824125662e+02,2.264500000000000455e+03,0.000000000000000000e+00,-1.293300679110759120e+03,-1.560672791552119179e+03,8.917000000000001819e+03,0.000000000000000000e+00,8.239645788497949752e+01,-1.141896913316469409e+02,2.315000000000000455e+03,0.000000000000000000e+00,-1.165392502041865100e+03,-3.215200178386019729e+02,6.774000000000001819e+03,0.000000000000000000e+00,9.305299802770630890e+01,1.292092601352715064e+02,2.312000000000000909e+03,0.000000000000000000e+00,-4.533052883739753725e+02,1.498318549855711694e+02,2.401000000000000909e+03,0.000000000000000000e+00,-7.235618913810404251e+01,1.285945101951815275e+02,2.301000000000000909e+03,0.000000000000000000e+00,-3.439047149796219855e+02,1.514298117124194789e+02,2.803000000000001364e+03,0.000000000000000000e+00,-8.546994282722049263e+01,5.093479443780277052e+02,2.308000000000000909e+03,0.000000000000000000e+00,-4.489997081240927628e+02,6.338558831141439214e+02,2.909000000000001364e+03,0.000000000000000000e+00,-5.343319593930721823e+01,8.451619904646471468e+02,2.414000000000000909e+03,0.000000000000000000e+00,-6.186029892831020760e+01,9.046396933844533805e+02,2.159000000000000909e+03,0.000000000000000000e+00
-1.076365800909879226e+03,-2.124591847967195463e+03,6.614500000000001819e+03,0.000000000000000000e+00,-8.866703859598502504e+02,-2.120540530188359298e+03,6.274500000000001819e+03,0.000000000000000000e+00,-1.094974664323567595e+03,-2.116653970925124668e+03,6.263000000000001819e+03,0.000000000000000000e+00,-1.844836436544336209e+02,-6.163152995981560025e+02,2.006000000000000455e+03,0.000000000000000000e+00,-1.191696368270109360e+03,-2.015674197688904769e+03,6.312000000000001819e+03,0.000000000000000000e+00,-1.037892996155583347e+02,-3.937031370487788422e+02,2.073000000000000455e+03,0.000000000000000000e+00,-1.272863667915359656e+03,-1.196672420377078879e+03,6.395000000000001819e+03,0.000000000000000000e+00,-5.569667318033975079e+01,-1.199702458583367672e+02,2.079000000000000455e+03,0.000000000000000000e+00,-1.271037861451193976e+03,-2.499797734292365021e+02,5.839500000000000909e+03,0.000000000000000000e+00,-8.086104858164651432e+01,9.295908446041163131e+01,2.079000000000000909e+03,0.000000000000000000e+00,-1.235544753571118235e+03,3.970822104522953850e+02,5.466000000000002728e+03,0.000000000000000000e+00,-1.846617285450873567e+02,1.398612894008058731e+02,2.115000000000000909e+03,0.000000000000000000e+00,-4.021685813466861532e+02,1.403571702151749605e+02,2.184000000000000909e+03,0.000000000000000000e+00,-1.308104555630173991e+02,4.806918285848486221e+02,2.169000000000000909e+03,0.000000000000000000e+00,-5.252387323681864473e+02,7.048854938605370535e+02,2.957000000000001364e+03,0.000000000000000000e+00,-5.826042561141930065e+01,8.391400274917536990e+02,2.253000000000000909e+03,0.000000000000000000e+00,-3.030208096226065209e+02,8.833253868971926295e+02,2.248000000000000909e+03,0.000000000000000000e+00
-1.167114072217173543e+03,-1.902432899929495534e+03,5.756000000000000909e+03,0.000000000000000000e+00,-1.051618488335104303e+03,-2.040124810925507063e+03,5.859000000000000909e+03,0.000000000000000000e+00,-1.181974127116598083e+03,-1.916681963516285805e+03,5.549000000000000909e+03,0.000000000000000000e+00,-2.461435962798283583e+02,-6.172112993885967853e+02,1.905000000000000455e+03,0.000000000000000000e+00,-1.189066548639443226e+03,-1.755182006793482060e+03,5.371000000000000909e+03,0.000000000000000000e+00,-1.532123746532642770e+02,-3.849639495852779305e+02,1.988000000000000455e+03,0.000000000000000000e+00,-1.260892149485717027e+03,-1.016367069862749190e+03,5.274000000000000909e+03,0.000000000000000000e+00,-1.169523319455609425e+02,-1.359632616446914426e+02,2.001000000000000455e+03,0.000000000000000000e+00,-1.322163034785227183e+03,-2.260457548613318863e+02,5.168000000000000909e+03,0.000000000000000000e+00,-1.518417887888688824e+02,4.515973342904175070e+01,2.019000000000000909e+03,0.000000000000000000e+00,-1.365425181467471930e+03,3.844376405009908240e+02,5.096000000000001819e+03,0.000000000000000000e+00,-2.145172136887440502e+02,1.408066606264357574e+02,2.043000000000000909e+03,0.000000000000000000e+00,-1.211869351564385170e+03,3.619861457115892449e+02,5.474000000000002728e+03,0.000000000000000000e+00,-1.661598992718499801e+02,5.018997550238750591e+02,2.156000000000000909e+03,0.000000000000000000e+00,-0.000000000000000000e+00,0.000000000000000000e+00,0.000000000000000000e+00,0.000000000000000000e+00,-7.040656561504343358e+01,8.318409698133965549e+02,2.239000000000000909e+03,0.000000000000000000e+00,-0.000000000000000000e+00,0.000000000000000000e+00,0.000000000000000000e+00,0.000000000000000000e+00
-1.283589246607549512e+03,-1.518822266104095434e+03,4.661000000000000909e+03,0.000000000000000000e+00,-1.215775141152297010e+03,-1.693593127415384970e+03,4.787000000000000909e+03,0.000000000000000000e+00,-1.257096604289243487e+03,-1.563165370880621140e+03,4.430000000000000909e+03,0.000000000000000000e+00,-3.449284496196344776e+02,-6.262632852453167516e+02,1.818000000000000455e+03,0.000000000000000000e+00,-1.213439752361242199e+03,-1.419192827364805453e+03,4.153500000000000909e+03,0.000000000000000000e+00,-2.582885644881037592e+02,-3.896456452415152967e+02,1.804000000000000455e+03,0.000000000000000000e+00,-1.226602696286965283e+03,-8.505478354123857798e+02,4.007000000000000909e+03,0.000000000000000000e+00,-2.158171356293761107e+02,-7.202731025864491698e+01,1.800000000000000455e+03,0.000000000000000000e+00,-1.302152711884242080e+03,-2.477475015384846415e+02,4.033000000000000909e+03,0.000000000000000000e+00,-3.353985344088899865e+02,1.817824732601997937e+02,1.859000000000000909e+03,0.000000000000000000e+00,-1.341234849388858493e+03,1.259094646917806415e+02,4.095000000000000909e+03,0.000000000000000000e+00,-3.268310001885232055e+02,1.473739012229402476e+02,1.840000000000000909e+03,0.000000000000000000e+00,-1.309518792949123053e+03,3.009722214974532335e+02,4.252000000000001819e+03,0.000000000000000000e+00,-4.506655651766604365e+02,8.123432193284692175e+02,2.851000000000001364e+03,0.000000000000000000e+00,-0.000000000000000000e+00,0.000000000000000000e+00,0.000000000000000000e+00,0.000000000000000000e+00,-0.000000000000000000e+00,0.000000000000000000e+00,0.000000000000000000e+00,0.000000000000000000e+00,-9.488540558435958019e+02,1.221960124045791645e+03,2.897000000000001364e+03,0.000000000000000000e+00
-1.209348800901676896e+03,-1.355169969525024726e+03,3.249000000000000000e+03,0.000000000000000000e+00,-1.196992005157302401e+03,-1.545374546560178487e+03,3.458000000000000000e+03,0.000000000000000000e+00,-1.207996362627971848e+03,-1.389160804881325475e+03,3.128000000000000000e+03,0.000000000000000000e+00,-1.061148284113053251e+03,-1.614541725929756694e+03,3.879500000000000000e+03,0.000000000000000000e+00,-1.217977462408418660e+03,-1.272655908723597349e+03,3.058000000000000000e+03,0.000000000000000000e+00,-3.327369888443018340e+02,-4.177957753448076232e+02,1.597000000000000455e+03,0.000000000000000000e+00,-1.232955863012035479e+03,-7.473975638464960412e+02,3.018000000000000455e+03,0.000000000000000000e+00,-3.076140404341890644e+02,-1.174382513841998730e+02,1.705000000000000455e+03,0.000000000000000000e+00,-1.262696259984036033e+03,-1.585120027432696190e+02,2.838500000000000455e+03,0.000000000000000000e+00,-3.016735724614187006e+02,1.613669149739307329e+02,1.481000000000000682e+03,0.000000000000000000e+00,-1.264574536664715197e+03,1.894603741053027477e+02,2.608000000000000455e+03,0.000000000000000000e+00,-4.479966450968628351e+02,1.603831213873410491e+02,1.672000000000000682e+03,0.000000000000000000e+00,-1.216134898598762902e+03,3.101168416238151053e+02,3.141500000000001364e+03,0.000000000000000000e+00,-5.682355161558925829e+02,5.416769057687118902e+02,1.607000000000000682e+03,0.000000000000000000e+00,-4.614394494162360729e+02,5.179013109051397805e+02,1.545000000000000682e+03,0.000000000000000000e+00,-5.356822100142701402e+02,6.128127154215858354e+02,1.527000000000000682e+03,0.000000000000000000e+00,-4.187699505031795297e+02,6.144179877606078435e+02,1.531000000000000682e+03,0.000000000000000000e+00
