1.697854147124447107e+09,3.114655821897279111e+02,-1.761391950531207158e+03,1.088268166167665004e+04,0.000000000000000000e+00,1.697854147335451365e+09,1.934551571037092244e-03,8.234013716729242892e-04,-1.329598116293472876e-03,-1.467679478484029687e-05
1.697854147575391293e+09,3.062932862618604872e+02,-1.722953459333458568e+03,1.065489229041916587e+04,0.000000000000000000e+00,1.697854147360443115e+09,3.967055299125485379e-04,6.579609114543476201e-04,-1.062964504616263932e-03,-1.467679478484029687e-05
1.697854147258199215e+09,3.093214114254639640e+02,-1.739775731896401112e+03,1.078505119760479465e+04,0.000000000000000000e+00,1.697854147385417223e+09,4.767789189710699982e-04,5.074409287046479679e-04,-1.046639121198493982e-03,-1.467679478484029687e-05
1.697854147325199127e+09,3.086996994487215034e+02,-1.738006665406249795e+03,1.075546467065868637e+04,0.000000000000000000e+00,1.697854147560455322e+09,-7.235183462706712421e-04,1.516663709750426308e-04,-7.480673958755570995e-04,-1.467679478484029687e-05
1.697854147425472021e+09,3.080765498689612514e+02,-1.737312387807351342e+03,1.077356519461078278e+04,0.000000000000000000e+00,1.697854147710484982e+09,-1.309830951091404960e-03,-3.595510502295187327e-04,-6.750371617398858836e-04,-1.467679478484029687e-05
1.697854147659672022e+09,3.043090402147831242e+02,-1.717099069285486848e+03,1.062882203093812677e+04,0.000000000000000000e+00,1.697854147910438061e+09,3.316987017197292609e-04,1.645673349343834951e-03,-1.200422439177335158e-03,-1.467679478484029687e-05
1.697854147860297203e+09,3.032050291363009933e+02,-1.719030758709857309e+03,1.060229371257485400e+04,0.000000000000000000e+00,1.697854148110439062e+09,-5.199650120531196240e-05,6.566712529319236168e-04,-9.158896149011403398e-04,-1.467679478484029687e-05
1.697854148275471210e+09,3.033417000432528425e+02,-1.751723880417420105e+03,1.083273894710579043e+04,0.000000000000000000e+00,1.697854148285388947e+09,2.712675206030037978e-04,6.877482887350321560e-04,-1.080739948563884823e-03,-1.467679478484029687e-05
1.697854148127959013e+09,3.034329471426547684e+02,-1.739224669970281639e+03,1.076576529441118146e+04,0.000000000000000000e+00,1.697854148435380220e+09,5.862245418704337130e-05,9.528633434707778349e-04,-1.015257183827798998e-03,-1.467679478484029687e-05
1.697854148362049103e+09,3.000392238310377593e+02,-1.742139977056653606e+03,1.077396501996008192e+04,0.000000000000000000e+00,1.697854148585376740e+09,6.240734942303052812e-04,1.263073860708951134e-03,-1.164046706551497175e-03,-1.467679478484029687e-05
1.697854148529304028e+09,3.018559191430865667e+02,-1.744989849847174582e+03,1.079754234031936539e+04,0.000000000000000000e+00,1.697854148760410070e+09,-3.713089332835206591e-04,6.218926839059704583e-04,-9.974394843959848329e-04,-1.467679478484029687e-05
1.697854148696560144e+09,2.979529501291162319e+02,-1.718974712505664456e+03,1.064579496007984380e+04,0.000000000000000000e+00,1.697854148960454464e+09,-9.753477027096557617e-04,-6.882843904565231780e-04,-7.221471837113856455e-04,-1.467679478484029687e-05
1.697854148863804102e+09,3.013924602035707494e+02,-1.730463135209217853e+03,1.072748448103792907e+04,0.000000000000000000e+00,1.697854149604059696e+09,-1.492249586042715404e-03,-5.353688442343513057e-04,-6.579544044650753468e-04,-1.467679478484029687e-05
1.697854149645551205e+09,3.005835895377885549e+02,-1.740683155565932111e+03,1.077308265968064188e+04,0.000000000000000000e+00,1.697854149260502100e+09,-1.800675783104957461e-03,-4.015342220542407123e-04,-6.952426550469678352e-04,-1.467679478484029687e-05
1.697854149198305130e+09,3.034679268820780180e+02,-1.739783790854029576e+03,1.076537624750499344e+04,0.000000000000000000e+00,1.697854149460504055e+09,-1.958892521407198939e-03,-3.244221148582422665e-04,-7.152846695338373932e-04,-1.467679478484029687e-05
1.697854149365561008e+09,3.028311560408347418e+02,-1.735314425920732447e+03,1.074844790419162018e+04,0.000000000000000000e+00,1.697854149660488129e+09,-1.186697109385341509e-03,-5.544994060826232210e-04,-7.634358423335788893e-04,-1.467679478484029687e-05
1.697854149566319227e+09,3.054796281837022320e+02,-1.753885434451978881e+03,1.086063168662674980e+04,0.000000000000000000e+00,1.697854149810489655e+09,-7.982433682293746391e-04,4.471445466222371797e-04,-8.648489514467012484e-04,-1.467679478484029687e-05
1.697854149700057030e+09,3.004177086136638763e+02,-1.742755117936975239e+03,1.078865825848303575e+04,0.000000000000000000e+00,1.697854150104897976e+09,-4.490582134836218486e-04,-3.569237626735357466e-05,-8.253747631766560153e-04,-1.467679478484029687e-05
1.697854149900812149e+09,2.986438864947967886e+02,-1.726063528770847597e+03,1.068680543912176108e+04,0.000000000000000000e+00,1.697854150185424089e+09,-2.572136685638423681e-04,1.528931316311754433e-05,-8.947555175213586743e-04,-1.467679478484029687e-05
1.697854150680621147e+09,3.005996389449358617e+02,-1.730246714760074610e+03,1.069138909680639154e+04,0.000000000000000000e+00,1.697854150335459471e+09,-1.996032539795244976e-04,6.286597972111100056e-04,-9.679664058850681856e-04,-1.467679478484029687e-05
1.697854150302190065e+09,3.039068442779161501e+02,-1.749064397354650964e+03,1.083188430638723003e+04,0.000000000000000000e+00,1.697854150510486126e+09,-2.995819077545452958e-05,8.083246526682962745e-04,-1.181136369300086987e-03,-1.467679478484029687e-05
1.697854150436064005e+09,2.980409371934126170e+02,-1.723872448596512186e+03,1.067195194610778708e+04,0.000000000000000000e+00,1.697854150660465479e+09,-2.081474481350903405e-03,-3.343783010983779769e-04,-7.213332146382933586e-04,-1.467679478484029687e-05
1.697854150636693001e+09,3.050333982387462015e+02,-1.751291615568856287e+03,1.081231514471058108e+04,0.000000000000000000e+00,1.697854150835583925e+09,-1.023981398689970124e-03,5.870818567435577562e-04,-9.676032524489667185e-04,-1.467679478484029687e-05
1.697854150803946018e+09,3.037047480468115737e+02,-1.760181335815535022e+03,1.084475571357285844e+04,0.000000000000000000e+00,1.697854151354970217e+09,3.118005425040148992e-05,9.032200248847669245e-04,-1.111888683597015261e-03,-1.467679478484029687e-05
1.697854150971194029e+09,2.999530124725668543e+02,-1.746467667726795526e+03,1.076360606287425435e+04,0.000000000000000000e+00,1.697854151185533047e+09,-3.783429067342192198e-04,-6.928184849251347623e-05,-9.438069869016996270e-04,-1.467679478484029687e-05
1.697854151138446093e+09,3.038857644290678195e+02,-1.758725340810777652e+03,1.089736240019960496e+04,0.000000000000000000e+00,1.697854151360579729e+09,-1.385078747002992106e-03,-6.643659254122744658e-04,-5.657234254189590300e-04,-1.467679478484029687e-05
1.697854151305699110e+09,2.947048907144213672e+02,-1.705431611699438463e+03,1.057455189620758756e+04,0.000000000000000000e+00,1.697854151560528517e+09,-6.012097600489735294e-04,7.435029423623197402e-04,-1.024635774350184320e-03,-1.467679478484029687e-05
1.697854151472951174e+09,3.046875424332831130e+02,-1.761678892845729479e+03,1.092610788423153826e+04,0.000000000000000000e+00,1.697854151735497236e+09,-5.305705129227122896e-05,4.924025270217987802e-04,-9.047136484630730838e-04,-1.467679478484029687e-05
1.697854151640203238e+09,3.020542200176194569e+02,-1.735610035740960939e+03,1.076769406187624918e+04,0.000000000000000000e+00,1.697854151885505676e+09,7.112043937705647689e-05,5.819589102357093299e-05,-9.438543760583736160e-04,-1.467679478484029687e-05
1.697854151807455063e+09,3.048759902107790936e+02,-1.753367286781685380e+03,1.087746788922155974e+04,0.000000000000000000e+00,1.697854152854566574e+09,-1.908998671263498204e-03,-8.239563823652729449e-05,-8.137130478429867135e-04,-1.467679478484029687e-05
1.697854151974735022e+09,3.024406640250826399e+02,-1.735107087473036017e+03,1.075270261976048096e+04,0.000000000000000000e+00,1.697854152235564232e+09,-7.162074807918125674e-04,3.494995700351164088e-04,-8.170042781078951924e-04,-1.467679478484029687e-05
1.697854152175488234e+09,3.044643017568033656e+02,-1.747295279746085271e+03,1.081091110279441637e+04,0.000000000000000000e+00,1.697854152410618782e+09,4.043887909718768547e-05,5.882234854441498531e-04,-1.152575668065436388e-03,-1.467679478484029687e-05
1.697854152342737198e+09,3.011211618224928657e+02,-1.734675652123831469e+03,1.075957677145708840e+04,0.000000000000000000e+00,1.697854152610607624e+09,-1.424819541484635688e-03,2.555336641569811015e-04,-9.577886952644143990e-04,-1.467679478484029687e-05
1.697854152476539135e+09,3.021390551882188333e+02,-1.736627870824203001e+03,1.077562629740519333e+04,0.000000000000000000e+00,1.697854152760586500e+09,-2.889318513054919824e-03,4.496925859334853417e-04,-7.450711025204934329e-04,-1.467679478484029687e-05
1.697854152677244186e+09,3.035758825169528450e+02,-1.743507289475116522e+03,1.079656409680638899e+04,0.000000000000000000e+00,1.697854152935632706e+09,-8.849553033568602345e-07,2.368072539058705154e-04,-1.086893401724629274e-03,-1.467679478484029687e-05
1.697854152844492197e+09,3.033184501747614945e+02,-1.739647301608367570e+03,1.079682909181637115e+04,0.000000000000000000e+00,1.697854153110637903e+09,-1.761237059619939760e-03,1.520850440859739579e-04,-9.468922867601884709e-04,-1.467679478484029687e-05
1.697854152978218079e+09,3.035827195922864803e+02,-1.752179627374985785e+03,1.085780017465070159e+04,0.000000000000000000e+00,1.697854153260528564e+09,-2.519902409815991118e-03,-7.563276772157749919e-04,-6.098262009923875000e-04,-1.467679478484029687e-05
1.697854153212369204e+09,3.020592509317521603e+02,-1.727555730487729761e+03,1.070901741516966285e+04,0.000000000000000000e+00,1.697854153460476398e+09,-3.379597732090788842e-04,-8.140514878164596332e-05,-9.173800988583054143e-04,-1.467679478484029687e-05
1.697854153346315145e+09,3.090890732358492983e+02,-1.765566959152828986e+03,1.094110601297405628e+04,0.000000000000000000e+00,1.697854153660503864e+09,-1.398648622108339401e-04,1.276972755819084319e-03,-1.237130331411962023e-03,-1.467679478484029687e-05
1.697854153580365181e+09,2.998161148307079316e+02,-1.734816758998213345e+03,1.075228380738523265e+04,0.000000000000000000e+00,1.697854153810543537e+09,-2.874092997008914629e-03,-7.742099664157567600e-04,-4.753187208713205002e-04,-1.467679478484029687e-05
1.697854153714125156e+09,3.024962255039293950e+02,-1.751555879271963704e+03,1.083175838323353673e+04,0.000000000000000000e+00,1.697854153985509634e+09,1.330766705371827507e-03,5.772140679927990469e-04,-1.172559355089092346e-03,-1.467679478484029687e-05
1.697854153881381035e+09,2.999663049709500910e+02,-1.744146093608426781e+03,1.078060219560878613e+04,0.000000000000000000e+00,1.697854154135517120e+09,-3.280526028073445233e-03,-1.263957320060711889e-03,-5.081898930740666670e-04,-1.467679478484029687e-05
1.697854154115601063e+09,3.018835083852588355e+02,-1.748134385806311457e+03,1.075824134231537209e+04,0.000000000000000000e+00,1.697854154310567617e+09,-8.010172266263784757e-04,2.988919801534734889e-05,-8.696665903010622131e-04,-1.467679478484029687e-05
1.697854154249351025e+09,2.995918523974922891e+02,-1.753054392842187781e+03,1.076650404191616872e+04,0.000000000000000000e+00,1.697854154510487556e+09,1.816048474482433173e-03,1.075366049534732128e-03,-1.229835102062001081e-03,-1.467679478484029687e-05
1.697854154450103045e+09,3.090296472574088398e+02,-1.753281523419133237e+03,1.074729156686627357e+04,0.000000000000000000e+00,1.697854154710601568e+09,-6.225997880021580388e-04,6.395282803496808548e-04,-9.988568464178021727e-04,-1.467679478484029687e-05
1.697854154617355108e+09,2.984340622672900167e+02,-1.715242841198356700e+03,1.049105421656686849e+04,0.000000000000000000e+00,1.697854154835542679e+09,-1.397514575082463295e-03,5.296367273245665636e-04,-8.443612901437802737e-04,-1.467679478484029687e-05
1.697854154751105070e+09,3.035966944185950638e+02,-1.732019941828303217e+03,1.060927854291417498e+04,0.000000000000000000e+00,1.697854154985558033e+09,-8.159978335145132156e-04,4.347002545846294147e-04,-8.315029147221786668e-04,-1.467679478484029687e-05
1.697854154918356180e+09,3.085849753348793456e+02,-1.755181398455054705e+03,1.073107360279441309e+04,0.000000000000000000e+00,1.697854155210607767e+09,-1.106691311436029668e-03,-3.693858569519968462e-04,-8.117583070439438617e-04,-1.467679478484029687e-05
1.697854155119111061e+09,3.068413509752007826e+02,-1.732128136321691045e+03,1.061950538922156011e+04,0.000000000000000000e+00,1.697854155360555172e+09,-1.107630320784383504e-03,-1.934239722480891877e-06,-7.417939522012058275e-04,-1.467679478484029687e-05
1.697854155252859116e+09,3.118068366719713254e+02,-1.749072072151242992e+03,1.070896521956087963e+04,0.000000000000000000e+00,1.697854155560544252e+09,-1.790111275897926513e-04,7.474235567184516014e-04,-1.014025163752104754e-03,-1.467679478484029687e-05
1.697854155486986160e+09,3.111046568544587672e+02,-1.748420706748844850e+03,1.069807385229541251e+04,0.000000000000000000e+00,1.697854155710614681e+09,-2.839345257056244409e-04,-2.569739921525436826e-04,-9.269619859977647897e-04,-1.467679478484029687e-05
1.697854155620863199e+09,3.091485388085409340e+02,-1.760607356153792580e+03,1.075916953592814752e+04,0.000000000000000000e+00,1.697854155910579920e+09,-1.486250443383060893e-03,-3.389736250382310336e-04,-7.206135844777248386e-04,-1.467679478484029687e-05
1.697854155754614115e+09,3.122733530093925083e+02,-1.765240650898103695e+03,1.076771766467066300e+04,0.000000000000000000e+00,1.697854156605615377e+09,-2.151792171113803276e-03,-5.545183020178314718e-04,-6.402907932744521594e-04,-1.467679478484029687e-05
1.697854155988743067e+09,3.231234208609586744e+02,-1.796368684750553484e+03,1.086848241017964574e+04,0.000000000000000000e+00,1.697854156210508823e+09,-4.221921978819279109e-04,8.091547480383998571e-04,-1.034097473000144358e-03,-1.467679478484029687e-05
1.697854156155991077e+09,3.167838119168343951e+02,-1.787057926716767042e+03,1.084052737025948591e+04,0.000000000000000000e+00,1.697854156410545588e+09,-1.241979830576854515e-03,-2.098816679902161791e-04,-8.514447136022730046e-04,-1.467679478484029687e-05
1.697854156356745005e+09,3.076551061394153521e+02,-1.771617822698970031e+03,1.073891988522954489e+04,0.000000000000000000e+00,1.697854156610570908e+09,-1.456049658960900661e-03,3.761916147432561950e-04,-7.471861897765627895e-04,-1.467679478484029687e-05
1.697854156490494013e+09,3.089887746584355455e+02,-1.754307166634430132e+03,1.068356487025948445e+04,0.000000000000000000e+00,1.697854156760541916e+09,-1.352247127909961266e-03,7.350334751221902427e-05,-8.442679718117883760e-04,-1.467679478484029687e-05
1.697854156691247225e+09,2.944194960716116611e+02,-1.747141533324557258e+03,1.059816177644710842e+04,0.000000000000000000e+00,1.697854156935613632e+09,3.301934473764964184e-04,1.374146457717369783e-03,-1.210664063599152605e-03,-1.467679478484029687e-05
1.697854156858502150e+09,2.957531985313714245e+02,-1.756981036137793581e+03,1.068045508982036336e+04,0.000000000000000000e+00,1.697854157110611916e+09,1.246025523769650478e-04,5.343987367487922384e-04,-1.080994015654576862e-03,-1.467679478484029687e-05
1.697854157257581234e+09,3.020378915602287293e+02,-1.772099455127888177e+03,1.072877295409181897e+04,0.000000000000000000e+00,1.697854157260531187e+09,-1.275671542208145492e-03,-1.914821422299424307e-05,-9.140801465080376385e-04,-1.467679478484029687e-05
1.697854157226531029e+09,2.929586824039197950e+02,-1.757275570771494586e+03,1.065874663173653062e+04,0.000000000000000000e+00,1.697854157460686445e+09,-2.950194928751370682e-04,3.460358809180683797e-04,-9.371461613758765583e-04,-1.467679478484029687e-05
1.697854157393785238e+09,2.939003533572047786e+02,-1.779687814077446319e+03,1.081203932135728792e+04,0.000000000000000000e+00,1.697854157585600615e+09,-7.519294842841875437e-04,3.770013939583860595e-04,-8.412867123770244576e-04,-1.467679478484029687e-05
1.697854157527507067e+09,2.924976636781776165e+02,-1.760207594405108011e+03,1.069615014970060292e+04,0.000000000000000000e+00,1.697854157785614014e+09,-2.365256395973680537e-03,-4.934054834509174654e-04,-7.809255090245915965e-04,-1.467679478484029687e-05
1.697854157694756031e+09,2.937453524161922473e+02,-1.774696694442729267e+03,1.077919204091816755e+04,0.000000000000000000e+00,1.697854157985579252e+09,1.433322054809268997e-04,1.864401225222085895e-04,-9.796307737841005933e-04,-1.467679478484029687e-05
1.697854157895543098e+09,2.902656527062777627e+02,-1.764089216929236954e+03,1.068841861277445605e+04,0.000000000000000000e+00,1.697854158135583401e+09,-7.089518270075589879e-04,-1.119848801889686708e-04,-8.632243840251637747e-04,-1.467679478484029687e-05
1.697854158292901278e+09,2.925736637584927280e+02,-1.777842519137625914e+03,1.076142440119760613e+04,0.000000000000000000e+00,1.697854158335623503e+09,8.377957605017471998e-04,1.420232830711277983e-03,-1.456807783631516732e-03,-1.467679478484029687e-05
1.697854158263386011e+09,2.901525106749778047e+02,-1.770762524780841886e+03,1.072645631237525231e+04,0.000000000000000000e+00,1.697854158510611534e+09,-1.586409417620907036e-03,7.462674654943052136e-04,-9.186854464622892617e-04,-1.467679478484029687e-05
1.697854158397269011e+09,2.872295787092695036e+02,-1.755750044824056886e+03,1.061937814371257809e+04,0.000000000000000000e+00,1.697854158660522223e+09,-3.295269808610522266e-03,-8.102763215856719024e-04,-4.504596692574385896e-04,-1.467679478484029687e-05
1.697854158631418228e+09,2.932967278288028865e+02,-1.771672529960583915e+03,1.073534708083832811e+04,0.000000000000000000e+00,1.697854158860491991e+09,-3.551878177293840699e-04,2.787012581044791010e-04,-8.809370743666078548e-04,-1.467679478484029687e-05
1.697854158731799126e+09,2.912731547702473449e+02,-1.760130054882895820e+03,1.063526856287425471e+04,0.000000000000000000e+00,1.697854159105001450e+09,-4.604771411662322844e-04,9.821358073764413932e-04,-1.142028034850361539e-03,-1.467679478484029687e-05
1.697854158965919018e+09,2.910424360571404350e+02,-1.753902733698201928e+03,1.064692694610778744e+04,0.000000000000000000e+00,1.697854159185529232e+09,-4.201490382826564285e-04,3.485872122541591560e-04,-1.121354712225348113e-03,-1.467679478484029687e-05
1.697854159133177042e+09,2.943123904331639551e+02,-1.771143543683301914e+03,1.072926514471058363e+04,0.000000000000000000e+00,1.697854159385467529e+09,-1.484603320617602917e-03,4.443470581887306280e-05,-8.363175602460474123e-04,-1.467679478484029687e-05
1.697854159266923189e+09,2.949758683420744774e+02,-1.765920099176076292e+03,1.070596297405190126e+04,0.000000000000000000e+00,1.697854159535582066e+09,-2.433953911180730678e-03,-6.270046145479993109e-04,-5.739446684596575870e-04,-1.467679478484029687e-05
1.697854159467678070e+09,2.930928544988220779e+02,-1.740049697171657726e+03,1.056020548902196060e+04,0.000000000000000000e+00,1.697854159710577250e+09,-3.422561924854294890e-04,8.752120189073258954e-04,-1.090938622849930333e-03,-1.467679478484029687e-05
1.697854159634900093e+09,2.959533537406644541e+02,-1.750250991915947452e+03,1.062125671157685065e+04,0.000000000000000000e+00,1.697854159910560131e+09,-8.390971581210202035e-04,-4.110761254143555695e-04,-8.719443906104520090e-04,-1.467679478484029687e-05
1.697854159802178144e+09,2.982413965611000322e+02,-1.760373766001939430e+03,1.066865409181637006e+04,0.000000000000000000e+00,1.697854160606050968e+09,-5.583840425030031640e-04,6.066909491811642297e-04,-1.134264189620221063e-03,-1.467679478484029687e-05
1.697854160280512094e+09,2.956907826030047772e+02,-1.766115035437260531e+03,1.070552225548902607e+04,0.000000000000000000e+00,1.697854160235607862e+09,-1.303049448602953964e-03,3.967953802463811738e-05,-8.260612574807800826e-04,-1.467679478484029687e-05
1.697854160136652231e+09,2.992644732595394998e+02,-1.766285600626983978e+03,1.070321135229541323e+04,0.000000000000000000e+00,1.697854160385578871e+09,-1.376466993884689627e-03,3.796277739255123291e-04,-9.890488107961025333e-04,-1.467679478484029687e-05
1.697854160303912163e+09,3.012292322125036890e+02,-1.767733126442780303e+03,1.070127712075848649e+04,0.000000000000000000e+00,1.697854160535544157e+09,1.504488854274191323e-03,1.347833878784177692e-03,-1.265257894807582297e-03,-1.467679478484029687e-05
1.697854160471152067e+09,2.979810162442190631e+02,-1.758474617790124285e+03,1.064827105788423614e+04,0.000000000000000000e+00,1.697854160735538483e+09,-1.263162085588451222e-04,8.836716609142511057e-04,-1.154858519216960802e-03,-1.467679478484029687e-05
1.697854160638403177e+09,2.974102766243012184e+02,-1.778677867411339321e+03,1.075160376746507427e+04,0.000000000000000000e+00,1.697854160935530424e+09,-2.314275136528140542e-04,6.469064327840818359e-04,-9.930338165458924699e-04,-1.467679478484029687e-05
1.697854160805658102e+09,2.940120253016416427e+02,-1.779355287952093249e+03,1.070262742015968252e+04,0.000000000000000000e+00,1.697854161855139971e+09,-1.752822371286918979e-03,-9.655116647939343717e-04,-1.466581165077819962e-04,-1.467679478484029687e-05
1.697854161397841215e+09,2.973484266776773666e+02,-1.777486671022734527e+03,1.070146240019960533e+04,0.000000000000000000e+00,1.697854161285470486e+09,-1.239452350850281381e-04,5.345543844354166789e-04,1.291721123580267128e-03,-1.467679478484029687e-05
1.697854161173662186e+09,3.094508231454732368e+02,-1.789957909132110899e+03,1.076790553892215939e+04,0.000000000000000000e+00,1.697854161460536480e+09,-5.049869804996456879e-04,2.732333111953769806e-04,1.840331446130257908e-03,-1.467679478484029687e-05
1.697854161307412148e+09,3.236978175495813161e+02,-1.794909579804332679e+03,1.086456886227545147e+04,0.000000000000000000e+00,1.697854161610517740e+09,-6.477295618118605880e-04,6.145920348877898821e-04,2.003438201029268933e-03,-1.467679478484029687e-05
1.697854161541539192e+09,3.298289871593265161e+02,-1.772245495833669111e+03,1.065133837325349486e+04,0.000000000000000000e+00,1.697854161760536671e+09,-2.155026921758236569e-03,3.387855320465605388e-04,2.705538543135968445e-03,-1.467679478484029687e-05
1.697854161675424099e+09,3.320506223294443089e+02,-1.781244599987663150e+03,1.069768193612774849e+04,0.000000000000000000e+00,1.697854161960545540e+09,-2.387033137189048526e-04,-2.016702830668335757e-05,2.228645683834882835e-03,-1.467679478484029687e-05
1.697854161909324169e+09,-1.266502819017678803e+03,-2.422250838458811018e+02,1.557666017964072807e+03,0.000000000000000000e+00,1.697854162110464096e+09,-1.297150002335795138e-03,1.205165378898210996e-04,2.313603137221412632e-03,-1.467679478484029687e-05
1.697854162992012024e+09,3.351913192358300080e+02,-1.765884512641254787e+03,1.063751913672654882e+04,0.000000000000000000e+00,1.697854162310533524e+09,-2.089515692748691866e-03,-9.793165710030599796e-04,3.428404812194379807e-03,-1.467679478484029687e-05
1.697854162244058132e+09,3.368445380784192480e+02,-1.768656489821863488e+03,1.065338877245509138e+04,0.000000000000000000e+00,1.697854162460555553e+09,-1.483700172975714604e-03,8.876682434544422469e-05,3.727454936955006907e-03,-1.467679478484029687e-05
1.697854162411319017e+09,3.475164811200757526e+02,-1.777527710897925090e+03,1.070455094810379342e+04,0.000000000000000000e+00,1.697854162660494566e+09,-9.465718673070042111e-04,-5.824795276867186528e-04,4.206431958184403408e-03,-1.467679478484029687e-05
1.697854162578548193e+09,3.486718121669308061e+02,-1.769045382335582644e+03,1.062373762475050171e+04,0.000000000000000000e+00,1.697854162835592747e+09,2.252778859972853764e-05,-2.882094610439180950e-04,4.187468698368255332e-03,-1.467679478484029687e-05
1.697854162745800018e+09,3.544389633052547310e+02,-1.774539435321216843e+03,1.072584041916168098e+04,0.000000000000000000e+00,1.697854163355397701e+09,7.729548773926786520e-04,1.080097380438076356e-03,3.649300197738065792e-03,-1.467679478484029687e-05
1.697854162913053036e+09,3.557802469858818313e+02,-1.770449196601227186e+03,1.069046686626747032e+04,0.000000000000000000e+00,1.697854163185595036e+09,7.281917174152344185e-04,3.480523202133706381e-04,3.176010922838147857e-03,-1.467679478484029687e-05
1.697854163803091288e+09,3.552379548376525804e+02,-1.776730365044761584e+03,1.074336833832335833e+04,0.000000000000000000e+00,1.697854163360718727e+09,5.926160115160006292e-04,4.055421288832318331e-04,2.840963908086416995e-03,-1.467679478484029687e-05
1.697854163247564077e+09,3.575779388173370421e+02,-1.775978620647337266e+03,1.074247766966068411e+04,0.000000000000000000e+00,1.697854163535630226e+09,6.377846188668559457e-04,8.240637684601299353e-04,2.262348516143239657e-03,-1.467679478484029687e-05
1.697854163448200226e+09,3.538674421454517756e+02,-1.786319526348840554e+03,1.081199446107784752e+04,0.000000000000000000e+00,1.697854163685583591e+09,-9.030691598007276055e-04,-1.021594367612580802e-03,2.930738028972716160e-03,-1.467679478484029687e-05
1.697854163682471037e+09,3.507392413325299003e+02,-1.774228419672898099e+03,1.069395890718563351e+04,0.000000000000000000e+00,1.697854163885638714e+09,-7.278105164339604416e-04,1.561165244803099659e-04,2.192155150783996285e-03,-1.467679478484029687e-05
1.697854163816188097e+09,3.470943829203763471e+02,-1.781919236781055588e+03,1.074595970558882800e+04,0.000000000000000000e+00,1.697854164855017900e+09,1.300356680871667114e-03,1.369708396226165239e-03,1.404347125812550716e-03,-1.467679478484029687e-05
1.697854163983435154e+09,3.405100148711437669e+02,-1.782761701401110940e+03,1.079009249001996432e+04,0.000000000000000000e+00,1.697854164235531092e+09,-6.550758837690559555e-04,5.391664654832389707e-04,1.949809948106246121e-03,-1.467679478484029687e-05
1.697854164184224129e+09,3.355787065746460485e+02,-1.761086712354428528e+03,1.064603605289421466e+04,0.000000000000000000e+00,1.697854164385503531e+09,3.094072046087373296e-04,7.180182001205730625e-04,1.372863052376380134e-03,-1.467679478484029687e-05
1.697854164317940235e+09,3.349616158688515384e+02,-1.785241026096824953e+03,1.071609922654690672e+04,0.000000000000000000e+00,1.697854164560604095e+09,1.700216639518276063e-03,1.396116951623820740e-03,8.001784034699705632e-04,-1.467679478484029687e-05
1.697854164485221148e+09,3.277125590327422060e+02,-1.787640507845443381e+03,1.076922327844311803e+04,0.000000000000000000e+00,1.697854164735690117e+09,4.642076098844150067e-04,4.628983910159513871e-04,6.403198918380234410e-05,-1.467679478484029687e-05
1.697854164685971022e+09,3.237459800251890556e+02,-1.788905331025808891e+03,1.075711347305389609e+04,0.000000000000000000e+00,1.697854164910626411e+09,-5.065684618136903627e-04,2.500817257917323580e-04,-6.118832129046806437e-05,-1.467679478484029687e-05
1.697854164819722176e+09,3.182762848313665813e+02,-1.810396932796591955e+03,1.086922390219561385e+04,0.000000000000000000e+00,1.697854165110635757e+09,1.635833567633540597e-03,7.172663306933016675e-04,-2.496996021696463227e-04,-1.467679478484029687e-05
1.697854165538211107e+09,3.156938734692754451e+02,-1.778699557357889034e+03,1.070159234031936467e+04,0.000000000000000000e+00,1.697854165235625029e+09,2.053923280597447221e-04,1.421267156720364046e-04,-5.283996795425646145e-04,-1.467679478484029687e-05
1.697854165187726021e+09,3.163736598541054263e+02,-1.796935493722062120e+03,1.077779308882235819e+04,0.000000000000000000e+00,1.697854165460609198e+09,-1.106385888061514611e-03,-3.320012944522596210e-04,-3.130038882064435733e-04,-1.467679478484029687e-05
1.697854165321476221e+09,3.102958976415889083e+02,-1.777695274343732308e+03,1.066679615768463191e+04,0.000000000000000000e+00,1.697854165610596180e+09,-5.217821879378234384e-04,-3.624652283176197677e-04,-1.318060179025188142e-03,-1.467679478484029687e-05
1.697854165555574179e+09,3.118793258342024046e+02,-1.778417073965786358e+03,1.065820229540918263e+04,0.000000000000000000e+00,1.697854165760576248e+09,7.290809907931627976e-04,6.378713316192663680e-04,9.111354544468023295e-05,-1.467679478484029687e-05
1.697854165689454079e+09,3.042331007937432332e+02,-1.767977046513981577e+03,1.062263677644711061e+04,0.000000000000000000e+00,1.697854165985504866e+09,-1.402063289460124540e-03,3.952434395611701063e-04,1.349043831417558788e-04,-1.467679478484029687e-05
1.697854165856715202e+09,3.311830695077393898e+02,-1.800890418930644501e+03,1.088853238522954416e+04,0.000000000000000000e+00,1.697854166135549307e+09,7.080879554205998794e-04,8.153085839310348672e-04,-8.242742255234062135e-04,-1.467679478484029687e-05
1.697854166573671103e+09,3.193437318169240484e+02,-1.797318655395468113e+03,1.081032085828343770e+04,0.000000000000000000e+00,1.697854166310546875e+09,4.140425414185661124e-04,-2.823606041988133229e-04,-1.202793943957637928e-03,-1.467679478484029687e-05
1.697854166191205025e+09,3.132137423108958956e+02,-1.769547321937633569e+03,1.071623420658682880e+04,0.000000000000000000e+00,1.697854166460552216e+09,-1.158971752753874818e-03,2.084772361663664005e-04,-8.023953092148394068e-04,-1.467679478484029687e-05
1.697854166358456135e+09,3.044022222675731086e+02,-1.774371221473249079e+03,1.071126414670659142e+04,0.000000000000000000e+00,1.697854166635711193e+09,-1.316984745913123145e-03,1.547029390337183478e-04,-9.671787155537568334e-04,-1.467679478484029687e-05
1.697854166559110165e+09,3.128516764890294439e+02,-1.786177056061290159e+03,1.083274249001996577e+04,0.000000000000000000e+00,1.697854166835704327e+09,-1.140444952545512092e-03,-7.647916437469068178e-05,-2.477428206261795998e-04,-1.467679478484029687e-05
1.697854166759834051e+09,3.119162939157812389e+02,-1.790018760957198310e+03,1.083071878742515219e+04,0.000000000000000000e+00,1.697854167106202364e+09,-1.831773441751040343e-03,-9.817306714371989117e-04,5.825961660459310233e-04,-1.467679478484029687e-05
1.697854166960491180e+09,3.192297057028487188e+02,-1.803814077637167202e+03,1.091109550898203815e+04,0.000000000000000000e+00,1.697854167160609007e+09,9.017018744779184414e-04,2.708547279915719244e-04,-4.855529522026437081e-04,-1.467679478484029687e-05
1.697854167943391085e+09,3.097621352974347246e+02,-1.753854004069811026e+03,1.060029990019960314e+04,0.000000000000000000e+00,1.697854167385565996e+09,-1.398512462012571622e-03,-3.410333505706546718e-04,-1.079753223763981439e-03,-1.467679478484029687e-05
1.697854167295091152e+09,3.031647985564732153e+02,-1.755269544307544493e+03,1.062624825349301682e+04,0.000000000000000000e+00,1.697854167535590172e+09,1.160537534188751940e-03,1.015623873113316025e-03,-2.217327222762059940e-03,-1.467679478484029687e-05
1.697854167462341070e+09,2.905064363076386940e+02,-1.750939870286693576e+03,1.057585012475050280e+04,0.000000000000000000e+00,1.697854167710670710e+09,1.274618872524752033e-04,9.080193120530398020e-04,-1.726478766767881000e-03,-1.467679478484029687e-05
1.697854167596091032e+09,2.963027809169409466e+02,-1.768537428761100728e+03,1.067985526447105985e+04,0.000000000000000000e+00,1.697854167860631943e+09,-7.285162931195202085e-04,9.095522291974546302e-04,-2.439448854168985419e-03,-1.467679478484029687e-05
1.697854167763342142e+09,0.000000000000000000e+00,-0.000000000000000000e+00,0.000000000000000000e+00,0.000000000000000000e+00,1.697854168605464220e+09,2.535536710060320997e-04,2.048958018954332707e-04,-3.909619388001252249e-03,-1.467679478484029687e-05
1.697854167964096069e+09,2.856561427264842337e+02,-1.756183736362959053e+03,1.073555479041916624e+04,0.000000000000000000e+00,1.697854168210608244e+09,3.013218288757321672e-04,5.938667515934082470e-04,-4.301192533063559129e-03,-1.467679478484029687e-05
1.697854168978471279e+09,2.704988292787563182e+02,-1.730288920266132436e+03,1.059887495009980194e+04,0.000000000000000000e+00,1.697854168385571003e+09,8.460016662311664604e-04,7.874339532492867239e-04,-4.289786770517654314e-03,-1.467679478484029687e-05
1.697854168331977129e+09,2.692546861248808341e+02,-1.764826124046753421e+03,1.081747744510978373e+04,0.000000000000000000e+00,1.697854168560598135e+09,1.064250305260770746e-03,1.627892574376379499e-03,-4.472801651459117761e-03,-1.467679478484029687e-05
1.697854168499224186e+09,2.662471063681950909e+02,-1.765199735237201594e+03,1.078421264970060292e+04,0.000000000000000000e+00,1.697854168760585546e+09,-7.073305335496410384e-04,-4.700425951805354413e-05,-5.482730126901310536e-03,-1.467679478484029687e-05
1.697854168699977160e+09,2.636913043496656428e+02,-1.756379074311231989e+03,1.075625369261477499e+04,0.000000000000000000e+00,1.697854168910542488e+09,-1.302039372370784875e-03,-6.875906090594073681e-04,-4.973858707518178865e-03,-1.467679478484029687e-05
1.697854168833731174e+09,2.617326516903200400e+02,-1.756741501523608804e+03,1.080003151197605075e+04,0.000000000000000000e+00,1.697854169854181767e+09,1.045414005911016186e-05,3.383481308501984407e-04,-4.520047342594258645e-03,-1.467679478484029687e-05
1.697854169344791174e+09,2.674350491832999523e+02,-1.743527988774128289e+03,1.064724915169660926e+04,0.000000000000000000e+00,1.697854169260504723e+09,-1.253642579383568156e-03,1.102848031203289107e-04,-4.256116463138444155e-03,-1.467679478484029687e-05
1.697854169201769114e+09,2.679322882592477981e+02,-1.742325413593746134e+03,1.065262607285429658e+04,0.000000000000000000e+00,1.697854169435449839e+09,-2.580995406286923366e-04,1.230802913649973627e-04,-3.741721936990369778e-03,-1.467679478484029687e-05
1.697854169368985176e+09,2.712148829820689571e+02,-1.769822650340342534e+03,1.080042956586826585e+04,0.000000000000000000e+00,1.697854169610551357e+09,-1.315380155564781217e-03,1.617091789749572567e-04,-3.773308208783260603e-03,-1.467679478484029687e-05
1.697854169502732038e+09,2.824338829726303288e+02,-1.769494531148532360e+03,1.086737844311377376e+04,0.000000000000000000e+00,1.697854169810525656e+09,4.610887082936027115e-04,4.286555275559709218e-04,-3.664464345204014768e-03,-1.467679478484029687e-05
1.697854169636608124e+09,2.796795189243021582e+02,-1.777231348833595575e+03,1.086447894211577113e+04,0.000000000000000000e+00,1.697854169960496187e+09,1.801270598200434281e-03,6.507873440123097429e-04,-3.990573858574145670e-03,-1.467679478484029687e-05
1.697854169870768070e+09,2.844373640320746404e+02,-1.776761386469146601e+03,1.087925568862275941e+04,0.000000000000000000e+00,1.697854170135559797e+09,-7.384746822899010410e-04,3.992896600901122816e-04,-4.753358543095869554e-03,-1.467679478484029687e-05
1.697854170379881144e+09,2.722058373197550054e+02,-1.753333607715309654e+03,1.073813932135729010e+04,0.000000000000000000e+00,1.697854170310542822e+09,-2.074088492586681487e-03,9.749854917204782900e-04,-4.685119883245852067e-03,-1.467679478484029687e-05
1.697854170238615036e+09,2.686548252858186174e+02,-1.784411054068902786e+03,1.095546971057884548e+04,0.000000000000000000e+00,1.697854170460627556e+09,-8.289487169825526802e-04,6.105104699321559948e-04,-3.982312018606781051e-03,-1.467679478484029687e-05
1.697854170372493029e+09,2.670772058997932277e+02,-1.756088607505447499e+03,1.074400251996008228e+04,0.000000000000000000e+00,1.697854170660532236e+09,-1.193785803740528284e-03,-6.055927611861796917e-04,-3.264981899850717077e-03,-1.467679478484029687e-05
1.697854170539772034e+09,2.777013986706676860e+02,-1.756158766152490443e+03,1.076257707085828588e+04,0.000000000000000000e+00,1.697854170810562372e+09,-3.323191883341583552e-04,-3.353730023478098017e-05,-2.909558477485096623e-03,-1.467679478484029687e-05
1.697854170740371227e+09,2.866915879094256638e+02,-1.763490276824559032e+03,1.078251696606786572e+04,0.000000000000000000e+00,1.697854170985552549e+09,7.389186061835043007e-04,8.835797948754083378e-04,-2.499669643766745143e-03,-1.467679478484029687e-05
1.697854170874296188e+09,2.985435094141707850e+02,-1.782555155083301997e+03,1.092949598303393577e+04,0.000000000000000000e+00,1.697854171160516977e+09,-1.815670347819028918e-03,-1.271575088350220852e-03,-1.111172685813113228e-03,-1.467679478484029687e-05
1.697854171108402014e+09,3.083573929850271611e+02,-1.787225390835435292e+03,1.093865474051896490e+04,0.000000000000000000e+00,1.697854171360595703e+09,-5.750941671334927618e-04,-4.141412808908917411e-04,-7.994181974152191365e-04,-1.467679478484029687e-05
1.697854171309165001e+09,3.008477037205288980e+02,-1.763359410670947454e+03,1.079303483033932571e+04,0.000000000000000000e+00,1.697854171510540724e+09,6.503557007813264013e-03,1.417325124245200595e-03,-2.416522444669873780e-03,-1.467679478484029687e-05
1.697854171409407139e+09,3.059342965039443811e+02,-1.748477970329978234e+03,1.076482302894211898e+04,0.000000000000000000e+00,1.697854171660712481e+09,1.761119893227200070e-02,3.591227382250972849e-05,-3.754151570909436322e-03,-1.467679478484029687e-05
1.697854171610157013e+09,2.864471338220883467e+02,-1.733233679786047787e+03,1.073271225049900386e+04,0.000000000000000000e+00,1.697854171885637283e+09,3.605587659828336095e-02,1.484782738972716815e-05,-5.991081312373796632e-03,-6.767947846597621719e-07
1.697854171777412176e+09,2.750389994294874327e+02,-1.738502023789634222e+03,1.078144545908183864e+04,0.000000000000000000e+00,1.697854172355427027e+09,5.058131238736276319e-02,8.186575381596559228e-04,-7.820216356290828064e-03,-6.767947846597621719e-07
1.697854171978170156e+09,2.478385439446706471e+02,-1.750749319334863003e+03,1.083934211576846610e+04,0.000000000000000000e+00,1.697854172185471058e+09,6.411591072207140085e-02,1.173199970020087895e-03,-9.351079131095571886e-03,-1.467679478484029687e-05
1.697854172145396233e+09,2.043236428154983457e+02,-1.710171935907304942e+03,1.053428151197605257e+04,0.000000000000000000e+00,1.697854172385589361e+09,7.903291013798502407e-02,1.143476121072015302e-03,-1.084764708091349832e-02,-1.467679478484029687e-05
1.697854172279165030e+09,2.062311274062712698e+02,-1.697123276406354307e+03,1.047759031936127940e+04,0.000000000000000000e+00,1.697854172560531139e+09,9.216939735203338868e-02,5.591321914911607637e-04,-1.335263900391852991e-02,-6.767947846597621719e-07
1.697854172513292074e+09,1.882054778860398301e+02,-1.722563983931700704e+03,1.057179755489022318e+04,0.000000000000000000e+00,1.697854172735501289e+09,1.011291694211926689e-01,3.051539664419750152e-04,-1.374217877274895062e-02,-6.767947846597621719e-07
1.697854172613670111e+09,1.785430237398209954e+02,-1.758507268412753319e+03,1.080523802395209896e+04,0.000000000000000000e+00,1.697854172910599470e+09,1.112364604210002994e-01,8.692498868181392120e-04,-1.471518267321432309e-02,-6.767947846597621719e-07
1.697854172814400196e+09,1.619334716549534221e+02,-1.713141595375506768e+03,1.052642734530938651e+04,0.000000000000000000e+00,1.697854173855782032e+09,1.211967551925102471e-01,1.554586877323346945e-03,-1.623997331344725556e-02,-6.767947846597621719e-07
1.697854173150481224e+09,1.567703674136241148e+02,-1.723975704902445614e+03,1.060145676147704762e+04,0.000000000000000000e+00,1.697854173260583162e+09,1.254088421817074472e-01,1.696985791297724424e-03,-1.710172593298818836e-02,-6.767947846597621719e-07
1.697854173148892164e+09,1.398766354266971348e+02,-1.702632987295025259e+03,1.041189618263473494e+04,0.000000000000000000e+00,1.697854173435468197e+09,1.324352410774332633e-01,1.537734535100142600e-03,-1.723431681818772890e-02,-1.467679478484029687e-05
1.697854173349520206e+09,1.304956775444980792e+02,-1.680336937934998105e+03,1.036165459081836707e+04,0.000000000000000000e+00,1.697854173610499382e+09,1.368740457623549289e-01,1.850532677034775466e-03,-1.867511025760213925e-02,-1.467679478484029687e-05
1.697854173516769171e+09,1.291528078418820655e+02,-1.678861799393610909e+03,1.034493655189621131e+04,0.000000000000000000e+00,1.697854173760546446e+09,1.421876595546896771e-01,3.451374351795879428e-03,-2.082464448975779661e-02,-6.767947846597621719e-07
1.697854173751021147e+09,1.303503421186507865e+02,-1.728930542977595451e+03,1.066675546407185902e+04,0.000000000000000000e+00,1.697854173960573912e+09,1.439306872379400026e-01,2.943802052007498705e-03,-2.230475153868834506e-02,-6.767947846597621719e-07
1.697854173851274014e+09,1.297075406695086315e+02,-1.689264865890762849e+03,1.042490464071856695e+04,0.000000000000000000e+00,1.697854174110537767e+09,1.415646378470078459e-01,1.945994155212004860e-03,-2.274095903635664148e-02,-6.767947846597621719e-07
1.697854174520241261e+09,1.203062686472113683e+02,-1.707854981361355158e+03,1.047493849800399403e+04,0.000000000000000000e+00,1.697854174260570765e+09,1.436932698585451640e-01,3.273218423713029554e-03,-2.452215490396963266e-02,-6.767947846597621719e-07
1.697854174152401209e+09,1.153022568175493916e+02,-1.668966499589974319e+03,1.028686090319361574e+04,0.000000000000000000e+00,1.697854174485529423e+09,1.430878090303937811e-01,2.777567027409910162e-03,-2.539393762067946800e-02,-6.767947846597621719e-07
1.697854174386529207e+09,1.028811957866889060e+02,-1.645465042047235784e+03,1.023243772455090038e+04,0.000000000000000000e+00,1.697854174635612965e+09,1.459534021954041194e-01,3.112574172264137747e-03,-2.633056988000622572e-02,-6.767947846597621719e-07
1.697854174553790092e+09,7.776791853085717321e+01,-1.644372084755923424e+03,1.026835661177645125e+04,0.000000000000000000e+00,1.697854174810617447e+09,1.431504996094491444e-01,1.964554164490971925e-03,-2.635989402939401677e-02,-6.767947846597621719e-07
1.697854174754533052e+09,6.024528413114718006e+01,-1.642001978687913152e+03,1.021405983033932716e+04,0.000000000000000000e+00,1.697854175107074976e+09,1.418820100536914153e-01,2.299017485144450208e-03,-2.611974790640102934e-02,-6.767947846597621719e-07
1.697854174854780197e+09,6.062252377879416088e+01,-1.654766420001533788e+03,1.019566751497006226e+04,0.000000000000000000e+00,1.697854175160589218e+09,1.440818316729624848e-01,3.735971255710335542e-03,-2.669952855469002323e-02,-6.767947846597621719e-07
1.697854175556941271e+09,6.320864484197398525e+01,-1.660663779866308687e+03,1.018909835329341877e+04,0.000000000000000000e+00,1.697854175335603476e+09,1.408459977506610339e-01,1.522771847874253466e-03,-2.553970353149518507e-02,-6.767947846597621719e-07
1.697854175289665222e+09,8.026159908478842908e+01,-1.661508912571515793e+03,1.035568270958084031e+04,0.000000000000000000e+00,1.697854175485615015e+09,1.443997951342085306e-01,3.150613618929549130e-03,-2.607862563166102668e-02,-6.767947846597621719e-07
1.697854175423537016e+09,1.054239346801450239e+02,-1.629299707258638364e+03,1.018272215568862703e+04,0.000000000000000000e+00,1.697854175685581446e+09,1.438788486655124266e-01,2.527190661901693516e-03,-2.600751657715071399e-02,-6.767947846597621719e-07
1.697854175557436228e+09,1.209361655863722262e+02,-1.615071204101127250e+03,1.004025112275449101e+04,0.000000000000000000e+00,1.697854175860548019e+09,1.457881663377868231e-01,3.253031101369630550e-03,-2.596572554338467953e-02,-6.767947846597621719e-07
1.697854175791416168e+09,1.422927199608858757e+02,-1.622460900359167226e+03,1.009459468562874463e+04,0.000000000000000000e+00,1.697854176356519222e+09,1.463422213114153603e-01,2.746773758919108209e-03,-2.639397502522675132e-02,1.332320521507668332e-05
1.697854175891793013e+09,1.532020653893468705e+02,-1.623234342635953226e+03,1.006956971057884402e+04,0.000000000000000000e+00,1.697854176210633039e+09,1.452068181994738416e-01,1.412688789245481087e-03,-2.135056319424272209e-02,-6.767947846597621719e-07
1.697854176925431252e+09,1.448757965794140148e+02,-1.572500770978514765e+03,9.850566866267468868e+03,0.000000000000000000e+00,1.697854176385605097e+09,1.496545582928782703e-01,1.598842825969426160e-03,-2.033033152781401134e-02,1.332320521507668332e-05
1.697854176293169022e+09,2.133274689997043652e+02,-1.592048131237665302e+03,9.963235079840320395e+03,0.000000000000000000e+00,1.697854176535553932e+09,1.495829727728731628e-01,1.920973791674049315e-03,-2.067415554866154984e-02,1.332320521507668332e-05
1.697854176427075148e+09,2.034373121068358898e+02,-1.567833790929161069e+03,9.861967939121757809e+03,0.000000000000000000e+00,1.697854176685513020e+09,1.469436492953025974e-01,1.543861259090696485e-03,-2.227130489886239989e-02,-6.767947846597621719e-07
1.697854176627674103e+09,1.743845981777075451e+02,-1.577983003093861953e+03,9.955845334331341292e+03,0.000000000000000000e+00,1.697854176910547018e+09,1.488384318410424512e-01,1.963386559031667870e-03,-2.520898872863936574e-02,-6.767947846597621719e-07
1.697854176828424215e+09,1.551775060833432747e+02,-1.543432292666436751e+03,9.633263522954093787e+03,0.000000000000000000e+00,1.697854177605374098e+09,1.499268033675611733e-01,1.596896406515252009e-03,-2.567187794951090313e-02,-6.767947846597621719e-07
1.697854177290501118e+09,1.378888180722256607e+02,-1.515309208215682929e+03,9.537958557884236143e+03,0.000000000000000000e+00,1.697854177235555410e+09,1.475242998079418222e-01,1.533948378150164216e-03,-2.633091926635977228e-02,-6.767947846597621719e-07
1.697854177196302176e+09,1.477742417664979939e+02,-1.471679464576554210e+03,9.309907934131741058e+03,0.000000000000000000e+00,1.697854177435581446e+09,1.452433770449557682e-01,5.900872570229046855e-04,-2.701481326603793684e-02,-6.767947846597621719e-07
1.697854177363554001e+09,1.626538801617653007e+02,-1.519894681116076754e+03,9.490896382235532656e+03,0.000000000000000000e+00,1.697854177585524559e+09,1.454044511655453176e-01,9.016712398628914243e-04,-2.672972264751751273e-02,-6.767947846597621719e-07
1.697854177530805111e+09,1.686275308099120309e+02,-1.513889798021265960e+03,9.501312824351301970e+03,0.000000000000000000e+00,1.697854177760605097e+09,1.419913645917356970e-01,7.066868834372142145e-04,-2.788268744916374414e-02,-6.767947846597621719e-07
1.697854177698063135e+09,1.741517422398320605e+02,-1.526056824901728078e+03,9.501097954091819702e+03,0.000000000000000000e+00,1.697854177910690069e+09,1.432860255767432478e-01,1.552197198611581777e-03,-2.822341376944329308e-02,-6.767947846597621719e-07
1.697854177865336180e+09,1.534204045240520884e+02,-1.438672606783944957e+03,9.112798153692618143e+03,0.000000000000000000e+00,1.697854178855642557e+09,1.417422878313028545e-01,1.493007837086620260e-03,-2.919093856967977171e-02,-6.767947846597621719e-07
1.697854178326811314e+09,1.437377567394331095e+02,-1.455923281980880802e+03,9.145633507984037351e+03,0.000000000000000000e+00,1.697854178260616302e+09,1.414063778161904483e-01,1.374217285993507582e-03,-2.986653836926598388e-02,-6.767947846597621719e-07
1.697854178166464090e+09,1.226421391409172514e+02,-1.457269390862794808e+03,9.105692864271459257e+03,0.000000000000000000e+00,1.697854178360683680e+09,1.407961704549833271e-01,1.433018295721934666e-03,-2.970331110262055402e-02,-6.767947846597621719e-07
1.697854178367095232e+09,9.790113400084652540e+01,-1.452696783137167586e+03,9.073625049900203521e+03,0.000000000000000000e+00,1.697854178510516167e+09,1.376316081655996615e-01,-3.174928892550783754e-04,-2.950690296083630440e-02,-6.767947846597621719e-07
1.697854178467466116e+09,9.138611228782311002e+01,-1.448089474933874044e+03,9.096093188622759044e+03,0.000000000000000000e+00,1.697854178710578918e+09,1.420936234471729120e-01,1.524403128203534507e-03,-3.239880887262845677e-02,-6.767947846597621719e-07
1.697854178601314068e+09,8.407729786232704328e+01,-1.398228706644847534e+03,8.724209705588826182e+03,0.000000000000000000e+00,1.697854178885568142e+09,1.421166842294040999e-01,2.379099130516923195e-03,-3.436844926445195569e-02,-6.767947846597621719e-07
1.697854178801971197e+09,7.104351993898247031e+01,-1.377406892672964432e+03,8.603961526946110098e+03,0.000000000000000000e+00,1.697854179355456591e+09,1.427270531888164828e-01,1.783174643659835501e-03,-3.787659149058508756e-02,-6.767947846597621719e-07
1.697854178935817003e+09,6.823389912296730131e+01,-1.376744088678965682e+03,8.700565244510982666e+03,0.000000000000000000e+00,1.697854179235695601e+09,1.422894907781910578e-01,8.220960363266515639e-04,-4.028395375719177190e-02,-6.767947846597621719e-07
1.697854179103150129e+09,4.881563587615081445e+01,-1.380908947820883213e+03,8.662084281437129903e+03,0.000000000000000000e+00,1.697854179360641003e+09,1.388993942606086551e-01,-2.659398702747855885e-04,-4.173104663042607326e-02,-6.767947846597621719e-07
1.697854179303724051e+09,4.307515184351260729e+01,-1.333947669575982673e+03,8.417113597804394885e+03,0.000000000000000000e+00,1.697854179510680676e+09,1.402380381435582579e-01,5.172889904161981356e-04,-4.486804101228265840e-02,-6.767947846597621719e-07
1.697854179404070139e+09,3.101780699622515058e+01,-1.338672156372506606e+03,8.478392390219563822e+03,0.000000000000000000e+00,1.697854179685651779e+09,1.421801886706592355e-01,1.523395111006449780e-03,-4.795216190245792792e-02,-6.767947846597621719e-07
1.697854179604828119e+09,-9.199377133457047329e-01,-1.387965914029857913e+03,8.642336302395213352e+03,0.000000000000000000e+00,1.697854179835696459e+09,1.417841506810594565e-01,1.577235546438399919e-03,-4.914112057142744350e-02,-6.767947846597621719e-07
1.697854179705198050e+09,-2.021882253936218987e+01,-1.408410132960269493e+03,8.739717739520961914e+03,0.000000000000000000e+00,1.697854180356229067e+09,1.394507186668341447e-01,3.449736511599757038e-04,-4.819860250138426755e-02,-6.767947846597621719e-07
1.697854180106578112e+09,-7.066734212710635177e+01,-1.372359696852387970e+03,8.597457884231538628e+03,0.000000000000000000e+00,1.697854180410668850e+09,1.446829737690725204e-01,1.590343176380275541e-03,-4.496903375026835292e-02,-6.767947846597621719e-07
1.697854180307204008e+09,0.000000000000000000e+00,-0.000000000000000000e+00,0.000000000000000000e+00,0.000000000000000000e+00,1.697854180560717344e+09,1.433015673760615893e-01,1.922146675321875471e-03,-4.802800383225877545e-02,-6.767947846597621719e-07
1.697854180608333111e+09,-1.177374647490155013e+02,-1.335669369284360528e+03,8.305827495009983977e+03,0.000000000000000000e+00,1.697854180910710096e+09,1.494007234255313732e-01,3.023970910192928796e-03,-6.719986917325211639e-02,-6.767947846597621719e-07
1.697854180808962107e+09,-2.558500754539774960e+02,-1.447996001425085979e+03,9.163308682634735305e+03,0.000000000000000000e+00,1.697854181856806517e+09,1.504069265072356110e-01,1.752366068433062812e-03,-6.641108458157042593e-02,-6.767947846597621719e-07
1.697854180942836046e+09,-2.929589769121529912e+02,-1.447711157284734782e+03,9.110436202594812130e+03,0.000000000000000000e+00,1.697854181235772848e+09,1.544340313400581477e-01,2.348299254355823602e-03,-6.540257716839337210e-02,-6.767947846597621719e-07
1.697854181110084057e+09,-2.247745591260492688e+02,-1.243633873632383256e+03,7.934141267465071905e+03,0.000000000000000000e+00,1.697854181435683012e+09,1.559806628399866835e-01,1.618494284103333142e-03,-5.995867780165024807e-02,-6.767947846597621719e-07
1.697854181377712011e+09,-1.810588416098213997e+02,-1.359155529143154808e+03,8.377330863273456998e+03,0.000000000000000000e+00,1.697854181585799932e+09,1.594661844787688965e-01,2.446678476809992838e-03,-6.158526252548796737e-02,-6.767947846597621719e-07
1.697854181477966070e+09,-1.577923956723309118e+02,-1.344967818933931994e+03,8.364635229540923319e+03,0.000000000000000000e+00,1.697854181785582781e+09,1.675466970722545856e-01,3.230204323611029441e-03,-7.107084267591672055e-02,1.332320521507668332e-05
1.697854181645218134e+09,-1.747279258565415887e+02,-1.193514685018381215e+03,7.633896457085831571e+03,0.000000000000000000e+00,1.697854181910647392e+09,1.677934577257536031e-01,2.226331823774524953e-03,-7.204837112290836398e-02,1.332320521507668332e-05
1.697854181845968008e+09,-3.165819041891662096e+02,-1.363113809358412254e+03,8.651715843313377263e+03,0.000000000000000000e+00,1.697854182110539436e+09,1.752685203529352753e-01,3.036004366726540761e-03,-7.309041008619665547e-02,1.332320521507668332e-05
1.697854181979717016e+09,-3.010717852182601177e+02,-1.293469981935699479e+03,8.100858458083835103e+03,0.000000000000000000e+00,1.697854182285686255e+09,1.755788666293306988e-01,8.162958870819557195e-04,-7.320790595614387608e-02,1.332320521507668332e-05
1.697854182180471182e+09,-2.976060045663192568e+02,-1.187237500258090677e+03,7.584936202594813039e+03,0.000000000000000000e+00,1.697854182485519648e+09,1.795020524910782289e-01,1.192153030660572655e-05,-7.924725670755082552e-02,-6.767947846597621719e-07
1.697854182347724199e+09,-3.215202382422156688e+02,-1.252525907320088436e+03,7.807334106786430311e+03,0.000000000000000000e+00,1.697854182660563469e+09,1.823790175970806948e-01,1.584336078400547763e-03,-8.343628338521424936e-02,-6.767947846597621719e-07
1.697854182481615067e+09,-3.614741608568203333e+02,-1.246244618767012980e+03,7.849649550898206144e+03,0.000000000000000000e+00,1.697854182810507536e+09,1.831056780473422074e-01,1.612465922290162853e-03,-8.540332069660688807e-02,-6.767947846597621719e-07
1.697854182648726225e+09,-3.431662836293895680e+02,-1.150685513136726286e+03,7.423053617764473529e+03,0.000000000000000000e+00,1.697854182985558748e+09,1.867924862160312560e-01,2.290176052551569537e-03,-8.554366046898964626e-02,-6.767947846597621719e-07
1.697854182883011103e+09,-3.088032479970108852e+02,-1.090254831677945049e+03,6.989770059880243025e+03,0.000000000000000000e+00,1.697854183135643721e+09,1.882022330857194281e-01,2.445597914590246294e-03,-7.984423970641738033e-02,-6.767947846597621719e-07
1.697854183836041212e+09,-2.716130248985738831e+02,-1.220025915285613110e+03,7.566063448103795963e+03,0.000000000000000000e+00,1.697854183335563660e+09,1.920731548973323710e-01,2.703055300163264250e-03,-7.180890774995896120e-02,-6.767947846597621719e-07
1.697854183250860214e+09,-2.054442791428395765e+02,-1.215574868984969953e+03,7.683340818363276412e+03,0.000000000000000000e+00,1.697854183485571861e+09,1.939235489740876728e-01,3.431540813481858548e-03,-6.459307552736333335e-02,-6.767947846597621719e-07
1.697854183384761095e+09,-1.486622935909190630e+02,-1.149209100549077448e+03,7.209258108782439194e+03,0.000000000000000000e+00,1.697854183710553646e+09,1.939026177298446840e-01,3.279643254015814080e-03,-5.575371749269923682e-02,-6.767947846597621719e-07
1.697854183585387230e+09,-8.676419627426837167e+01,-1.198440500347181114e+03,7.543230738522956926e+03,0.000000000000000000e+00,1.697854183835608244e+09,1.927185865177399315e-01,2.655191164652704119e-03,-4.920883541651711185e-02,-6.767947846597621719e-07
1.697854183719262123e+09,-5.005978748178506521e+01,-1.112614849711718762e+03,7.053662500000003092e+03,0.000000000000000000e+00,1.697854184106265783e+09,1.908338318751282292e-01,2.302649379463296217e-03,-3.821859847197919824e-02,-6.767947846597621719e-07
1.697854183919896126e+09,1.338302169410213871e+01,-1.180937726799802249e+03,7.440362799401201300e+03,0.000000000000000000e+00,1.697854184210586309e+09,1.786552801825790071e-01,-8.674184808329008477e-04,-1.903734472343830003e-02,-6.767947846597621719e-07
1.697854184202671289e+09,7.650411342165374151e+01,-1.278167779479607361e+03,8.122597854291419026e+03,0.000000000000000000e+00,1.697854184360618114e+09,1.721069057170929173e-01,-9.285985409918855009e-04,-1.054857038390801839e-02,-6.767947846597621719e-07
1.697854184254394054e+09,2.384630171061232033e+02,-1.277033559692263225e+03,8.145387250499004949e+03,0.000000000000000000e+00,1.697854184560579300e+09,1.646330118301119194e-01,-1.585880427049408438e-03,-8.242655870631318549e-03,-6.767947846597621719e-07
1.697854184455150127e+09,2.716588625946534421e+02,-1.147428998462876052e+03,7.313889595808386730e+03,0.000000000000000000e+00,1.697854184735574961e+09,1.621152735486574015e-01,-1.328911848737330745e-04,-9.712792598796636881e-03,-6.767947846597621719e-07
1.697854184622396231e+09,2.612805893684542298e+02,-1.131920296267434423e+03,7.099251272455093385e+03,0.000000000000000000e+00,1.697854184885615110e+09,1.606748751287741805e-01,1.064585188402606937e-03,-9.162544621582738302e-03,-6.767947846597621719e-07
1.697854184756174088e+09,2.008122740529245789e+02,-9.814400151265042496e+02,6.431829391217566808e+03,0.000000000000000000e+00,1.697854185854879856e+09,1.560937070391707759e-01,6.673001388538147421e-04,-1.050475150489072959e-02,-6.767947846597621719e-07
1.697854184956900120e+09,1.915395677303330615e+02,-1.040488887564472179e+03,6.617275673652696241e+03,0.000000000000000000e+00,1.697854185235728502e+09,1.564096923300859754e-01,1.286559011078850781e-03,-1.026318237665067856e-02,-6.767947846597621719e-07
1.697854185157533169e+09,1.729091942259522341e+02,-1.134832083122340237e+03,7.055263897205592002e+03,0.000000000000000000e+00,1.697854185435692787e+09,1.545493929960476409e-01,2.223487228790685735e-03,-8.418431377231389012e-03,-6.767947846597621719e-07
1.697854185257902145e+09,1.678435486951436530e+02,-1.096739718505817791e+03,6.823480738522956926e+03,0.000000000000000000e+00,1.697854185585613966e+09,1.560876871196713311e-01,5.567143924481739517e-03,-9.296698757812886169e-03,1.332320521507668332e-05
1.697854185492028236e+09,1.907038488374506358e+02,-9.905696024699977897e+02,6.367620908183635947e+03,0.000000000000000000e+00,1.697854185785543442e+09,1.600719639981594555e-01,1.145480308223949598e-02,-2.687047341887378524e-02,-1.467679478484029687e-05
1.697854185692753077e+09,1.677660124899539369e+02,-9.242115353197170862e+02,6.126341816367268621e+03,0.000000000000000000e+00,1.697854185935573578e+09,1.595760479874600013e-01,1.168920463620973758e-02,-2.708601720052334835e-02,-6.767947846597621719e-07
1.697854185860003233e+09,7.675789711640400981e+01,-1.091882037949127607e+03,7.028785878243515981e+03,0.000000000000000000e+00,1.697854186110639572e+09,1.646019971464869336e-01,1.330514895058481327e-02,-2.936587472109345245e-02,1.332320521507668332e-05
1.697854186272531271e+09,1.127782656286467500e+02,-1.085122943204847161e+03,6.892772554890221727e+03,0.000000000000000000e+00,1.697854186285493374e+09,1.654798525020151345e-01,1.288994620859583093e-02,-3.843325355125553483e-02,-6.767947846597621719e-07
1.697854186161128044e+09,1.037426240911960349e+02,-8.836608601023070833e+02,5.894328143712577003e+03,0.000000000000000000e+00,1.697854186460455179e+09,1.671457372715913769e-01,1.208520301083696770e-02,-4.492919952545038759e-02,-6.767947846597621719e-07
1.697854186361758232e+09,3.096061343015797007e+01,-1.087963264231962739e+03,6.890773702594812676e+03,0.000000000000000000e+00,1.697854186660558224e+09,1.750783208151894810e-01,1.286317686311694297e-02,-5.123214561989963139e-02,-6.767947846597621719e-07
1.697854186529007196e+09,0.000000000000000000e+00,-0.000000000000000000e+00,0.000000000000000000e+00,0.000000000000000000e+00,1.697854186760499954e+09,1.759563960219094891e-01,1.158371548956711738e-02,-5.244112468743961780e-02,-6.767947846597621719e-07
1.697854186729760170e+09,-2.472129947498138591e+01,-1.020205115891688024e+03,6.616310329341319630e+03,0.000000000000000000e+00,1.697854187106002092e+09,1.754288482375792046e-01,9.572352480722421189e-03,-5.460940123443705496e-02,-6.767947846597621719e-07
1.697854187307631254e+09,-1.300347281451691472e+01,-8.144686442680798564e+02,5.559050723552896670e+03,0.000000000000000000e+00,1.697854187360540628e+09,1.802998216019600086e-01,8.773370804169790607e-03,-5.395905738113414979e-02,-6.767947846597621719e-07
1.697854187231514215e+09,-6.633488835705944275e+00,-7.918500641721891498e+02,5.455329341317366925e+03,0.000000000000000000e+00,1.697854187535556555e+09,1.828233992782000716e-01,8.148330489772181648e-03,-5.079836690323198678e-02,-6.767947846597621719e-07
1.697854187432140112e+09,7.704813363120034175e+00,-7.876324736770651498e+02,5.442477020958084722e+03,0.000000000000000000e+00,1.697854187685534000e+09,1.818909242592806341e-01,5.977168668403861490e-03,-4.928187344165664563e-02,-6.767947846597621719e-07
1.697854187532518148e+09,1.646462797073937878e+01,-8.133066537546433210e+02,5.546378642714572379e+03,0.000000000000000000e+00,1.697854187885629892e+09,1.810157416988089629e-01,4.906032304849653608e-03,-4.857065250965720421e-02,-6.767947846597621719e-07
1.697854187766655207e+09,1.234851169763261858e+01,-8.338725489088648146e+02,5.586805538922156302e+03,0.000000000000000000e+00,1.697854188356613159e+09,1.823841803822266461e-01,5.551593499533854018e-03,-4.890784123445780091e-02,-6.767947846597621719e-07
1.697854187933894157e+09,-2.100767256381350734e+01,-9.311801634426866485e+02,6.009592814371259919e+03,0.000000000000000000e+00,1.697854188210664272e+09,1.814341385709919985e-01,5.955984441138498231e-03,-4.545468358065504061e-02,-6.767947846597621719e-07
1.697854188134647131e+09,-2.272474213864463977e+01,-9.303279078940204272e+02,5.993540943113774119e+03,0.000000000000000000e+00,1.697854188385736942e+09,1.810619964397729709e-01,3.863661986367071359e-03,-4.111623651594464163e-02,-6.767947846597621719e-07
1.697854188301896095e+09,1.471116117323551364e+01,-7.508220588135823164e+02,5.199131836327346718e+03,0.000000000000000000e+00,1.697854188560645819e+09,1.769218325391606339e-01,2.156734056924528020e-03,-3.648054162941375550e-02,-6.767947846597621719e-07
1.697854188435672045e+09,5.774077574819376935e+01,-8.908256624577907132e+02,5.758348253493016273e+03,0.000000000000000000e+00,1.697854188760664463e+09,1.776317717834374754e-01,3.589791312363831144e-03,-3.699301362283891059e-02,-6.767947846597621719e-07
1.697854188636402130e+09,8.948280708898020919e+01,-9.255742871043509012e+02,5.828905139720562147e+03,0.000000000000000000e+00,1.697854188910661459e+09,1.748333687716862872e-01,1.745034702836475559e-03,-3.355170545616747990e-02,-6.767947846597621719e-07
1.697854188803652048e+09,7.858109414011327942e+01,-8.129015881820847653e+02,5.343808857285431259e+03,0.000000000000000000e+00,1.697854189605834007e+09,1.708195229250732972e-01,1.538912228753580233e-03,-2.774600665982551381e-02,-6.767947846597621719e-07
1.697854188937405109e+09,9.591396848257357988e+01,-7.807106291392539106e+02,5.194473378243515072e+03,0.000000000000000000e+00,1.697854189260587215e+09,1.707562063689609944e-01,2.255695490940588365e-03,-2.063989705761922963e-02,-6.767947846597621719e-07
1.697854189138161182e+09,1.784638069819521036e+02,-9.342009438615416457e+02,5.931190893213574782e+03,0.000000000000000000e+00,1.697854189410637856e+09,1.719400809372803873e-01,3.000527719947343290e-03,-1.858187350117410097e-02,-6.767947846597621719e-07
1.697854189305407047e+09,2.336529608308842398e+02,-9.903959016277833598e+02,6.234710054890221727e+03,0.000000000000000000e+00,1.697854189610666513e+09,1.705207484679370777e-01,1.999221594096683118e-03,-1.646481040556952227e-02,-6.767947846597621719e-07
1.697854189506191015e+09,2.454807284066500017e+02,-9.493075858500881168e+02,5.988787899201597611e+03,0.000000000000000000e+00,1.697854189810626745e+09,1.682440878785999294e-01,1.962248163613251190e-03,-1.735775301263945553e-02,-6.767947846597621719e-07
1.697854189673455238e+09,1.872933303664289042e+02,-7.235568295828977625e+02,4.984035229540920227e+03,0.000000000000000000e+00,1.697854189960677385e+09,1.698252260751798581e-01,1.977178695071462201e-03,-1.950218920484099103e-02,-6.767947846597621719e-07
1.697854189807166100e+09,1.880749588481385217e+02,-7.221851467874687387e+02,4.996917115768465010e+03,0.000000000000000000e+00,1.697854190110561371e+09,1.740397410391227584e-01,7.826628583153269567e-04,-1.613421504076184912e-02,-6.767947846597621719e-07
1.697854190413171291e+09,1.857441939817737193e+02,-7.127049958484403760e+02,4.953250249500999416e+03,0.000000000000000000e+00,1.697854190285613060e+09,1.789684438346718365e-01,5.490298846034659223e-04,-1.367343608918162451e-02,1.332320521507668332e-05
1.697854190175196171e+09,2.660714937231520594e+02,-8.867433670474428027e+02,5.673456062874252893e+03,0.000000000000000000e+00,1.697854190485533953e+09,1.803979195330996932e-01,-9.427268665682122205e-04,-1.460234475214891407e-02,-6.767947846597621719e-07
1.697854190308946133e+09,3.123494806361100586e+02,-9.522149368110118530e+02,5.988481886227547875e+03,0.000000000000000000e+00,1.697854190660573483e+09,1.849407220740052205e-01,-6.984007285011297091e-04,-1.453920726925240527e-02,-6.767947846597621719e-07
1.697854190543043137e+09,2.303224163660416934e+02,-7.107428727863945142e+02,4.920695883233534914e+03,0.000000000000000000e+00,1.697854190835586786e+09,1.851008744385642668e-01,-1.564065628701150068e-03,-1.525644690304993681e-02,-6.767947846597621719e-07
1.697854190676955223e+09,2.358176418803606964e+02,-7.028791889550005862e+02,4.916307734530940252e+03,0.000000000000000000e+00,1.697854191105716944e+09,1.854594370825608796e-01,-1.259218137073586739e-03,-1.648439451596408686e-02,-6.767947846597621719e-07
1.697854190911076069e+09,2.208445266442996626e+02,-6.989250576794015615e+02,4.905631037924153134e+03,0.000000000000000000e+00,1.697854191185550213e+09,1.847597026938824216e-01,-1.804281273661806784e-03,-1.816170550058936531e-02,-6.767947846597621719e-07
1.697854191447961092e+09,2.133726508519297056e+02,-8.055632229671533651e+02,5.353743488023953432e+03,0.000000000000000000e+00,1.697854191335561752e+09,1.859289714758779188e-01,-1.959916905571196504e-03,-1.924272051615655635e-02,-6.767947846597621719e-07
1.697854191245549202e+09,1.883428345875859407e+02,-9.385085006728775170e+02,5.914168962075849777e+03,0.000000000000000000e+00,1.697854191535505056e+09,1.842517874882885487e-01,-1.350417020104685301e-03,-1.866797483202987593e-02,-6.767947846597621719e-07
1.697854191412805080e+09,1.601753284931259884e+02,-9.188098398747281408e+02,5.783937300399205014e+03,0.000000000000000000e+00,1.697854191660536766e+09,1.833273441523712299e-01,-1.770875042063683579e-03,-1.955134285253522231e-02,-6.767947846597621719e-07
1.697854191580052137e+09,1.452484281592709294e+02,-8.713220255755206836e+02,5.589779266467068737e+03,0.000000000000000000e+00,1.697854191860616207e+09,1.851935872241019521e-01,-9.072277802261133513e-04,-2.143740335571500330e-02,-6.767947846597621719e-07
1.697854191747305155e+09,1.301349365886433702e+02,-6.514885387825655698e+02,4.627860978043914656e+03,0.000000000000000000e+00,1.697854192605688810e+09,1.850142395241499149e-01,-1.419554312750077527e-03,-2.405776858708242802e-02,-6.767947846597621719e-07
1.697854191914556026e+09,1.221545606556730803e+02,-6.156784055804168929e+02,4.479296257485031674e+03,0.000000000000000000e+00,1.697854192210440159e+09,1.814351592137557478e-01,8.198321080051494680e-05,-3.008763618320510827e-02,-6.767947846597621719e-07
1.697854192818131208e+09,1.113515069933911406e+02,-6.057158139580594707e+02,4.412822455089822142e+03,0.000000000000000000e+00,1.697854192385455847e+09,1.808193935947130238e-01,-1.217534727634235134e-05,-3.793733532183738572e-02,-6.767947846597621719e-07
1.697854192315934181e+09,7.584639279866709671e+01,-8.004653079283034458e+02,5.185081936127746303e+03,0.000000000000000000e+00,1.697854192535593271e+09,1.792875339894983155e-01,9.124907430019693708e-04,-4.231627855168292041e-02,-6.767947846597621719e-07
1.697854192449811220e+09,6.273709212734932095e+01,-8.375125525390118355e+02,5.348005264471059490e+03,0.000000000000000000e+00,1.697854192735594988e+09,1.747887250802373782e-01,1.347437726606833669e-04,-4.883174681930478600e-02,-6.767947846597621719e-07
1.697854192817688227e+09,0.000000000000000000e+00,0.000000000000000000e+00,0.000000000000000000e+00,0.000000000000000000e+00,1.697854193855717659e+09,1.715521581579838861e-01,1.511046593363397526e-03,-5.799221955569710402e-02,-6.767947846597621719e-07
1.697854193185443163e+09,-1.378716633606909454e+03,-2.143004386300528950e+02,1.718241666666667243e+03,0.000000000000000000e+00,1.697854193435546875e+09,1.733893129890813345e-01,1.657422222188113803e-03,-5.958207999662895604e-02,-1.467679478484029687e-05
1.697854193352948189e+09,0.000000000000000000e+00,0.000000000000000000e+00,0.000000000000000000e+00,0.000000000000000000e+00,1.697854193585539341e+09,1.788795170415259372e-01,-1.833879136546020649e-03,-4.588237323826611230e-02,-6.767947846597621719e-07
1.697854193520199060e+09,-1.014063872116522802e+01,-5.707636422720796645e+02,4.182137949101797858e+03,0.000000000000000000e+00,1.697854193785605669e+09,2.013327299989999819e-01,-4.341840220064677874e-03,-2.392431425106206558e-02,1.332320521507668332e-05
1.697854193687449217e+09,1.363705995366668446e+02,-9.063761167596360337e+02,5.893353992015970107e+03,0.000000000000000000e+00,1.697854193960662603e+09,2.256869006541128986e-01,-5.936431845361788209e-03,-2.150137139243553028e-02,-6.767947846597621719e-07
1.697854193821199179e+09,2.795029180221516754e+02,-1.063321960282178452e+03,7.012104815369263633e+03,0.000000000000000000e+00,1.697854194110656738e+09,2.454619938747769625e-01,-5.774903545645890951e-03,-3.053974977665208437e-02,-1.467679478484029687e-05
1.697854194219501257e+09,2.196838950225288727e+02,-8.904008533771320799e+02,5.614789720558884255e+03,0.000000000000000000e+00,1.697854194260597944e+09,2.582409413550793564e-01,-5.801709232167232867e-03,-3.435362247413465547e-02,1.332320521507668332e-05
1.697854194189202070e+09,8.278433117701618471e+01,-5.809936118349137359e+02,4.236512899201597975e+03,0.000000000000000000e+00,1.697854194460545063e+09,2.768488085615228300e-01,-5.366863771415487407e-03,-4.222836077922632880e-02,-6.767947846597621719e-07
1.697854194356453180e+09,3.206676615789102414e+01,-7.981955818447137290e+02,5.141950898203594988e+03,0.000000000000000000e+00,1.697854194610634565e+09,2.880506790886024904e-01,-3.237897269955347136e-03,-4.804389469491718301e-02,-6.767947846597621719e-07
1.697854194490201235e+09,1.450999433004802874e+01,-7.868838316817733585e+02,5.081467864271458893e+03,0.000000000000000000e+00,1.697854194835625172e+09,3.028813754156997051e-01,-2.893884420685188287e-03,-5.151050767868207980e-02,-6.767947846597621719e-07
1.697854194690957069e+09,-2.462537376380862142e+01,-7.948079313228475939e+02,5.181557584830341511e+03,0.000000000000000000e+00,1.697854194985599756e+09,3.091255491785434018e-01,-2.567218491679149235e-03,-4.960073408676796136e-02,-6.767947846597621719e-07
1.697854194858342171e+09,3.850108319484399022e+00,-5.504406809964285685e+02,4.039838173652696241e+03,0.000000000000000000e+00,1.697854195135690689e+09,3.148033457053374673e-01,-1.213058918580985947e-03,-5.207289113161453487e-02,-6.767947846597621719e-07
1.697854195588341236e+09,1.090945770530213998e+01,-5.401481451743783282e+02,4.009079590818365432e+03,0.000000000000000000e+00,1.697854195285605669e+09,3.210567866321619723e-01,-1.695028505648912831e-03,-5.404105052484287769e-02,-6.767947846597621719e-07
1.697854195226083040e+09,6.565756002161461380e-01,-5.485090091582152354e+02,4.060319036926148783e+03,0.000000000000000000e+00,1.697854195485696793e+09,3.223076836347938401e-01,-1.381338120596532076e-03,-5.668659203645456252e-02,-6.767947846597621719e-07
1.697854195460374117e+09,-1.196804735701633682e+01,-5.446654284075682426e+02,4.043045134730540667e+03,0.000000000000000000e+00,1.697854195685620785e+09,3.266200927257145725e-01,-8.130583350271034654e-04,-6.135506161933375335e-02,-6.767947846597621719e-07
1.697854195560586214e+09,-1.905436017555255290e+01,-5.472122316235463586e+02,4.030233732534931733e+03,0.000000000000000000e+00,1.697854195835654497e+09,3.296555397301179635e-01,-5.314103377268980521e-04,-6.522584461278943535e-02,-6.767947846597621719e-07
1.697854195727839231e+09,-4.351134730202763734e+01,-5.776186072460938021e+02,4.158111002994013688e+03,0.000000000000000000e+00,1.697854196105253696e+09,3.288085928845472239e-01,-3.689205901815269251e-04,-6.792451767315871303e-02,1.332320521507668332e-05
1.697854195861714125e+09,-5.229601881372060745e+01,-5.457564853662565838e+02,4.003425848303395469e+03,0.000000000000000000e+00,1.697854196210535526e+09,3.293162636141574451e-01,-1.159935096186980215e-03,-6.714391081783036008e-02,-6.767947846597621719e-07
1.697854196958781242e+09,-9.135569201045142051e+01,-6.499791544996746779e+02,4.462025823353294072e+03,0.000000000000000000e+00,1.697854196360562325e+09,3.324515562857373596e-01,-5.675500257163509227e-04,-6.307664590264434878e-02,-6.767947846597621719e-07
1.697854196296624184e+09,-5.738167408059634056e+01,-5.260524428746830381e+02,3.951526072854292579e+03,0.000000000000000000e+00,1.697854196585562944e+09,3.302557179639053486e-01,-2.554006071764531975e-03,-5.866743765178802916e-02,-6.767947846597621719e-07
1.697854196463874102e+09,-2.171737675633344367e+01,-6.469719046968766634e+02,4.423398128742516747e+03,0.000000000000000000e+00,1.697854196735532999e+09,3.316261690636391757e-01,-2.290086726801329828e-03,-5.905086245252686578e-02,-6.767947846597621719e-07
1.697854196631129026e+09,1.512773491604977316e+00,-7.614748495435568429e+02,4.909845558882238038e+03,0.000000000000000000e+00,1.697854196885584354e+09,3.308703071131536833e-01,-3.115962099274266657e-03,-5.271298991393340988e-02,-6.767947846597621719e-07
1.697854196798379183e+09,-2.435493618631318213e+01,-5.374088735475161229e+02,3.990463572854293034e+03,0.000000000000000000e+00,1.697854197605116606e+09,3.305723120492228273e-01,-4.415576178795939041e-03,-4.716872426501779458e-02,-6.767947846597621719e-07
1.697854196965629101e+09,3.995918392622340320e+01,-7.435773224115641824e+02,4.837053967065869983e+03,0.000000000000000000e+00,1.697854197260530233e+09,3.281063903209803789e-01,-4.453543740821571534e-03,-4.489066274796280759e-02,-6.767947846597621719e-07
1.697854197132881165e+09,6.561701751148427775e+01,-7.739505528386457627e+02,4.998524176646707929e+03,0.000000000000000000e+00,1.697854197410665512e+09,3.294378382393484128e-01,-4.007602473362646689e-03,-4.291090181842338591e-02,-6.767947846597621719e-07
1.697854197333505154e+09,2.962335511108153341e+01,-5.427093462904098260e+02,4.031220733532935810e+03,0.000000000000000000e+00,1.697854197610653162e+09,3.301479697663285418e-01,-4.203220117817480297e-03,-4.248686340418389440e-02,-6.767947846597621719e-07
1.697854197500729084e+09,3.871628488768857324e+01,-5.349929294219092526e+02,3.979864021956089346e+03,0.000000000000000000e+00,1.697854197760541201e+09,3.291955699435826777e-01,-4.568673996916228913e-03,-4.188353402352703453e-02,-6.767947846597621719e-07
1.697854197634610176e+09,4.584354285790442418e+01,-5.491611050175481523e+02,4.018960404191618636e+03,0.000000000000000000e+00,1.697854197960606337e+09,3.285906956412537605e-01,-5.479505812168449647e-03,-4.100784459457474523e-02,-6.767947846597621719e-07
1.697854197868733168e+09,9.736927603992920410e+01,-6.784778274065793084e+02,4.573496032934133837e+03,0.000000000000000000e+00,1.697854198110580683e+09,3.278191110927417551e-01,-5.133546229875291661e-03,-4.121123545976970032e-02,-6.767947846597621719e-07
1.697854198359851122e+09,1.077664529847209138e+02,-6.555765548179575717e+02,4.534265244510979755e+03,0.000000000000000000e+00,1.697854198310520649e+09,3.271902093041011428e-01,-5.025329695803652796e-03,-4.081848411987930303e-02,-6.767947846597621719e-07
1.697854198136360168e+09,8.058323412215858639e+01,-5.398940858771305784e+02,3.986819510978046310e+03,0.000000000000000000e+00,1.697854198435653448e+09,3.279307343194830526e-01,-5.946969235469924675e-03,-4.093755409868504030e-02,-6.767947846597621719e-07
1.697854198370509148e+09,7.938078360757228324e+01,-5.119330681038347279e+02,3.915314146706588417e+03,0.000000000000000000e+00,1.697854198610556602e+09,3.252430470180124322e-01,-6.540502170661574403e-03,-3.828924287834470364e-02,-6.767947846597621719e-07
1.697854198571251154e+09,6.617998054839279121e+01,-5.241893986724056731e+02,3.968743088822357095e+03,0.000000000000000000e+00,1.697854198810558319e+09,3.244167145284602150e-01,-6.787025103634962073e-03,-4.073906722808980085e-02,-6.767947846597621719e-07
1.697854198738492012e+09,5.012745478566485247e+01,-5.667412312574217594e+02,4.083757584830341330e+03,0.000000000000000000e+00,1.697854198960567474e+09,3.269862320238632325e-01,-6.237344005356033894e-03,-4.279724784155801431e-02,-6.767947846597621719e-07
1.697854198905744076e+09,-1.932323230463437369e+01,-8.756099868410045701e+02,5.328217390219562731e+03,0.000000000000000000e+00,1.697854199135586739e+09,3.270477339038815878e-01,-6.769460673773693669e-03,-3.846766708631775555e-02,-6.767947846597621719e-07
1.697854199394961119e+09,1.628331166920777306e+01,-5.451341893637617204e+02,3.907501871257486982e+03,0.000000000000000000e+00,1.697854199335494757e+09,3.280987704272676497e-01,-7.793258718695918706e-03,-3.681961610590380601e-02,1.332320521507668332e-05
1.697854199240248203e+09,4.522869556404550906e+01,-4.648115214291170787e+02,3.678605064870261231e+03,0.000000000000000000e+00,1.697854199485568523e+09,3.284160598528214070e-01,-7.889051830144339778e-03,-3.859902011249607967e-02,1.332320521507668332e-05
1.697854199374000072e+09,4.462647337992602559e+01,-4.679440927246982369e+02,3.626123902195609844e+03,0.000000000000000000e+00,1.697854199635536432e+09,3.292131924752492167e-01,-7.390003829060086231e-03,-3.759109165015125237e-02,-6.767947846597621719e-07
1.697854199541256189e+09,4.703606394995231454e+01,-4.511809096976906517e+02,3.570536027944113812e+03,0.000000000000000000e+00,1.697854199785506487e+09,3.278117373416068459e-01,-8.479695797002778646e-03,-3.524184563300688383e-02,-6.767947846597621719e-07
1.697854199742004156e+09,1.447620927636923227e+02,-7.347814847152611719e+02,4.640458907185629869e+03,0.000000000000000000e+00,1.697854199985565424e+09,3.242403298885860319e-01,-8.882495256896875968e-03,-2.646508408955089778e-02,-6.767947846597621719e-07
1.697854199875749111e+09,2.240761650048148113e+02,-8.450862749021475793e+02,5.132765768463075801e+03,0.000000000000000000e+00,1.697854200135629654e+09,3.255997042120099549e-01,-8.690713666155465075e-03,-2.371667893712750552e-02,-6.767947846597621719e-07
1.697854200430101156e+09,2.780795707310303442e+02,-8.895201152473556476e+02,5.294153867265471490e+03,0.000000000000000000e+00,1.697854200310706377e+09,3.204630951536863726e-01,-9.793198739776052403e-03,-2.057648258602221350e-02,-6.767947846597621719e-07
1.697854200243752003e+09,2.640976899839574230e+02,-7.291541426031942592e+02,4.654975349301398637e+03,0.000000000000000000e+00,1.697854200485566378e+09,3.192599824212516424e-01,-9.842295764014652795e-03,-1.954417039264571415e-02,-6.767947846597621719e-07
1.697854200377508163e+09,1.402250801668448332e+02,-3.780534846458038487e+02,3.226389970059881307e+03,0.000000000000000000e+00,1.697854200635651112e+09,3.170198486146430517e-01,-9.533475332318304407e-03,-1.856438696403560351e-02,-6.767947846597621719e-07
1.697854200511286020e+09,1.272392475376275343e+02,-3.596751229691709568e+02,3.098333333333333940e+03,0.000000000000000000e+00,1.697854200785569191e+09,3.170574737179995273e-01,-8.950305821412696955e-03,-1.895936891714151279e-02,-6.767947846597621719e-07
1.697854200745510101e+09,1.324697123507129675e+02,-6.034145386491615000e+02,4.015509156686629012e+03,0.000000000000000000e+00,1.697854200960571766e+09,3.177952226362524280e-01,-8.665122750181223493e-03,-1.712918895696042068e-02,-6.767947846597621719e-07
1.697854200879277229e+09,1.601560579040159951e+02,-3.451792434696913574e+02,3.123910703592815480e+03,0.000000000000000000e+00,1.697854201135605574e+09,3.150003158874404852e-01,-8.882155145575252458e-03,-1.901655912560583014e-02,-6.767947846597621719e-07
1.697854201800121307e+09,1.990522784853986025e+02,-3.558092983630455137e+02,3.026919910179642102e+03,0.000000000000000000e+00,1.697854201310641289e+09,3.162589738235208059e-01,-7.283518628925596608e-03,-1.890514086326310420e-02,-6.767947846597621719e-07
1.697854201247264147e+09,3.038488154217704391e+02,-4.984643661783605353e+02,3.446745009980041687e+03,0.000000000000000000e+00,1.697854201460650682e+09,3.147470223865253547e-01,-7.341960976263986992e-03,-2.112705217002336031e-02,-6.767947846597621719e-07
1.697854201381031036e+09,4.922943575763968624e+02,-6.876691165188250352e+02,4.105224575848305903e+03,0.000000000000000000e+00,1.697854201660533190e+09,3.139941078726637969e-01,-7.907561789292369761e-03,-2.240010908120233790e-02,-6.767947846597621719e-07
1.697854201548266172e+09,5.198971429895059373e+02,-5.823875312025056701e+02,3.766343138722557342e+03,0.000000000000000000e+00,1.697854201835566044e+09,3.152288479327294834e-01,-6.955363013937581121e-03,-2.570764659001185601e-02,-6.767947846597621719e-07
1.697854201648658037e+09,5.318795173676504646e+02,-5.561793532036309671e+02,3.599628567864273919e+03,0.000000000000000000e+00,1.697854201985568047e+09,3.144671199186017119e-01,-7.057295941362447950e-03,-2.841616841623919448e-02,-6.767947846597621719e-07
1.697854201882766008e+09,5.184692425395688815e+02,-4.987414469498551739e+02,3.257695459081838180e+03,0.000000000000000000e+00,1.697854202185545921e+09,3.144889198457896384e-01,-5.223126118613891089e-03,-3.187222894447269694e-02,-6.767947846597621719e-07
1.697854202500181198e+09,3.648877003121348821e+02,-2.920293547339837801e+02,2.541178243512975314e+03,0.000000000000000000e+00,1.697854202335622787e+09,3.152040685540293818e-01,-4.796507723381061850e-03,-3.737013491941593157e-02,-6.767947846597621719e-07
1.697854202183771133e+09,3.646545102641443918e+02,-2.804594983402214439e+02,2.503736477045909396e+03,0.000000000000000000e+00,1.697854202535556316e+09,3.125616000809717798e-01,-4.044049911575542562e-03,-3.624379487168007119e-02,-6.767947846597621719e-07
1.697854202418052197e+09,3.612950819620505740e+02,-2.782208461554059795e+02,2.533372929141717577e+03,0.000000000000000000e+00,1.697854202685540438e+09,3.128829159431060214e-01,-4.194825166762128528e-03,-3.912603756344520956e-02,-6.767947846597621719e-07
1.697854202551803112e+09,3.584632421866976983e+02,-2.481244198720482359e+02,2.493802495009981158e+03,0.000000000000000000e+00,1.697854202860652208e+09,3.070246911821626346e-01,-3.636715629099874190e-03,-4.163397809910456687e-02,-6.767947846597621719e-07
1.697854202785901070e+09,3.372581047840468500e+02,-2.748431256735196371e+02,2.492124600798404572e+03,0.000000000000000000e+00,1.697854203606311798e+09,3.077115049904105004e-01,-3.604438275130443341e-03,-4.075608213039610961e-02,-6.767947846597621719e-07
1.697854202919776201e+09,3.848691493882681129e+02,-5.367623324645311413e+02,3.284026996007985417e+03,0.000000000000000000e+00,1.697854203235594749e+09,3.040867139370342365e-01,-3.730505026483758174e-03,-4.203821080394191251e-02,-6.767947846597621719e-07
1.697854203153934002e+09,3.250399414323568976e+02,-2.260590838191022272e+02,2.354420109780440271e+03,0.000000000000000000e+00,1.697854203410631180e+09,3.022345828744837370e-01,-4.249266038326441654e-03,-4.514499082722103068e-02,-6.767947846597621719e-07
1.697854203287694216e+09,2.985719949266920707e+02,-1.892211792223664304e+02,2.155039371257485982e+03,0.000000000000000000e+00,1.697854203560579062e+09,3.022761715044007813e-01,-4.425379825722901631e-03,-4.733965635864188087e-02,-6.767947846597621719e-07
1.697854203388060093e+09,3.013064253697400545e+02,-1.743104226205643386e+02,2.134760404191617909e+03,0.000000000000000000e+00,1.697854203760573626e+09,2.969725855626203503e-01,-5.351088278977319049e-03,-4.598104695339814280e-02,-6.767947846597621719e-07
1.697854203622187138e+09,4.323864414935035825e+02,-3.134465571270583837e+02,2.498200898203594079e+03,0.000000000000000000e+00,1.697854203910551548e+09,2.972540515534703442e-01,-4.797779860181700454e-03,-4.613559784006847353e-02,-6.767947846597621719e-07
1.697854203789441109e+09,4.564524144498758460e+02,-3.245075752667747224e+02,2.472420808383234544e+03,0.000000000000000000e+00,1.697854204606107950e+09,2.934199066787687715e-01,-6.593535036424923168e-03,-4.540712086527620706e-02,-6.767947846597621719e-07
1.697854203956691027e+09,4.150833514124847170e+02,-2.675103875822170494e+02,2.232663223552895033e+03,0.000000000000000000e+00,1.697854204235634804e+09,2.941629240043213689e-01,-6.577667784836687542e-03,-4.515341649606279678e-02,-6.767947846597621719e-07
1.697854204123944044e+09,3.004728432627495067e+02,-1.369070963864068631e+02,1.791150000000000773e+03,0.000000000000000000e+00,1.697854204435687304e+09,2.942341848404472215e-01,-5.847895343513149005e-03,-4.712779361618476409e-02,-6.767947846597621719e-07
1.697854204324753046e+09,2.900320444959498900e+02,-1.400036351279276232e+02,1.784118912175649712e+03,0.000000000000000000e+00,1.697854204585614920e+09,2.937527420457524685e-01,-6.600027691681754037e-03,-4.846953661367477822e-02,-6.767947846597621719e-07
1.697854204458413124e+09,2.812501223469350862e+02,-1.423896452382188613e+02,1.789221906187626018e+03,0.000000000000000000e+00,1.697854204785728931e+09,2.953644452358193395e-01,-6.044019143709868959e-03,-5.245636677537676013e-02,-6.767947846597621719e-07
1.697854204659167051e+09,2.663565283568357245e+02,-1.434372740280450387e+02,1.772912974051897208e+03,0.000000000000000000e+00,1.697854204935640097e+09,2.959355474117589813e-01,-4.971707044519912619e-03,-5.684748565023337030e-02,-6.767947846597621719e-07
1.697854204826438189e+09,2.547222508585919911e+02,-1.279229833543799089e+02,1.733066042914172613e+03,0.000000000000000000e+00,1.697854205135595560e+09,2.994055554176489053e-01,-2.849192106397183122e-03,-6.864705360480008456e-02,-6.767947846597621719e-07
1.697854204960170031e+09,2.544162678122024204e+02,-1.419374702674981847e+02,1.778660079840320350e+03,0.000000000000000000e+00,1.697854205260594845e+09,2.965084473588716629e-01,-3.405522769488036026e-03,-7.490895084501353329e-02,-6.767947846597621719e-07
1.697854205160919189e+09,2.319847293037043130e+02,-1.167999714038438981e+02,1.719242564870260594e+03,0.000000000000000000e+00,1.697854205485654593e+09,2.979011290846764748e-01,-2.248950826249902259e-03,-8.562533256807440540e-02,-6.767947846597621719e-07
1.697854205361675024e+09,2.248178879566988542e+02,-1.391078816112283789e+02,1.783927395209581846e+03,0.000000000000000000e+00,1.697854205635633945e+09,2.958975906914793064e-01,-1.436133167512917627e-03,-9.527487184597742409e-02,-6.767947846597621719e-07
1.697854205461924076e+09,2.168438325501825830e+02,-1.214420819858262632e+02,1.725574700598803247e+03,0.000000000000000000e+00,1.697854205835781097e+09,2.957174928728117380e-01,-1.938121254756695888e-04,-1.091852188720073280e-01,-6.767947846597621719e-07
1.697854205696179152e+09,1.962061800884297327e+02,-1.391864952442915353e+02,1.763356736526947088e+03,0.000000000000000000e+00,1.697854205985890627e+09,2.942150584036668515e-01,1.058159512102901240e-03,-1.165105911946480027e-01,-6.767947846597621719e-07
1.697854205863426208e+09,1.790452125097951921e+02,-1.377578003529210946e+02,1.770030414171657640e+03,0.000000000000000000e+00,1.697854206185768366e+09,2.959927303613252292e-01,2.636058840311952117e-03,-1.226081404840375783e-01,-6.767947846597621719e-07
1.697854206640541315e+09,1.597168087564691064e+02,-1.734458726567171709e+02,1.942675424151697598e+03,0.000000000000000000e+00,1.697854206360825300e+09,2.949758049084360012e-01,2.258461372637503989e-03,-1.173631507800949325e-01,-6.767947846597621719e-07
1.697854206197934151e+09,1.515395635308339308e+02,-1.277802725851631180e+02,1.736256037924152679e+03,0.000000000000000000e+00,1.697854206535793066e+09,2.978888906121258673e-01,3.164077451282443221e-03,-1.185988233362970795e-01,1.332320521507668332e-05
1.697854206398559093e+09,1.579228166149547974e+02,-1.249179478782967863e+02,1.730462949101797449e+03,0.000000000000000000e+00,1.697854206660829544e+09,3.005213243412843682e-01,4.259258494443706605e-03,-1.234357752191367341e-01,1.332320521507668332e-05
1.697854206565810204e+09,1.533561319361627966e+02,-1.263735786310044631e+02,1.719488622754491871e+03,0.000000000000000000e+00,1.697854206885737419e+09,3.043700356675961283e-01,5.239687628935304695e-03,-1.275040325105447903e-01,1.332320521507668332e-05
1.697854206699687004e+09,1.392337507471563924e+02,-1.350333332254421634e+02,1.726687974051897527e+03,0.000000000000000000e+00,1.697854207358332872e+09,3.048056541599716840e-01,4.209151134720520715e-03,-1.298495047049439688e-01,-6.767947846597621719e-07
1.697854206900312185e+09,8.454614745296839828e+01,-1.598414552104129598e+02,1.856807085828344498e+03,0.000000000000000000e+00,1.697854207235739708e+09,3.107255430158986087e-01,5.676153735517237148e-03,-1.336339877523133879e-01,-6.767947846597621719e-07
1.697854207101101160e+09,-1.022759025118126885e+02,-6.914985478093007032e+02,3.523627095808384638e+03,0.000000000000000000e+00,1.697854207385828495e+09,3.107997928598767445e-01,5.040418896670957605e-03,-1.360712803677681937e-01,-6.767947846597621719e-07
1.697854207234815121e+09,-4.246130284226485401e+02,-8.434311612671325520e+02,5.041230988023955433e+03,0.000000000000000000e+00,1.697854207560805321e+09,3.143813232913755806e-01,5.927264410680555332e-03,-1.377010481807806330e-01,-6.767947846597621719e-07
1.697854207435566187e+09,-6.362793412364814003e+02,-6.999395285305431571e+02,4.256165019960080826e+03,0.000000000000000000e+00,1.697854207735739946e+09,3.127087837919232394e-01,4.866239713905210623e-03,-1.361607189904763537e-01,-6.767947846597621719e-07
1.697854207602817059e+09,-5.597853811338834475e+02,-5.388067072960034238e+02,2.959907534930141082e+03,0.000000000000000000e+00,1.697854207935779095e+09,3.141588400012570448e-01,5.649949953821786774e-03,-1.314906659249328313e-01,-6.767947846597621719e-07
1.697854207836945057e+09,-5.880405110485293108e+02,-4.171115545222299943e+02,2.732088473053892812e+03,0.000000000000000000e+00,1.697854208857373238e+09,3.176639002365903020e-01,7.703339472020828693e-03,-1.315071099273632804e-01,-6.767947846597621719e-07
1.697854207970700026e+09,-5.801570655209364986e+02,-4.126481492796553425e+02,2.615211676646707474e+03,0.000000000000000000e+00,1.697854208285658836e+09,3.180538831298939106e-01,8.553776460724483652e-03,-1.375738834989743697e-01,-6.767947846597621719e-07
1.697854208171450138e+09,-3.560939252768837946e+02,-1.425071314023899163e+02,1.923146956087825629e+03,0.000000000000000000e+00,1.697854208435742617e+09,3.148072615210216196e-01,8.272388762661810752e-03,-1.373579357690037084e-01,-6.767947846597621719e-07
1.697854208338700056e+09,-3.571049553480007717e+02,-1.239075025306872675e+02,1.790876646706587962e+03,0.000000000000000000e+00,1.697854208585707664e+09,3.171455234979488891e-01,9.219396836272217635e-03,-1.384489574641707410e-01,-6.767947846597621719e-07
1.697854208472452164e+09,-3.582025680410949917e+02,-1.547024909675886306e+02,1.686108957085829161e+03,0.000000000000000000e+00,1.697854208785778999e+09,3.153482189452436191e-01,8.639056759215007694e-03,-1.412766310957332960e-01,-6.767947846597621719e-07
1.697854217169662237e+09,9.493643815695079411e+02,-2.877206769970532605e+02,1.877122854291418207e+03,0.000000000000000000e+00,1.697854217460804462e+09,3.618996580124415607e-01,-3.040514125959819375e-02,2.850773669074829764e-01,-6.767947846597621719e-07
1.697854217303404093e+09,1.514905905803853557e+03,-6.510743181914160687e+02,3.180654890219562731e+03,0.000000000000000000e+00,1.697854217635792017e+09,3.585746102989599282e-01,-3.065923923281970928e-02,2.918189659723664509e-01,-6.767947846597621719e-07
1.697854217537560225e+09,2.115176469640006871e+03,-1.133276206284744148e+03,4.835924001996010702e+03,0.000000000000000000e+00,1.697854217835848331e+09,3.612545728244989096e-01,-3.185580868805588939e-02,2.986929205774284113e-01,-6.767947846597621719e-07
1.697854217704788208e+09,6.747093327338088784e+02,-1.832482716658500692e+02,1.746269660678643504e+03,0.000000000000000000e+00,1.697854218108914375e+09,3.576256701545963423e-01,-3.422005280252425619e-02,3.077237131534746317e-01,-6.767947846597621719e-07
1.697854217805161238e+09,1.222210299398455390e+03,-7.767073741673593759e+02,3.478194810379243336e+03,0.000000000000000000e+00,1.697854218160858154e+09,3.595006297213677593e-01,-3.450361644522501048e-02,3.083660422668165202e-01,-6.767947846597621719e-07
1.697854218590912104e+09,1.091152808842375407e+03,-6.989318049822810508e+02,3.644441716566867854e+03,0.000000000000000000e+00,1.697854218335927486e+09,3.586899600287820622e-01,-3.483583719550139429e-02,3.051342851827734681e-01,-6.767947846597621719e-07
1.697854218206538200e+09,1.052087383831700890e+03,-7.654037861932272335e+02,3.876821107784433025e+03,0.000000000000000000e+00,1.697854218510858536e+09,3.615805573040725140e-01,-3.305004342597370193e-02,2.916736152023378659e-01,-6.767947846597621719e-07
1.697854218407290220e+09,7.639399041431832984e+02,-4.366992079095619488e+02,3.011768712574851179e+03,0.000000000000000000e+00,1.697854218685854197e+09,3.590525991482654833e-01,-3.408905431800844654e-02,2.724840672219805415e-01,1.332320521507668332e-05
1.697854218541042089e+09,7.371213069146082262e+02,-4.814016556193728889e+02,3.021691691616767912e+03,0.000000000000000000e+00,1.697854218860791206e+09,3.610786689828378027e-01,-3.124900817405333597e-02,2.338173649826468803e-01,1.332320521507668332e-05
1.697854218708289146e+09,6.999237599873595173e+02,-5.056751232590551695e+02,3.223594236526947043e+03,0.000000000000000000e+00,1.697854219607518196e+09,3.639879327042059298e-01,-2.738768374648778425e-02,1.836620728167074612e-01,-6.767947846597621719e-07
1.697854218909045219e+09,6.430571426098106258e+02,-6.004726109305757973e+02,3.744019486027946186e+03,0.000000000000000000e+00,1.697854219160778999e+09,3.634694566159008544e-01,-2.688916203974922592e-02,1.631613808692080614e-01,-6.767947846597621719e-07
1.697854219762971163e+09,4.533705677221552151e+02,-5.246023762348119135e+02,3.254275324351298877e+03,0.000000000000000000e+00,1.697854219410732269e+09,3.663336813579207707e-01,-1.988175654882244278e-02,1.017025404134027228e-01,-1.467679478484029687e-05
1.697854219310425043e+09,3.995006009760545567e+02,-5.590283363629874884e+02,3.927058333333335213e+03,0.000000000000000000e+00,1.697854219585732937e+09,3.669114808135538475e-01,-1.929548531904896891e-02,7.412606637661864339e-02,-6.767947846597621719e-07
1.697854219444298029e+09,3.010122003271068252e+02,-5.416265891349873982e+02,3.465248178642716084e+03,0.000000000000000000e+00,1.697854219735723019e+09,3.671347059199510654e-01,-1.751446786539206935e-02,5.251922803164742887e-02,-6.767947846597621719e-07
1.697854219678425074e+09,2.853417470876846096e+02,-6.783366359516220427e+02,4.136151996007984962e+03,0.000000000000000000e+00,1.697854219885685921e+09,3.647999088283854219e-01,-1.568688669642227460e-02,3.008067936721525726e-02,-6.767947846597621719e-07
1.697854219778799057e+09,2.329676434165783689e+02,-5.484798102708437000e+02,3.827293662674652751e+03,0.000000000000000000e+00,1.697854220110784531e+09,3.620775551843777307e-01,-1.358135812764805356e-02,7.327385812032727146e-03,-6.767947846597621719e-07
1.697854219979425192e+09,2.018933778186323877e+02,-7.628437020816904806e+02,4.752420708582836596e+03,0.000000000000000000e+00,1.697854220285791159e+09,3.674619635818902608e-01,-1.047711535000143274e-02,-3.923670328556665143e-03,-6.767947846597621719e-07
1.697854220180184126e+09,1.664025663926653351e+02,-5.249205143753345055e+02,3.744006786427148199e+03,0.000000000000000000e+00,1.697854220435901165e+09,3.670163620828319484e-01,-8.005234965343194231e-03,-1.469802142199623865e-02,-6.767947846597621719e-07
1.697854220313927174e+09,1.880908124792391334e+02,-4.877349081847420393e+02,3.670650174650700592e+03,0.000000000000000000e+00,1.697854220610878468e+09,3.654510152709912196e-01,-8.888074156352256810e-03,-1.507840733015826731e-02,-6.767947846597621719e-07
1.697854220481181145e+09,2.344852585805766125e+02,-5.782754279238537265e+02,4.139124351297407884e+03,0.000000000000000000e+00,1.697854220760874271e+09,3.684263708480859933e-01,-7.150244274197289918e-03,-1.766548747333962846e-02,-6.767947846597621719e-07
1.697854220681933165e+09,4.543386693581438749e+02,-9.154897395820339625e+02,5.484356561876250453e+03,0.000000000000000000e+00,1.697854220935883999e+09,3.654857072724235767e-01,-8.340801984703461250e-03,-2.050136623439763675e-02,-6.767947846597621719e-07
1.697854220849214077e+09,4.760373594100046262e+02,-8.434580918961567022e+02,5.296027245508984379e+03,0.000000000000000000e+00,1.697854221135759592e+09,3.716527465805328778e-01,-7.165603011413855528e-03,-2.518213196451941915e-02,-6.767947846597621719e-07
1.697854220982939005e+09,4.431752032324334891e+02,-7.190493128203468132e+02,4.750649151696609806e+03,0.000000000000000000e+00,1.697854221310846567e+09,3.735560895117249758e-01,-5.122776832802220306e-03,-2.813474950031857186e-02,-6.767947846597621719e-07
