nan,nan,2.382201599554688021e-01,-1.214324626485794312e+00
nan,nan,2.381928061275049857e-01,-1.214304615863195158e+00
nan,nan,2.381900677455565107e-01,-1.214302239888491508e+00
nan,nan,2.382083198373789457e-01,-1.214346759408806209e+00
nan,nan,2.382387207640527249e-01,-1.214345239603458415e+00
nan,nan,2.382469761452226942e-01,-1.214326311913333845e+00
nan,nan,2.382238952309692348e-01,-1.214307799864926762e+00
nan,nan,2.381926136650304171e-01,-1.214258533696542575e+00
nan,nan,2.381781536478272399e-01,-1.214254401908238190e+00
nan,nan,2.382000173426623568e-01,-1.214272386847636387e+00
nan,nan,2.382260687508570562e-01,-1.214300514639551576e+00
nan,nan,2.382436825401222646e-01,-1.214289328394914547e+00
nan,nan,2.382271819841073057e-01,-1.214267150050247990e+00
nan,nan,2.381952667004914870e-01,-1.214222086104226106e+00
nan,nan,2.381732185133051405e-01,-1.214230837189776313e+00
nan,nan,2.381764798887958667e-01,-1.214256223966406090e+00
nan,nan,2.382135705951535232e-01,-1.214287393869417864e+00
nan,nan,2.382333184199663667e-01,-1.214275075643948876e+00
nan,nan,2.382346894892349298e-01,-1.214285429751137402e+00
nan,nan,2.382001335988154223e-01,-1.214240979953572719e+00
nan,nan,2.381743884629065888e-01,-1.214228254920660444e+00
nan,nan,2.381694183664038178e-01,-1.214229659127025851e+00
nan,nan,2.382005612405779238e-01,-1.214264969098032498e+00
nan,nan,2.382216446817029820e-01,-1.214274482275809364e+00
nan,nan,2.382391933444727439e-01,-1.214262586794734089e+00
nan,nan,2.382222949863029293e-01,-1.214252931889510778e+00
nan,nan,2.381883558721518412e-01,-1.214219767098210667e+00
nan,nan,2.381733332901266320e-01,-1.214253030431977631e+00
nan,nan,2.381921348941395400e-01,-1.214263469338090484e+00
nan,nan,2.382232972331882748e-01,-1.214262641862617231e+00
nan,nan,2.382378931976750769e-01,-1.214280809579200371e+00
nan,nan,2.382243405231762590e-01,-1.214250776998850645e+00
nan,nan,2.381927778309036459e-01,-1.214224672121792192e+00
nan,nan,2.381737270204258294e-01,-1.214219933157344888e+00
nan,nan,2.381897031205622017e-01,-1.214253205833975890e+00
nan,nan,2.382081512191222550e-01,-1.214259054260933945e+00
nan,nan,2.382390435030433129e-01,-1.214278572331390471e+00
nan,nan,2.382300222739267836e-01,-1.214254126058815553e+00
nan,nan,2.382121285059669302e-01,-1.214255721909158314e+00
nan,nan,2.381825867810680175e-01,-1.214228838149385536e+00
nan,nan,2.381867269107598162e-01,-1.214245106579872724e+00
nan,nan,2.382068174151111828e-01,-1.214260411842874143e+00
nan,nan,2.382230661213937672e-01,-1.214264904374035225e+00
nan,nan,2.382416028376703743e-01,-1.214285352432408649e+00
nan,nan,2.382054439485855879e-01,-1.214248331942083370e+00
nan,nan,2.381812839724810060e-01,-1.214225975846574990e+00
nan,nan,2.381714425007531444e-01,-1.214228795745389222e+00
nan,nan,2.381927674293703445e-01,-1.214240515351867167e+00
nan,nan,2.382218667345039342e-01,-1.214257273808081017e+00
nan,nan,2.382400663232339122e-01,-1.214292887846893931e+00
nan,nan,2.382206133591278641e-01,-1.214236875123446247e+00
nan,nan,2.381845080285964478e-01,-1.214231422985847964e+00
nan,nan,2.381688628754639880e-01,-1.214214929446948643e+00
nan,nan,2.381851945712311069e-01,-1.214259614340968962e+00
nan,nan,2.382041461549017636e-01,-1.214241414921012341e+00
nan,nan,2.382345773479048467e-01,-1.214285558487402161e+00
nan,nan,2.382215874651276710e-01,-1.214261474974613675e+00
nan,nan,2.381937491356838632e-01,-1.214241947593809545e+00
nan,nan,2.381785082612225546e-01,-1.214232349074019668e+00
nan,nan,2.381755100051118901e-01,-1.214254905710496768e+00
nan,nan,2.382031251417940920e-01,-1.214269963860789669e+00
nan,nan,2.382239190820568675e-01,-1.214279211602557140e+00
nan,nan,2.382285151052657701e-01,-1.214256758328267738e+00
nan,nan,2.382068702563306384e-01,-1.214263580419776112e+00
nan,nan,2.381824360551524078e-01,-1.214214367349084611e+00
nan,nan,2.381792512899837400e-01,-1.214242943153604370e+00
nan,nan,2.381982496876085265e-01,-1.214251518066426616e+00
nan,nan,2.382249315268665513e-01,-1.214272206582325486e+00
nan,nan,2.382279296751531605e-01,-1.214274998264013972e+00
nan,nan,2.382171520658444286e-01,-1.214268748173244150e+00
nan,nan,2.381858883272970073e-01,-1.214228316463874080e+00
nan,nan,2.381872144989670703e-01,-1.214241266134034047e+00
nan,nan,2.381971278153491578e-01,-1.214251193335857515e+00
nan,nan,2.382146317362131005e-01,-1.214256173181904597e+00
nan,nan,2.382316588313528050e-01,-1.214244195229396084e+00
nan,nan,2.382163799276292571e-01,-1.214258326353558237e+00
nan,nan,2.381939210249335581e-01,-1.214242685495574348e+00
nan,nan,2.381881971606873427e-01,-1.214223489914394882e+00
nan,nan,2.381928041936382523e-01,-1.214220637633700361e+00
nan,nan,2.382084944271241067e-01,-1.214252964612933416e+00
nan,nan,2.382195635059534133e-01,-1.214260691771927636e+00
nan,nan,2.382166496262430599e-01,-1.214247979581922099e+00
nan,nan,2.382056636961957241e-01,-1.214232673419856301e+00
nan,nan,2.381949514102078558e-01,-1.214211147579939976e+00
nan,nan,2.381938207067908486e-01,-1.214236086707837226e+00
nan,nan,2.381969500826221497e-01,-1.214252210207010130e+00
nan,nan,2.382153244239741396e-01,-1.214269381506820844e+00
nan,nan,2.382245289652678288e-01,-1.214257206890903662e+00
nan,nan,2.382141584654519639e-01,-1.214234708262581730e+00
nan,nan,2.381989317559575214e-01,-1.214221650988635215e+00
nan,nan,2.381932738997907806e-01,-1.214233101514229807e+00
nan,nan,2.381933239242470801e-01,-1.214231046754392196e+00
nan,nan,2.382051135360984118e-01,-1.214235751654687112e+00
nan,nan,2.382272157939843149e-01,-1.214254631994008404e+00
nan,nan,2.382444965190731179e-01,-1.214233082016427545e+00
nan,nan,2.381936835198968927e-01,-1.214245155804021925e+00
nan,nan,2.381083846298119588e-01,-1.214228500811658007e+00
nan,nan,2.381422507881083006e-01,-1.214218136244956670e+00
nan,nan,2.382158536779260261e-01,-1.214200968499528521e+00
nan,nan,2.382852974576071814e-01,-1.214243529462460947e+00
nan,nan,2.382777861251723361e-01,-1.214235143159481334e+00
nan,nan,2.382197840995632365e-01,-1.214235334275293177e+00
nan,nan,2.381793540272904852e-01,-1.214212101749591266e+00
nan,nan,2.382142335961747737e-01,-1.214183886034981619e+00
nan,nan,2.381884503754609084e-01,-1.214179394413657409e+00
nan,nan,2.382617219331895353e-01,-1.214207857293711612e+00
nan,nan,2.383603084157643326e-01,-1.214239582200078882e+00
nan,nan,2.384035424440666406e-01,-1.214253925507649212e+00
nan,nan,2.383970121440940615e-01,-1.214229814513756889e+00
nan,nan,2.383297992965880963e-01,-1.214231934326667428e+00
nan,nan,2.382475977611365758e-01,-1.214187638434753191e+00
nan,nan,2.382329622261161739e-01,-1.214183330784478487e+00
nan,nan,2.382778039762286915e-01,-1.214217669702551516e+00
nan,nan,2.383122447309185543e-01,-1.214231502178476862e+00
nan,nan,2.383586773966906436e-01,-1.214231712853201417e+00
nan,nan,2.384189714370947288e-01,-1.214244674841532978e+00
nan,nan,2.384476109238842789e-01,-1.214191117059994829e+00
nan,nan,2.384398456605682504e-01,-1.214179034210555175e+00
nan,nan,2.383949906175799049e-01,-1.214197212558868699e+00
nan,nan,2.383371928589361199e-01,-1.214228052633019139e+00
nan,nan,2.383063079675851181e-01,-1.214254812235792569e+00
nan,nan,2.382885975845997761e-01,-1.214233001101611809e+00
nan,nan,2.383175234992097602e-01,-1.214238199838207022e+00
nan,nan,2.383291554982277516e-01,-1.214212287571540205e+00
nan,nan,2.383558367023238533e-01,-1.214251126768177924e+00
nan,nan,2.383940003186878487e-01,-1.214208133187530736e+00
nan,nan,2.384398518144204560e-01,-1.214191450020808194e+00
nan,nan,2.384462262726262105e-01,-1.214223577291447143e+00
nan,nan,2.383993538476409380e-01,-1.214236929736088877e+00
nan,nan,2.383469649990387351e-01,-1.214278764831748791e+00
nan,nan,2.383258361379557433e-01,-1.214296812383696578e+00
nan,nan,2.383195483053825448e-01,-1.214286717222791134e+00
nan,nan,2.383120827275927167e-01,-1.214279110830149611e+00
nan,nan,2.382772271436799372e-01,-1.214231572825189565e+00
nan,nan,2.382241063916082369e-01,-1.214189802801401319e+00
nan,nan,2.382727027571235334e-01,-1.214171194856222602e+00
nan,nan,2.383575947643261639e-01,-1.214200668644884074e+00
nan,nan,2.383875577947631164e-01,-1.214232775257926722e+00
nan,nan,2.383803589511574728e-01,-1.214242002863631820e+00
nan,nan,2.383050476993763545e-01,-1.214256250874824472e+00
nan,nan,2.382518527269603670e-01,-1.214292544339433899e+00
nan,nan,2.382455256044576086e-01,-1.214249554593354707e+00
nan,nan,2.382410439351281273e-01,-1.214272267542628958e+00
nan,nan,2.381929234745023827e-01,-1.214244155560709748e+00
nan,nan,2.381529008584636897e-01,-1.214221872442083461e+00
nan,nan,2.381532888819558325e-01,-1.214233696236077575e+00
nan,nan,2.381378436654243425e-01,-1.214202393252809653e+00
nan,nan,2.381088624996665348e-01,-1.214187240028061332e+00
nan,nan,2.380893344628893515e-01,-1.214172032217241348e+00
nan,nan,2.380833204407021286e-01,-1.214208040952395429e+00
nan,nan,2.380924901353051182e-01,-1.214223538672735359e+00
nan,nan,2.381105371833777962e-01,-1.214254784974994950e+00
nan,nan,2.380555184250264800e-01,-1.214263707304295448e+00
nan,nan,2.379134584715363598e-01,-1.214251487596194723e+00
nan,nan,2.378608117814381973e-01,-1.214190743301404529e+00
nan,nan,2.379220794228253943e-01,-1.214159503239392812e+00
nan,nan,2.379923907135774730e-01,-1.214107767907053326e+00
nan,nan,2.380758867344376917e-01,-1.214120465206603772e+00
nan,nan,2.381328582229918223e-01,-1.214172500452248116e+00
nan,nan,2.381653094853210251e-01,-1.214197967195870698e+00
nan,nan,2.381408139758781906e-01,-1.214218114910306845e+00
nan,nan,2.380918258201601134e-01,-1.214221707967749531e+00
nan,nan,2.379650289611544012e-01,-1.214213293259458704e+00
nan,nan,2.378227945744360028e-01,-1.214189755069482679e+00
nan,nan,2.377349312627619893e-01,-1.214186087981354190e+00
nan,nan,2.377340652775403185e-01,-1.214153509170549095e+00
nan,nan,2.377675761154724454e-01,-1.214102484747832333e+00
nan,nan,2.378166874849765855e-01,-1.214094016182684088e+00
nan,nan,2.379089966011410928e-01,-1.214059521678025666e+00
nan,nan,2.380545568735241424e-01,-1.214060961260644556e+00
nan,nan,2.381281177700069751e-01,-1.214115046985378310e+00
nan,nan,2.380203937033626704e-01,-1.214174116602121822e+00
nan,nan,2.377766150540013279e-01,-1.214200473906447142e+00
nan,nan,2.376443046977376738e-01,-1.214177533318549607e+00
nan,nan,2.376597489505524186e-01,-1.214122277221718615e+00
nan,nan,2.377296252332949944e-01,-1.214091403784703260e+00
nan,nan,2.377659182409291860e-01,-1.214070555869729340e+00
nan,nan,2.377879707987938795e-01,-1.214064701096690069e+00
nan,nan,2.378213542913002465e-01,-1.214041746721775450e+00
nan,nan,2.379047288664629112e-01,-1.214031021278589639e+00
nan,nan,2.379706876106392477e-01,-1.214043956397417467e+00
nan,nan,2.379012420654200710e-01,-1.214060922537617548e+00
nan,nan,2.377832467442137498e-01,-1.214125768430933672e+00
nan,nan,2.377444234977716675e-01,-1.214190765628290647e+00
nan,nan,2.377339273634272998e-01,-1.214209380818185968e+00
nan,nan,2.376742387104727738e-01,-1.214169371964814115e+00
nan,nan,2.375984519691027030e-01,-1.214142459622135295e+00
nan,nan,2.375275480550801122e-01,-1.214055353651720681e+00
nan,nan,2.375104047772599869e-01,-1.213983493206309383e+00
nan,nan,2.375400621709273796e-01,-1.213925589753989565e+00
nan,nan,2.375921233098567120e-01,-1.213929031128756497e+00
nan,nan,2.375786548398813869e-01,-1.213931851730313483e+00
nan,nan,2.375362645417574692e-01,-1.213987950274920236e+00
nan,nan,2.375991019603698184e-01,-1.214009377225471642e+00
nan,nan,2.376757911310013183e-01,-1.213979999996143810e+00
nan,nan,2.377163936527625365e-01,-1.214006419990997676e+00
nan,nan,2.376515341533291803e-01,-1.214050946431638245e+00
nan,nan,2.376018016935977362e-01,-1.214035168590043234e+00
nan,nan,2.375536399775626806e-01,-1.213980510141570157e+00
nan,nan,2.374862691581464680e-01,-1.213925628094086218e+00
nan,nan,2.374281433793156149e-01,-1.213889086324953182e+00
nan,nan,2.374418782247839366e-01,-1.213885564078927004e+00
nan,nan,2.375005126434411307e-01,-1.213903594664035301e+00
nan,nan,2.375986764874677692e-01,-1.213916506383432958e+00
nan,nan,2.377018044944849695e-01,-1.213889028592735952e+00
nan,nan,2.377489717290922067e-01,-1.213888479859773106e+00
nan,nan,2.377205168774293442e-01,-1.213894354089483318e+00
nan,nan,2.377112526585431485e-01,-1.213906348712699090e+00
nan,nan,2.376927683018223436e-01,-1.213957929126094015e+00
nan,nan,2.376618521992610589e-01,-1.213967328043454641e+00
nan,nan,2.376009854604874683e-01,-1.213962694760785777e+00
nan,nan,2.375866301709288475e-01,-1.213923707023901732e+00
nan,nan,2.376546719294423959e-01,-1.213853954745038877e+00
nan,nan,2.377698900643949176e-01,-1.213799274534403949e+00
nan,nan,2.378948001329526385e-01,-1.213808211166221174e+00
nan,nan,2.379687039640460133e-01,-1.213831513000625417e+00
nan,nan,2.379966906375172719e-01,-1.213861590250692180e+00
nan,nan,2.380040241052320260e-01,-1.213855001951380297e+00
nan,nan,2.380260914750292889e-01,-1.213822211565802833e+00
nan,nan,2.379569629337857095e-01,-1.213792073409575067e+00
nan,nan,2.378152285605902860e-01,-1.213800688437802089e+00
nan,nan,2.378118304912846814e-01,-1.213790938459774260e+00
nan,nan,2.378827084499980649e-01,-1.213793355961917619e+00
nan,nan,2.378456332752928726e-01,-1.213844854139536578e+00
nan,nan,2.377443231144539260e-01,-1.213857570901677674e+00
nan,nan,2.378044263510338263e-01,-1.213809875493453427e+00
nan,nan,2.379422876844801416e-01,-1.213790023734923507e+00
nan,nan,2.380452718316862504e-01,-1.213799976617212728e+00
nan,nan,2.380313704638245820e-01,-1.213789533671423504e+00
nan,nan,2.379852615860555687e-01,-1.213771454248056658e+00
nan,nan,2.379229651924512912e-01,-1.213747090559747166e+00
nan,nan,2.378785711202676123e-01,-1.213783269312225244e+00
nan,nan,2.378901558647312786e-01,-1.213811328223825869e+00
nan,nan,2.378921380075468550e-01,-1.213845882548495902e+00
nan,nan,2.378961516347102845e-01,-1.213832354044433570e+00
nan,nan,2.379038528308966283e-01,-1.213805654572090553e+00
nan,nan,2.379042251106966988e-01,-1.213752462202190463e+00
nan,nan,2.379439845775614126e-01,-1.213691784245972238e+00
nan,nan,2.379759550392736012e-01,-1.213722711769587903e+00
nan,nan,2.380038547795992332e-01,-1.213823460815242949e+00
nan,nan,2.380387310075115503e-01,-1.213879805143988300e+00
nan,nan,2.380603843193974112e-01,-1.213880685051389685e+00
nan,nan,2.380229867884949280e-01,-1.213819341381689565e+00
nan,nan,2.379787717484867227e-01,-1.213754747580823690e+00
nan,nan,2.379537857387977740e-01,-1.213747427871439299e+00
nan,nan,2.379731232270222430e-01,-1.213759557571446601e+00
nan,nan,2.380393705878207644e-01,-1.213795785295646024e+00
nan,nan,2.380954803408746878e-01,-1.213833435816999762e+00
nan,nan,2.381197499406942641e-01,-1.213833058081694505e+00
nan,nan,2.381021902619402941e-01,-1.213764819430237063e+00
nan,nan,2.381124391278164887e-01,-1.213751444917218425e+00
nan,nan,2.380940842810366498e-01,-1.213755850577967976e+00
nan,nan,2.380724065728471173e-01,-1.213811959904780080e+00
nan,nan,2.380546588602597269e-01,-1.213827387386487322e+00
nan,nan,2.380359293488804040e-01,-1.213844300872104931e+00
nan,nan,2.380045818478391806e-01,-1.213814847826775845e+00
nan,nan,2.379833686302974538e-01,-1.213765249531592927e+00
nan,nan,2.379971818492331859e-01,-1.213749511540184178e+00
nan,nan,2.380348909574864780e-01,-1.213759515984969672e+00
nan,nan,2.380958819136673732e-01,-1.213808065983327911e+00
nan,nan,2.381107150253933546e-01,-1.213797351587316165e+00
nan,nan,2.380807317996636030e-01,-1.213829611702491817e+00
nan,nan,2.380200839120172052e-01,-1.213815447052729590e+00
nan,nan,2.379889470656602335e-01,-1.213813877596093826e+00
nan,nan,2.379913914115787676e-01,-1.213802199298379181e+00
nan,nan,2.380223596284619658e-01,-1.213838454445645532e+00
nan,nan,2.380364470410738509e-01,-1.213822399860542633e+00
nan,nan,2.380307187587348272e-01,-1.213814172661317858e+00
nan,nan,2.380151405688418764e-01,-1.213777761586082082e+00
nan,nan,2.380166432491428730e-01,-1.213763497570145677e+00
nan,nan,2.380247218226551886e-01,-1.213793345163921789e+00
nan,nan,2.380429071093695392e-01,-1.213847198779858250e+00
nan,nan,2.380563165422416583e-01,-1.213850910238942093e+00
nan,nan,2.380372317035142626e-01,-1.213869915739286487e+00
nan,nan,2.379838044460280133e-01,-1.213832021425607088e+00
nan,nan,2.379535529995403520e-01,-1.213795316481553810e+00
nan,nan,2.379702924212368786e-01,-1.213825116334008136e+00
nan,nan,2.380126234810733266e-01,-1.213841693425563806e+00
nan,nan,2.380464920684496610e-01,-1.213805944788457714e+00
nan,nan,2.380525902941281191e-01,-1.213832761680942784e+00
nan,nan,2.380289595642676170e-01,-1.213828574692968454e+00
nan,nan,2.379924671247903856e-01,-1.213786491996541095e+00
nan,nan,2.379867576033612986e-01,-1.213804449904049898e+00
nan,nan,2.380064573042157683e-01,-1.213841330708078425e+00
nan,nan,2.380258370545497160e-01,-1.213872824866719879e+00
nan,nan,2.380303058815516626e-01,-1.213861758298609539e+00
nan,nan,2.380157915193628626e-01,-1.213838076900112695e+00
nan,nan,2.379883838893500081e-01,-1.213766186706134231e+00
nan,nan,2.379808084008108171e-01,-1.213763424231329768e+00
nan,nan,2.380027616612252483e-01,-1.213795675078331637e+00
nan,nan,2.380216049859427974e-01,-1.213823482275611099e+00
nan,nan,2.380295813871564914e-01,-1.213857472021381501e+00
nan,nan,2.380323832738306666e-01,-1.213868162702132603e+00
nan,nan,2.379894014696256055e-01,-1.213820346651781401e+00
nan,nan,2.379642751430594005e-01,-1.213782779665728562e+00
nan,nan,2.379747842621594278e-01,-1.213793956314064504e+00
nan,nan,2.380179595260731307e-01,-1.213835419476679167e+00
nan,nan,2.380416120841906125e-01,-1.213853215881377068e+00
nan,nan,2.380354516904741313e-01,-1.213840365632627760e+00
nan,nan,2.380115103064655291e-01,-1.213818573123400357e+00
nan,nan,2.379781511630026380e-01,-1.213777456774232766e+00
nan,nan,2.379813291243608186e-01,-1.213787926823731267e+00
nan,nan,2.379989602353803912e-01,-1.213819578450917813e+00
nan,nan,2.380128650078919550e-01,-1.213853638915153077e+00
nan,nan,2.380295204472344661e-01,-1.213870999385711968e+00
nan,nan,2.380251986163269273e-01,-1.213846984749387570e+00
nan,nan,2.379950316800999444e-01,-1.213785946741557042e+00
nan,nan,2.379885736070504743e-01,-1.213790843047700019e+00
nan,nan,2.380003242315651413e-01,-1.213810308080300437e+00
nan,nan,2.380129015965758987e-01,-1.213830752381069855e+00
nan,nan,2.380245564488863985e-01,-1.213832983359436790e+00
nan,nan,2.380081167394083042e-01,-1.213834294356530119e+00
nan,nan,2.379865096842890826e-01,-1.213816053446924226e+00
nan,nan,2.379614645796016559e-01,-1.213781433270088028e+00
nan,nan,2.379891557083813614e-01,-1.213825776261201694e+00
nan,nan,2.380103142198654043e-01,-1.213836705798112758e+00
nan,nan,2.380267716875478778e-01,-1.213851725338208398e+00
nan,nan,2.380335283631207499e-01,-1.213844818536959913e+00
nan,nan,2.380141446920207016e-01,-1.213819484658153813e+00
nan,nan,2.379817882368986393e-01,-1.213776405212602771e+00
nan,nan,2.379690388237747367e-01,-1.213790344719889003e+00
nan,nan,2.379912597861432721e-01,-1.213824665426262328e+00
nan,nan,2.380002705514276118e-01,-1.213829954850941695e+00
nan,nan,2.380142279507391212e-01,-1.213849430126818785e+00
nan,nan,2.380189758914037224e-01,-1.213830801439017337e+00
nan,nan,2.379993106139922099e-01,-1.213789743548078892e+00
nan,nan,2.379904307368388428e-01,-1.213820364682004938e+00
nan,nan,2.379916012054352770e-01,-1.213825537773299157e+00
nan,nan,2.380106857831272016e-01,-1.213830638046011101e+00
nan,nan,2.380282604083837072e-01,-1.213844624437554476e+00
nan,nan,2.380241136079099540e-01,-1.213848942499546002e+00
nan,nan,2.379964253347375547e-01,-1.213783425890275325e+00
nan,nan,2.379777659246864185e-01,-1.213803927504042424e+00
nan,nan,2.379861887692376332e-01,-1.213822075116429033e+00
nan,nan,2.380005801903632423e-01,-1.213833298317716247e+00
nan,nan,2.380103872330972814e-01,-1.213833697007478118e+00
nan,nan,2.380341976821092054e-01,-1.213868804829185910e+00
nan,nan,2.380098536009436216e-01,-1.213811815741965061e+00
nan,nan,2.379880893363120475e-01,-1.213802641756019263e+00
nan,nan,2.379819200813914903e-01,-1.213826062855120069e+00
nan,nan,2.379867011470336580e-01,-1.213841397286368862e+00
nan,nan,2.380007403762537388e-01,-1.213819944274522111e+00
nan,nan,2.380203200959555843e-01,-1.213856956868566650e+00
nan,nan,2.380115735843997549e-01,-1.213809400491274504e+00
nan,nan,2.379895963033142325e-01,-1.213792877369942014e+00
nan,nan,2.379876095434974859e-01,-1.213815090511048522e+00
nan,nan,2.379902359749133389e-01,-1.213833361559364388e+00
nan,nan,2.380038276513024020e-01,-1.213850293638932820e+00
nan,nan,2.380251189747966678e-01,-1.213845329940055784e+00
nan,nan,2.380132894919497200e-01,-1.213820173167581506e+00
nan,nan,2.379995937632674308e-01,-1.213806144213673832e+00
nan,nan,2.379805380779384805e-01,-1.213797289647869704e+00
nan,nan,2.379813243712042004e-01,-1.213827957329460139e+00
nan,nan,2.380001227126151142e-01,-1.213851752573006593e+00
nan,nan,2.380265375038279341e-01,-1.213840231575475936e+00
nan,nan,2.380278884443431386e-01,-1.213826333546047298e+00
nan,nan,2.380078381998478043e-01,-1.213786485182333230e+00
nan,nan,2.379862931783884861e-01,-1.213805808697509869e+00
nan,nan,2.379849604745851999e-01,-1.213843719885388639e+00
nan,nan,2.379893698690179749e-01,-1.213833736137046149e+00
nan,nan,2.380044647204337116e-01,-1.213871926153876846e+00
nan,nan,2.380256872258807443e-01,-1.213852820851042180e+00
nan,nan,2.380126211850764062e-01,-1.213814537109008995e+00
nan,nan,2.379958700465084620e-01,-1.213799043240488595e+00
nan,nan,2.379793387111901748e-01,-1.213822585051060665e+00
nan,nan,2.379803731631918717e-01,-1.213819885621007177e+00
nan,nan,2.379980966950900334e-01,-1.213831627987052242e+00
nan,nan,2.380155468921694994e-01,-1.213838495576274434e+00
nan,nan,2.380160142079000840e-01,-1.213810145688548392e+00
nan,nan,2.380046542169336199e-01,-1.213815980090529267e+00
nan,nan,2.379819674525831541e-01,-1.213818021262622615e+00
nan,nan,2.379816308616465870e-01,-1.213838951359276885e+00
nan,nan,2.379956500078895809e-01,-1.213848589597621430e+00
nan,nan,2.380072145339106882e-01,-1.213838221067667034e+00
nan,nan,2.380154079599006711e-01,-1.213834401423747655e+00
nan,nan,2.379948990427179778e-01,-1.213791154348875967e+00
nan,nan,2.379825214445052683e-01,-1.213831074020888190e+00
nan,nan,2.379808716716409478e-01,-1.213828683952559606e+00
nan,nan,2.379862024782266050e-01,-1.213808410271004279e+00
nan,nan,2.380098587741383831e-01,-1.213837846700432044e+00
nan,nan,2.380180154912158452e-01,-1.213839043734252776e+00
nan,nan,2.380202110749907729e-01,-1.213814875761623169e+00
nan,nan,2.379933227657745620e-01,-1.213812459501974583e+00
nan,nan,2.379866364025880476e-01,-1.213844581723701355e+00
nan,nan,2.379888626281561059e-01,-1.213844238351365457e+00
nan,nan,2.379950434194310627e-01,-1.213835707801306452e+00
nan,nan,2.380155357635960756e-01,-1.213844288554920992e+00
nan,nan,2.380074213747333522e-01,-1.213801043450144945e+00
nan,nan,2.379982045138589741e-01,-1.213795519270453926e+00
nan,nan,2.379878997608141367e-01,-1.213829266307874466e+00
nan,nan,2.379873974938865877e-01,-1.213833837789647818e+00
nan,nan,2.379974029343151221e-01,-1.213822352461838783e+00
nan,nan,2.380180848051551279e-01,-1.213842012438726359e+00
nan,nan,2.380067638361508253e-01,-1.213812543549777967e+00
nan,nan,2.380008058715451791e-01,-1.213808928805177212e+00
nan,nan,2.379955034749658416e-01,-1.213826150811014859e+00
nan,nan,2.379818590943968137e-01,-1.213833984975447144e+00
nan,nan,2.379870588399047582e-01,-1.213814774750978431e+00
nan,nan,2.380025968105136114e-01,-1.213830584332102447e+00
nan,nan,2.380162777937727681e-01,-1.213831131499210292e+00
nan,nan,2.380113647492094198e-01,-1.213810639860238849e+00
nan,nan,2.379950049205423468e-01,-1.213816867677058875e+00
nan,nan,2.379926806976140341e-01,-1.213816772243537123e+00
nan,nan,2.379966698115417167e-01,-1.213838734179777612e+00
nan,nan,2.380014655422192371e-01,-1.213843360715846087e+00
nan,nan,2.380056161481250154e-01,-1.213838138070755468e+00
nan,nan,2.379930023275075857e-01,-1.213807805820636077e+00
nan,nan,2.379973375671893543e-01,-1.213814440827853502e+00
nan,nan,2.379869831356241638e-01,-1.213835235557124248e+00
nan,nan,2.379863502823693633e-01,-1.213830145609704481e+00
nan,nan,2.379885665577258225e-01,-1.213833491760803796e+00
nan,nan,2.380070042930559349e-01,-1.213855570464788203e+00
nan,nan,2.380063110129607418e-01,-1.213834977938706094e+00
nan,nan,2.379972723879828500e-01,-1.213817572032341641e+00
nan,nan,2.379947812429664966e-01,-1.213840735335559806e+00
nan,nan,2.379934101722208650e-01,-1.213853466233274947e+00
nan,nan,2.379921635264234669e-01,-1.213813102069620120e+00
nan,nan,2.380007766538325964e-01,-1.213850619852894219e+00
nan,nan,2.379926675164600047e-01,-1.213829205887397178e+00
nan,nan,2.379995590497463454e-01,-1.213823134597756148e+00
nan,nan,2.380075501009142336e-01,-1.213852042248042551e+00
nan,nan,2.379856635046723179e-01,-1.213812742043196558e+00
nan,nan,2.379846136779834032e-01,-1.213835694168117652e+00
nan,nan,2.379880804430381525e-01,-1.213824445196972412e+00
nan,nan,2.379933720479490977e-01,-1.213816246525293963e+00
nan,nan,2.379926058934325184e-01,-1.213819333523620703e+00
nan,nan,2.379973732306004119e-01,-1.213829568930467451e+00
nan,nan,2.379949860380977666e-01,-1.213843286989822801e+00
nan,nan,2.380009910689933061e-01,-1.213826121369761424e+00
nan,nan,2.379963321536479048e-01,-1.213832336334239814e+00
nan,nan,2.379942702931252541e-01,-1.213842841435487152e+00
nan,nan,2.380060499077298886e-01,-1.213802881679356238e+00
nan,nan,2.380246251738379337e-01,-1.213827425366579060e+00
nan,nan,2.380010319468874314e-01,-1.213846895317458818e+00
nan,nan,2.379962157613899620e-01,-1.213903096230365186e+00
nan,nan,2.379727476798367547e-01,-1.213959834483995692e+00
nan,nan,2.379815103261983533e-01,-1.213996352107929777e+00
nan,nan,2.380589270465864604e-01,-1.214057578687695704e+00
nan,nan,2.380825208839426332e-01,-1.214066532476344884e+00
nan,nan,2.380321394243564426e-01,-1.214147134626224034e+00
nan,nan,2.379895349615869793e-01,-1.214252484306724167e+00
nan,nan,2.380236347054811574e-01,-1.214345607375593383e+00
nan,nan,2.381172191783603176e-01,-1.214485008331241511e+00
nan,nan,2.381966067379436280e-01,-1.214632184820403138e+00
nan,nan,2.382467199728292295e-01,-1.214785008887949935e+00
nan,nan,2.382893319393259990e-01,-1.215015802127584532e+00
nan,nan,2.383265556683327457e-01,-1.215097924703739896e+00
nan,nan,2.382865483286069064e-01,-1.215179068054211164e+00
nan,nan,2.382738327206408990e-01,-1.215304927881690089e+00
nan,nan,2.383800733452478005e-01,-1.215541385462465040e+00
nan,nan,2.384990446535351083e-01,-1.215702661898854453e+00
nan,nan,2.385805817896072822e-01,-1.215742983124080911e+00
nan,nan,2.386475857399052436e-01,-1.215908581662447530e+00
nan,nan,2.387080279191368115e-01,-1.216079892289899211e+00
nan,nan,2.388004782034980344e-01,-1.216355472840688456e+00
nan,nan,2.388573915467621100e-01,-1.216676932667551059e+00
nan,nan,2.388395190993710115e-01,-1.216831296106724913e+00
nan,nan,2.388772984350789885e-01,-1.216845834764821443e+00
nan,nan,2.390790741589304269e-01,-1.217026543489175161e+00
nan,nan,2.392132277031472909e-01,-1.217230233032114972e+00
nan,nan,2.392209586832157453e-01,-1.217338179571307633e+00
nan,nan,2.393695296758530655e-01,-1.217600245239560230e+00
nan,nan,2.395245031521645585e-01,-1.217772344879578084e+00
nan,nan,2.396618766327205940e-01,-1.217942963389333277e+00
nan,nan,2.397792756429867611e-01,-1.218127283317508303e+00
nan,nan,2.397345079653079303e-01,-1.218413834288152753e+00
nan,nan,2.399738884805969197e-01,-1.218603653420624600e+00
nan,nan,2.403611113138545974e-01,-1.218748675788993818e+00
nan,nan,2.405253655416950409e-01,-1.219009579126291820e+00
nan,nan,2.404997391004460860e-01,-1.219218059412539912e+00
nan,nan,2.405080063345683139e-01,-1.219407235951698754e+00
nan,nan,2.405750120467430864e-01,-1.219601171810909657e+00
nan,nan,2.406987448764842663e-01,-1.219771865323172833e+00
nan,nan,2.408251014176796545e-01,-1.220035295837929468e+00
nan,nan,2.409205093951091170e-01,-1.220326304027118614e+00
nan,nan,2.410218767687334895e-01,-1.220468296505558214e+00
nan,nan,2.412691680393959370e-01,-1.220718060920016335e+00
nan,nan,2.414448364927531399e-01,-1.220825468457477303e+00
nan,nan,2.415233312223092899e-01,-1.220890408282470085e+00
nan,nan,2.417029043861903537e-01,-1.221080370089463907e+00
nan,nan,2.419817039401659375e-01,-1.221281934934081104e+00
nan,nan,2.422684577977773923e-01,-1.221572130172736914e+00
nan,nan,2.423717088281610033e-01,-1.221741089293158389e+00
nan,nan,2.424722082471353901e-01,-1.221974540471231885e+00
nan,nan,2.425378952900761331e-01,-1.222167131899098536e+00
nan,nan,2.427027628150364158e-01,-1.222313002425227113e+00
nan,nan,2.429878790254796084e-01,-1.222542748622811315e+00
nan,nan,2.431549351278931570e-01,-1.222744913838942793e+00
nan,nan,2.433031416996614404e-01,-1.222974023924166875e+00
nan,nan,2.435071872563446538e-01,-1.223169195934203479e+00
nan,nan,2.436544711212622893e-01,-1.223316299395065698e+00
nan,nan,2.437336635644678506e-01,-1.223378613429016770e+00
nan,nan,2.437885316879604136e-01,-1.223439999561728886e+00
nan,nan,2.439215343476538733e-01,-1.223664867497841868e+00
nan,nan,2.440955070291744855e-01,-1.223934795613481397e+00
nan,nan,2.442630476658562144e-01,-1.224177075552705274e+00
nan,nan,2.443276548943756066e-01,-1.224335892932357117e+00
nan,nan,2.442741069554111022e-01,-1.224438962075946824e+00
nan,nan,2.442659766460759940e-01,-1.224489589146941837e+00
nan,nan,2.444069327374140954e-01,-1.224552825386662214e+00
nan,nan,2.446693721008996458e-01,-1.224742513943786637e+00
nan,nan,2.448208724548688320e-01,-1.224932451476651529e+00
nan,nan,2.449574308283607171e-01,-1.225181227160851094e+00
nan,nan,2.451787915983522359e-01,-1.225408936731410048e+00
nan,nan,2.454164322740467474e-01,-1.225632450123247175e+00
nan,nan,2.456332845125128728e-01,-1.225759105503485769e+00
nan,nan,2.457866731009512862e-01,-1.225865797220559106e+00
nan,nan,2.458204200713470233e-01,-1.225989135537196795e+00
nan,nan,2.458164602294413692e-01,-1.226082788763324549e+00
nan,nan,2.460077314770778845e-01,-1.226257093523399178e+00
nan,nan,2.460863153790314173e-01,-1.226343440201664414e+00
nan,nan,2.461572532336674946e-01,-1.226484348817429737e+00
nan,nan,2.462861857811007860e-01,-1.226733958966039983e+00
nan,nan,2.464465881242430823e-01,-1.227004421319274119e+00
nan,nan,2.465960829427580325e-01,-1.227208075484493843e+00
nan,nan,2.468291614819615176e-01,-1.227350228453170766e+00
nan,nan,2.469508072173379754e-01,-1.227426338209376189e+00
nan,nan,2.470128895766806609e-01,-1.227608389752616436e+00
nan,nan,2.471131348571608821e-01,-1.227771100366383150e+00
nan,nan,2.472774798277995179e-01,-1.227890030244561448e+00
nan,nan,2.474483755728741352e-01,-1.228081164367752498e+00
nan,nan,2.475549543431240229e-01,-1.228156800680989535e+00
nan,nan,2.475764511993877592e-01,-1.228214658171914220e+00
nan,nan,2.475517998064179492e-01,-1.228368823292040446e+00
nan,nan,2.476227259205139586e-01,-1.228575961805585148e+00
nan,nan,2.478385295728004478e-01,-1.228774884508816223e+00
nan,nan,2.481354816257258789e-01,-1.228986791645797938e+00
nan,nan,2.483778421849364149e-01,-1.229304394052511462e+00
2.240590000000000082e+00,7.521440000000000348e-01,2.485048838096736712e-01,-1.229563139741988609e+00
2.222039999999999793e+00,7.515689999999999316e-01,2.485902118626169000e-01,-1.229727886523126923e+00
2.203689999999999927e+00,7.507869999999999822e-01,2.486848134363551788e-01,-1.229767334347677377e+00
2.185219999999999718e+00,7.501079999999999970e-01,2.488262402960388087e-01,-1.229830526254465095e+00
2.166690000000000005e+00,7.493680000000000341e-01,2.488313996422858443e-01,-1.229848829952163936e+00
2.148079999999999767e+00,7.485499999999999376e-01,2.488954936461564849e-01,-1.229970943334405042e+00
2.129360000000000142e+00,7.477840000000000042e-01,2.491115700446704107e-01,-1.230104097630399851e+00
2.110760000000000414e+00,7.468069999999999986e-01,2.493019775883145439e-01,-1.230383950709278862e+00
2.091929999999999623e+00,7.458790000000000697e-01,2.493921093614081541e-01,-1.230598121093702702e+00
2.073230000000000128e+00,7.446670000000000789e-01,2.495931516006831274e-01,-1.230844646548531651e+00
2.053849999999999731e+00,7.431510000000000060e-01,2.497765881795556697e-01,-1.231023880715551133e+00
2.034040000000000070e+00,7.413600000000000190e-01,2.498680267538902489e-01,-1.231188695136674172e+00
2.013720000000000176e+00,7.395689999999999209e-01,2.498737272460709036e-01,-1.231245598880178926e+00
1.992859999999999854e+00,7.377160000000000384e-01,2.498051914987905464e-01,-1.231361515635151838e+00
1.972180000000000044e+00,7.359539999999999971e-01,2.497491939871160083e-01,-1.231503302212321627e+00
1.952190000000000092e+00,7.349679999999999547e-01,2.499192790145869647e-01,-1.231653963280050279e+00
1.933039999999999869e+00,7.341900000000000093e-01,2.502643184468956172e-01,-1.231818505699747490e+00
1.914279999999999982e+00,7.334870000000000001e-01,2.505028693087485436e-01,-1.231904868879034165e+00
1.895859999999999879e+00,7.326759999999999939e-01,2.507071817823054993e-01,-1.232019841800537918e+00
1.878230000000000066e+00,7.316789999999999683e-01,2.508079964782027327e-01,-1.232118069004009886e+00
1.860800000000000010e+00,7.305770000000000319e-01,2.509187150729445537e-01,-1.232216584187818986e+00
1.843199999999999950e+00,7.297069999999999945e-01,2.511643398931005522e-01,-1.232344579678633423e+00
1.825550000000000006e+00,7.287720000000000864e-01,2.512638831903407644e-01,-1.232410266996066595e+00
1.807749999999999968e+00,7.279339999999999700e-01,2.513551772716985377e-01,-1.232561456065067063e+00
1.790380000000000082e+00,7.272119999999999695e-01,2.515333387499812945e-01,-1.232726700092289462e+00
1.772900000000000142e+00,7.266909999999999759e-01,2.515418423090847178e-01,-1.232898462941742324e+00
1.755609999999999893e+00,7.261790000000000189e-01,2.516979979238945231e-01,-1.233373934218459089e+00
1.738299999999999956e+00,7.259329999999999394e-01,2.518624998026999240e-01,-1.233496181177083040e+00
1.720790000000000042e+00,7.257059999999999622e-01,2.522161893446164815e-01,-1.233524889226837784e+00
1.703270000000000062e+00,7.257259999999999822e-01,2.525201338027934783e-01,-1.233614226785527235e+00
1.685750000000000082e+00,7.257780000000000342e-01,2.527477483275986092e-01,-1.233645418362129931e+00
1.667990000000000084e+00,7.260639999999999317e-01,2.528741677367215557e-01,-1.233751213031246907e+00
1.649990000000000068e+00,7.266119999999999246e-01,2.529708241514946332e-01,-1.233825353574187211e+00
1.631709999999999994e+00,7.274729999999999253e-01,2.530807321728000825e-01,-1.233866151796492394e+00
1.613210000000000033e+00,7.285539999999999239e-01,2.532245743716358688e-01,-1.233976071858422507e+00
1.594720000000000137e+00,7.297799999999999843e-01,2.532871544863257163e-01,-1.234144048483598155e+00
1.576119999999999965e+00,7.309660000000000046e-01,2.534370762494410068e-01,-1.234336765803063729e+00
1.557619999999999783e+00,7.321570000000000578e-01,2.535763972618838014e-01,-1.234563226348563303e+00
1.539109999999999978e+00,7.334380000000000344e-01,2.536614315147989740e-01,-1.234672299785105176e+00
1.520639999999999992e+00,7.350349999999999939e-01,2.538771157369262843e-01,-1.234780330359768419e+00
1.501950000000000118e+00,7.368510000000000337e-01,2.540852560537304461e-01,-1.234873822076024030e+00
1.483700000000000019e+00,7.384359999999999813e-01,2.542458998897579314e-01,-1.235000899784366002e+00
1.465270000000000072e+00,7.395080000000000542e-01,2.545051544508810659e-01,-1.235074400633350944e+00
1.446809999999999929e+00,7.404579999999999496e-01,2.547265087880428158e-01,-1.235138721816789964e+00
1.428730000000000055e+00,7.415750000000000952e-01,2.549728195860869739e-01,-1.235176666716413685e+00
1.411070000000000046e+00,7.426130000000000786e-01,2.552095662752423832e-01,-1.235252431047954902e+00
1.393739999999999979e+00,7.434260000000000312e-01,2.553314728391054000e-01,-1.235376396730068382e+00
1.376689999999999969e+00,7.440630000000000299e-01,2.553990200269785626e-01,-1.235569279582608981e+00
1.359539999999999971e+00,7.447219999999999951e-01,2.555175846619770486e-01,-1.235829002186052072e+00
1.342619999999999925e+00,7.452929999999999833e-01,2.557296092132216869e-01,-1.236104587651832620e+00
1.325880000000000170e+00,7.458780000000000410e-01,2.559674122636277360e-01,-1.236291217906516637e+00
1.309299999999999908e+00,7.465729999999999311e-01,2.561425539097381132e-01,-1.236323172928255776e+00
1.292339999999999822e+00,7.472699999999999898e-01,2.562632976597145618e-01,-1.236380679513342518e+00
1.275269999999999904e+00,7.479339999999999877e-01,2.564238640343172726e-01,-1.236409963550655577e+00
1.258190000000000142e+00,7.484779999999999767e-01,2.567027480098948433e-01,-1.236462731100673285e+00
1.241299999999999848e+00,7.486530000000000129e-01,2.570556725872596981e-01,-1.236507407876450637e+00
1.224430000000000129e+00,7.486190000000000344e-01,2.572239100038353210e-01,-1.236460822689074757e+00
1.207559999999999967e+00,7.482050000000000090e-01,2.574651725094699306e-01,-1.236592431338835896e+00
1.191189999999999971e+00,7.476699999999999458e-01,2.575401840295313827e-01,-1.236794301941698926e+00
1.173920000000000075e+00,7.471670000000000256e-01,2.576604990247042815e-01,-1.236999158646054475e+00
1.156970000000000054e+00,7.467359999999999554e-01,2.578401317995237529e-01,-1.237117839324086255e+00
1.139720000000000066e+00,7.461740000000000039e-01,2.579658158904581944e-01,-1.237214248880433187e+00
1.122999999999999998e+00,7.454389999999999628e-01,2.581151657654032205e-01,-1.237321104045954412e+00
1.105630000000000113e+00,7.446099999999999941e-01,2.581025704216135530e-01,-1.237409884604550037e+00
1.088619999999999921e+00,7.438719999999999777e-01,2.584717077140663011e-01,-1.237515996991129574e+00
1.071319999999999828e+00,7.428730000000000055e-01,2.586018062256282835e-01,-1.237508985874600675e+00
1.053910000000000124e+00,7.416230000000000322e-01,2.588994299847866554e-01,-1.237549904441568316e+00
1.036359999999999948e+00,7.402670000000000083e-01,2.590756641890811229e-01,-1.237705469469873032e+00
1.018699999999999939e+00,7.389139999999999597e-01,2.592759442776556011e-01,-1.237740253937125168e+00
1.000909999999999966e+00,7.376660000000000439e-01,2.595271200998806593e-01,-1.237775567641722585e+00
9.833150000000000501e-01,7.367079999999999185e-01,2.597618614705083373e-01,-1.237833463532953315e+00
9.660489999999999355e-01,7.357489999999999863e-01,2.598638635825228915e-01,-1.237866174720137602e+00
9.490680000000000227e-01,7.349930000000000074e-01,2.599494188682118789e-01,-1.237947198176448493e+00
9.322679999999999856e-01,7.345539999999999292e-01,2.601701534811824978e-01,-1.238108151897827192e+00
9.160560000000000924e-01,7.340829999999999300e-01,2.604485687328110255e-01,-1.238164991245255253e+00
9.004010000000000069e-01,7.333410000000000206e-01,2.606923238439203816e-01,-1.238244871718715334e+00
8.847990000000000022e-01,7.326889999999999237e-01,2.608706699313336208e-01,-1.238254047490967125e+00
8.693260000000000431e-01,7.320570000000000688e-01,2.610382833473987585e-01,-1.238276565867990398e+00
8.530950000000000477e-01,7.316820000000000546e-01,2.612322883238878402e-01,-1.238365871810319430e+00
8.379160000000001052e-01,7.312349999999999683e-01,2.615254597007642401e-01,-1.238445030529581325e+00
8.226989999999999581e-01,7.307140000000000857e-01,2.617299006755249291e-01,-1.238476647552542165e+00
8.076369999999999383e-01,7.303290000000000060e-01,2.619021176959677177e-01,-1.238519990272586524e+00
7.925180000000000557e-01,7.303399999999999892e-01,2.621099081535491759e-01,-1.238628543800965653e+00
7.773189999999999822e-01,7.304120000000000612e-01,2.623368919666408949e-01,-1.238735544390329402e+00
7.621090000000000364e-01,7.305439999999999712e-01,2.625780258311535831e-01,-1.238807643001275771e+00
7.468040000000000234e-01,7.307870000000000754e-01,2.627711768713749674e-01,-1.238857151293525138e+00
7.312349999999999683e-01,7.313229999999999453e-01,2.630184760428745383e-01,-1.238898908850508906e+00
7.158360000000000278e-01,7.319269999999999943e-01,2.633443106240456744e-01,-1.238929907791399776e+00
6.998990000000000489e-01,7.326409999999999867e-01,2.635606651135876666e-01,-1.239007321180293664e+00
6.838370000000000282e-01,7.335329999999999906e-01,2.637725440524834042e-01,-1.239051638086652307e+00
6.679479999999999862e-01,7.346110000000000140e-01,2.639999802340933788e-01,-1.239080484247371494e+00
6.520309999999999162e-01,7.358540000000000081e-01,2.641452555436397120e-01,-1.239131403517998997e+00
6.360820000000000363e-01,7.372989999999999267e-01,2.643314441473195719e-01,-1.239181847114296575e+00
6.201400000000000245e-01,7.387190000000000145e-01,2.644958396899372288e-01,-1.239227737890463032e+00
6.038819999999999188e-01,7.403390000000000803e-01,2.646352922345143743e-01,-1.239267491376576213e+00
5.871900000000001008e-01,7.420869999999999411e-01,2.648181656246215709e-01,-1.239302302526530841e+00
5.699450000000000349e-01,7.440039999999999987e-01,2.649585310693440277e-01,-1.239373652679530036e+00
5.522939999999999516e-01,7.460829999999999407e-01,2.650607921921939725e-01,-1.239460426804651627e+00
5.349450000000000038e-01,7.479900000000000437e-01,2.652719859947384462e-01,-1.239493145275198938e+00
5.178809999999999247e-01,7.497310000000000363e-01,3.512459180361665601e-01,-1.291100553135327456e+00
5.011780000000000124e-01,7.515190000000000481e-01,3.518756241683001496e-01,-1.290539759824345989e+00
4.846979999999999622e-01,7.531989999999999519e-01,1.792939108940293791e-01,-1.289093538288344165e+00
4.683759999999999590e-01,7.548259999999999970e-01,1.798954606338073470e-01,-1.289743308217885520e+00
4.521459999999999924e-01,7.562659999999999938e-01,1.804983854482924699e-01,-1.290411309264137607e+00
4.363020000000000231e-01,7.573779999999999957e-01,1.810856826077764936e-01,-1.291063252955258367e+00
4.207040000000000224e-01,7.585060000000000136e-01,1.816378887391144614e-01,-1.291560201170087518e+00
4.051899999999999946e-01,7.594450000000000367e-01,1.821719446972630552e-01,-1.292100999216976742e+00
3.898229999999999751e-01,7.606049999999999756e-01,2.675340044697775976e-01,-1.239691570433696377e+00
3.746780000000000110e-01,7.618489999999999984e-01,2.676840777445574915e-01,-1.239724630783420656e+00
3.595520000000000382e-01,7.630730000000000013e-01,2.677515801058774070e-01,-1.239793727263731604e+00
3.442859999999999809e-01,7.642970000000000041e-01,2.678593318961662861e-01,-1.239780178926416898e+00
3.289230000000000209e-01,7.654750000000000165e-01,2.680295062051926691e-01,-1.239685800309286101e+00
3.134560000000000124e-01,7.665499999999999536e-01,2.682477806654278152e-01,-1.239643419110511902e+00
2.983310000000000128e-01,7.672949999999999493e-01,2.683721786289994249e-01,-1.239667794482772978e+00
2.828100000000000058e-01,7.678599999999999870e-01,2.685217762820564236e-01,-1.239785458202934620e+00
2.675960000000000005e-01,7.683029999999999582e-01,2.687269085714611982e-01,-1.239773169397463848e+00
2.520519999999999983e-01,7.687009999999999676e-01,2.690222039785621910e-01,-1.239716805348187290e+00
2.364060000000000050e-01,7.690520000000000689e-01,2.692879888254471887e-01,-1.239698812566176755e+00
2.207659999999999900e-01,7.692290000000000516e-01,2.694922740523630345e-01,-1.239758174850758454e+00
2.050289999999999890e-01,7.693090000000000206e-01,2.697719940055412491e-01,-1.239816254102795501e+00
1.894329999999999903e-01,7.693200000000000038e-01,2.700118093158556110e-01,-1.239844779981292167e+00
1.736070000000000113e-01,7.692539999999999933e-01,2.702928043003622882e-01,-1.239828894468298914e+00
1.576399999999999746e-01,7.691559999999999508e-01,2.704992415721749754e-01,-1.239851066984790640e+00
1.416049999999999809e-01,7.689380000000000104e-01,2.707241910771192583e-01,-1.239877744571037388e+00
1.252780000000000005e-01,7.684829999999999162e-01,2.709503125603840434e-01,-1.239856033366518728e+00
1.086869999999999920e-01,7.678359999999999630e-01,2.711721243971504380e-01,-1.239850180231180765e+00
9.164250000000000174e-02,7.671000000000000041e-01,2.713508991442312168e-01,-1.239799505869090712e+00
7.425339999999999718e-02,7.664549999999999974e-01,2.715368612435874462e-01,-1.239797469847547129e+00
5.660690000000000166e-02,7.657999999999999252e-01,2.716729340985180596e-01,-1.239829150666142299e+00
3.923030000000000267e-02,7.653590000000000115e-01,2.718506944439262329e-01,-1.239817470903008312e+00
2.199360000000000204e-02,7.650439999999999463e-01,2.720220231626672702e-01,-1.239745016427854285e+00
5.047480000000000022e-03,7.647889999999999411e-01,2.722816098192797352e-01,-1.239724526403891858e+00
-1.182029999999999886e-02,7.645040000000000724e-01,2.724906050294551019e-01,-1.239753923106216904e+00
-2.822759999999999853e-02,7.641169999999999352e-01,2.726859897165241908e-01,-1.239752247705224519e+00
-4.436330000000000134e-02,7.638030000000000097e-01,2.729221885546494475e-01,-1.239744462775856260e+00
-6.025050000000000544e-02,7.636519999999999975e-01,2.732044764764072209e-01,-1.239729609587833403e+00
-7.595409999999999662e-02,7.634199999999999875e-01,2.733658048346436775e-01,-1.239670453641763981e+00
-9.142230000000001189e-02,7.629669999999999508e-01,2.734725168038041332e-01,-1.239643987518751045e+00
-1.068220000000000003e-01,7.624980000000000091e-01,2.737207026531129905e-01,-1.239638604867030480e+00
-1.219890000000000002e-01,7.621240000000000236e-01,2.739369162121154111e-01,-1.239621210699492382e+00
-1.371510000000000229e-01,7.616029999999999189e-01,2.742391819480460291e-01,-1.239585524654263970e+00
-1.526649999999999952e-01,7.612510000000000110e-01,2.744029648434183066e-01,-1.239615816631423506e+00
-1.679979999999999807e-01,7.608719999999999928e-01,2.744473243852808553e-01,-1.239671276314028070e+00
-1.834880000000000122e-01,7.606849999999999445e-01,2.746305274709032740e-01,-1.239633483129168434e+00
-1.987019999999999897e-01,7.606319999999999748e-01,2.748588106259552410e-01,-1.239583041302574129e+00
-2.140039999999999998e-01,7.608500000000000263e-01,2.750672871440441036e-01,-1.239542795219640725e+00
-2.294010000000000216e-01,7.612640000000000517e-01,2.753447142058697561e-01,-1.239479132132485617e+00
-2.450720000000000121e-01,7.616029999999999189e-01,2.754807111466350267e-01,-1.239468488843681770e+00
-2.609619999999999718e-01,7.619559999999999667e-01,2.757334802970489163e-01,-1.239421696298207420e+00
-2.768469999999999542e-01,7.623199999999999976e-01,2.760293040988375801e-01,-1.239333771966881548e+00
-2.927589999999999915e-01,7.627490000000000103e-01,2.762445856349821094e-01,-1.239274719419095172e+00
-3.088500000000000134e-01,7.632809999999999873e-01,2.764752785385306000e-01,-1.239245762217339619e+00
-3.249189999999999579e-01,7.640170000000000572e-01,2.767387608316243530e-01,-1.239155534949978099e+00
-3.409760000000000013e-01,7.648760000000000003e-01,2.768152248353910050e-01,-1.239117521074283745e+00
-3.573220000000000285e-01,7.658509999999999485e-01,2.770440371716639816e-01,-1.239088205999300918e+00
-3.739109999999999934e-01,7.669160000000000421e-01,2.772584424501070011e-01,-1.239001404582550148e+00
-3.909230000000000205e-01,7.681679999999999620e-01,2.775538467734858239e-01,-1.238951106113471923e+00
-4.085139999999999882e-01,7.696380000000000443e-01,2.778546011024537465e-01,-1.238882270954956288e+00
-4.260120000000000018e-01,7.711350000000000149e-01,2.780881090181701043e-01,-1.238786631126997273e+00
-4.436200000000000143e-01,7.722830000000000528e-01,2.783039887496188691e-01,-1.238691711976700693e+00
-4.607600000000000029e-01,7.731719999999999704e-01,2.784870254280896740e-01,-1.238654037085276771e+00
-4.775659999999999905e-01,7.740909999999999735e-01,2.786900296097108987e-01,-1.238656599019227755e+00
-4.940950000000000064e-01,7.751740000000000297e-01,2.788488373032563250e-01,-1.238635659681672330e+00
-5.103710000000000191e-01,7.761829999999999563e-01,2.789439654305499450e-01,-1.238635568239432549e+00
-5.267580000000000595e-01,7.767939999999999845e-01,2.790613156742031142e-01,-1.238641354869975952e+00
-5.429619999999999447e-01,7.771160000000000290e-01,2.792685228151625676e-01,-1.238523643800068408e+00
-5.589529999999999221e-01,7.774820000000000064e-01,2.795067539572239634e-01,-1.238480360677410852e+00
-5.748090000000000144e-01,7.779719999999999969e-01,2.797629726538499173e-01,-1.238447929232847189e+00
-5.905340000000000034e-01,7.784990000000000521e-01,2.799814844308288753e-01,-1.238425685221174133e+00
-6.063669999999999893e-01,7.790150000000000130e-01,2.801782214980128027e-01,-1.238360278513746637e+00
-6.218110000000000026e-01,7.792980000000000462e-01,2.805102561732210065e-01,-1.238293249610197488e+00
-6.376810000000000533e-01,7.796190000000000619e-01,2.807165770131931359e-01,-1.238245568429553245e+00
-6.535530000000000506e-01,7.798859999999999681e-01,2.809211814883294522e-01,-1.238157796422510115e+00
-6.694649999999999768e-01,7.798780000000000712e-01,2.811262937097684933e-01,-1.238108466556970599e+00
-6.853110000000000035e-01,7.797479999999999967e-01,2.812655751738242227e-01,-1.238078353529763920e+00
-7.011349999999999527e-01,7.794769999999999754e-01,2.814117317712312438e-01,-1.237947930420921105e+00
-7.169719999999999427e-01,7.789800000000000058e-01,2.816315351039177517e-01,-1.237844404321789105e+00
-7.330520000000000369e-01,7.783959999999999768e-01,2.818756438395472741e-01,-1.237780382338193430e+00
-7.486490000000000089e-01,7.777889999999999526e-01,2.821780137912727193e-01,-1.237715204011894610e+00
-7.649160000000000403e-01,7.771090000000000497e-01,2.824086073496951399e-01,-1.237741068130156830e+00
-7.811910000000000798e-01,7.763300000000000756e-01,2.825418290592232040e-01,-1.237715504077222972e+00
-7.973080000000000167e-01,7.754500000000000837e-01,2.826088145141127939e-01,-1.237640807083581374e+00
-8.133089999999999486e-01,7.744600000000000373e-01,2.828083804292710335e-01,-1.237477346327320316e+00
-8.295379999999999976e-01,7.733250000000000401e-01,2.828362568139873856e-01,-1.237462966282833587e+00
-8.460059999999999247e-01,7.720249999999999613e-01,2.831218450287097954e-01,-1.237251574435687562e+00
-8.628479999999999484e-01,7.706989999999999119e-01,2.833235705373846613e-01,-1.237171588894663277e+00
-8.801290000000000502e-01,7.693159999999999998e-01,2.836180166567642269e-01,-1.237145518573304237e+00
-8.978189999999999227e-01,7.677300000000000235e-01,2.838715627953414256e-01,-1.237091911283310308e+00
-9.157690000000000552e-01,7.661760000000000792e-01,2.840201517299185685e-01,-1.237042702594349564e+00
-9.337170000000000192e-01,7.648949999999999916e-01,2.842878005708363576e-01,-1.236925488006960228e+00
-9.514589999999999437e-01,7.635700000000000820e-01,2.843958744330845057e-01,-1.236932389888915518e+00
-9.689600000000000435e-01,7.623419999999999641e-01,2.846595762480246261e-01,-1.236862349009535400e+00
-9.862910000000000288e-01,7.612700000000000022e-01,2.849775341036636100e-01,-1.236719732813315042e+00
-1.003309999999999924e+00,7.601879999999999749e-01,2.851259219814590851e-01,-1.236621806578375837e+00
-1.020149999999999890e+00,7.589450000000000918e-01,2.853138064493530024e-01,-1.236481283210316695e+00
-1.036660000000000137e+00,7.578139999999999876e-01,2.854469632811866830e-01,-1.236458445422120800e+00
-1.053109999999999991e+00,7.568540000000000267e-01,2.856453908368325467e-01,-1.236362571939868760e+00
-1.069359999999999866e+00,7.560909999999999576e-01,2.857161473981680855e-01,-1.236200830441591236e+00
-1.085640000000000160e+00,7.555109999999999326e-01,2.858069097047737928e-01,-1.236091663480069824e+00
-1.101880000000000193e+00,7.548850000000000282e-01,2.859997166880119956e-01,-1.235957789361863624e+00
-1.118299999999999850e+00,7.542750000000000288e-01,2.862686760598797675e-01,-1.235836014098546931e+00
-1.134609999999999896e+00,7.537530000000000063e-01,2.864608777381074667e-01,-1.235772313235081299e+00
-1.150950000000000140e+00,7.535040000000000626e-01,2.867335118694393503e-01,-1.235617572704781786e+00
-1.167519999999999891e+00,7.533999999999999586e-01,2.868070380795522123e-01,-1.235525038054921865e+00
-1.184279999999999999e+00,7.534740000000000881e-01,2.868802074080883391e-01,-1.235419363077096655e+00
-1.201309999999999878e+00,7.536369999999998903e-01,2.870828042694199000e-01,-1.235225923353980626e+00
-1.218289999999999873e+00,7.542129999999999113e-01,2.873135087645912744e-01,-1.235135031158935748e+00
-1.235779999999999879e+00,7.546509999999999607e-01,2.875933322823637228e-01,-1.234987096763286329e+00
-1.253419999999999979e+00,7.552050000000000152e-01,2.878231501694244465e-01,-1.234854933717767222e+00
-1.270890000000000075e+00,7.559660000000000268e-01,2.879977807182527716e-01,-1.234770681963802019e+00
-1.288030000000000008e+00,7.571380000000000887e-01,2.881851531100434460e-01,-1.234656899506295868e+00
-1.305140000000000189e+00,7.585309999999999553e-01,2.883483211089912235e-01,-1.234503445887392026e+00
-1.322510000000000074e+00,7.600679999999999659e-01,2.884475122767218291e-01,-1.234341959682629719e+00
-1.340160000000000018e+00,7.616860000000000852e-01,2.884767827746582136e-01,-1.234170477071594885e+00
-1.358230000000000048e+00,7.632660000000000000e-01,2.885620401108066058e-01,-1.234022123157846096e+00
-1.376839999999999842e+00,7.648080000000000434e-01,2.887517040327611806e-01,-1.233888871934753162e+00
-1.395270000000000010e+00,7.664670000000000094e-01,2.890462244319701446e-01,-1.233724151782424228e+00
-1.412869999999999848e+00,7.681489999999999707e-01,2.893407634868792599e-01,-1.233418670637973280e+00
-1.430449999999999999e+00,7.699949999999999850e-01,2.896138554976983026e-01,-1.233162427326847110e+00
-1.447910000000000030e+00,7.716810000000000613e-01,2.897856506647389918e-01,-1.233067970265908198e+00
-1.465410000000000101e+00,7.728720000000000034e-01,2.899093471703889646e-01,-1.232968725089742756e+00
-1.482199999999999962e+00,7.739559999999999773e-01,2.900141230157797234e-01,-1.232956679165112979e+00
-1.498850000000000016e+00,7.746330000000000160e-01,2.900928135507770955e-01,-1.232868655353944520e+00
-1.515569999999999862e+00,7.752559999999999452e-01,2.902124959991719266e-01,-1.232675717256335846e+00
-1.531970000000000054e+00,7.759389999999999343e-01,2.903746989574161330e-01,-1.232448791987177383e+00
-1.548359999999999959e+00,7.766049999999999898e-01,2.905833830993569400e-01,-1.232318856505602689e+00
-1.564630000000000187e+00,7.773160000000000069e-01,2.908047611783134978e-01,-1.232200686437520343e+00
-1.580849999999999866e+00,7.779289999999999816e-01,2.909247171258259601e-01,-1.232053631205400457e+00
-1.597299999999999942e+00,7.784600000000000408e-01,2.910696660057426333e-01,-1.231899519920913066e+00
-1.613739999999999952e+00,7.787979999999999903e-01,2.911990137152602465e-01,-1.231726585791701467e+00
-1.630059999999999842e+00,7.790099999999999802e-01,2.914178389648766632e-01,-1.231409836373427824e+00
-1.646089999999999831e+00,7.790850000000000275e-01,2.914833683364136951e-01,-1.231229123057391961e+00
-1.662449999999999983e+00,7.788849999999999385e-01,2.916583455903174471e-01,-1.231004913896149855e+00
-1.678690000000000015e+00,7.786349999999999660e-01,2.918436752802985312e-01,-1.230834499215870181e+00
-1.695030000000000037e+00,7.782109999999999861e-01,2.920364629046540705e-01,-1.230725045212558877e+00
-1.711440000000000072e+00,7.779389999999999361e-01,2.921540789438873409e-01,-1.230632861583267346e+00
-1.727659999999999973e+00,7.776549999999999851e-01,2.922362976540349710e-01,-1.230482793023768950e+00
-1.743929999999999980e+00,7.772250000000000547e-01,2.922955009577368202e-01,-1.230314878099507681e+00
-1.760220000000000118e+00,7.767600000000000060e-01,2.923726100475619871e-01,-1.230283043908950491e+00
-1.776510000000000034e+00,7.761930000000000218e-01,2.925177636403302750e-01,-1.230187957049945657e+00
-1.792980000000000018e+00,7.754860000000000086e-01,2.926415644819179152e-01,-1.230104250600511318e+00
-1.809919999999999973e+00,7.746359999999999912e-01,2.928000908347061504e-01,-1.229933703035581471e+00
-1.827210000000000001e+00,7.738059999999999938e-01,2.929553785761869200e-01,-1.229703161631028996e+00
-1.845089999999999897e+00,7.728850000000000442e-01,2.931884288795505999e-01,-1.229465724870222321e+00
-1.863589999999999858e+00,7.719899999999999540e-01,2.934400359036374306e-01,-1.229114626964702861e+00
-1.882549999999999946e+00,7.706779999999999742e-01,2.936108462138083408e-01,-1.228905005332958655e+00
-1.901609999999999800e+00,7.697979999999999823e-01,2.937050445264871579e-01,-1.228796802818462375e+00
-1.920179999999999998e+00,7.689650000000000096e-01,2.937544799581476296e-01,-1.228713343218037268e+00
-1.938180000000000014e+00,7.680009999999999337e-01,2.938656442419935733e-01,-1.228620442923537226e+00
-1.955969999999999986e+00,7.672100000000000586e-01,2.940122579403414704e-01,-1.228429642712728143e+00
-1.973260000000000014e+00,7.662660000000000027e-01,2.942328971485041467e-01,-1.228197284344018758e+00
-1.990199999999999969e+00,7.653649999999999620e-01,2.943399377438104536e-01,-1.228030555080684483e+00
-2.006740000000000190e+00,7.642219999999999569e-01,2.943873665969153341e-01,-1.227954014625021406e+00
-2.022869999999999724e+00,7.630399999999999405e-01,2.945015546152354724e-01,-1.227954864456656692e+00
-2.038660000000000139e+00,7.619199999999999307e-01,2.946837917961973030e-01,-1.227838471851033342e+00
-2.054539999999999811e+00,7.607569999999999055e-01,2.948677181127120073e-01,-1.227612210234410028e+00
-2.070510000000000073e+00,7.596799999999999109e-01,2.950114151988031397e-01,-1.227289082832722755e+00
-2.086340000000000305e+00,7.586150000000000393e-01,2.950913827652461019e-01,-1.227058767619424673e+00
-2.102260000000000240e+00,7.577000000000000401e-01,2.952552073950723277e-01,-1.226780013291676630e+00
-2.117909999999999737e+00,7.568890000000000340e-01,2.954232595443948561e-01,-1.226658030478674721e+00
-2.133249999999999869e+00,7.562100000000000488e-01,2.955247032665692108e-01,-1.226573226093798263e+00
-2.148909999999999876e+00,7.557249999999999801e-01,2.955675225596916533e-01,-1.226360506625701285e+00
-2.164550000000000196e+00,7.554429999999999756e-01,2.956713833751924425e-01,-1.226120493895321184e+00
-2.180300000000000349e+00,7.554020000000000179e-01,2.957194371752996931e-01,-1.226205887246119675e+00
-2.196219999999999839e+00,7.555040000000000644e-01,2.959036703126222689e-01,-1.225925780246362784e+00
-2.212330000000000130e+00,7.556749999999999856e-01,2.959788454992577922e-01,-1.225853274651525826e+00
nan,nan,2.960760522113700111e-01,-1.225663930569115712e+00
-2.244269999999999765e+00,7.562290000000000401e-01,2.960877555826145757e-01,-1.225522874802510875e+00
-2.259980000000000100e+00,7.566009999999999680e-01,2.961842069429216906e-01,-1.225373693407763920e+00
-2.275469999999999882e+00,7.571870000000000545e-01,2.962690328877415347e-01,-1.225209353809908253e+00
-2.291059999999999874e+00,7.576880000000000281e-01,2.964450652133283626e-01,-1.224940901954495454e+00
-2.306769999999999765e+00,7.582459999999999756e-01,2.967017690168678445e-01,-1.224763180021162468e+00
-2.322869999999999990e+00,7.588989999999999903e-01,2.970093082707452870e-01,-1.224566519713041757e+00
-2.339239999999999764e+00,7.596459999999999324e-01,2.970965777199935376e-01,-1.224426576982511561e+00
-2.356170000000000098e+00,7.606699999999999573e-01,2.971016233768287162e-01,-1.224118518767635555e+00
-2.373289999999999900e+00,7.618260000000000032e-01,2.971282900723314357e-01,-1.223841608562156402e+00
-2.390519999999999978e+00,7.626979999999999871e-01,2.971627726926340807e-01,-1.223721675457085212e+00
-2.407590000000000341e+00,7.633370000000000433e-01,2.972646746401803597e-01,-1.223554267140624541e+00
-2.424039999999999750e+00,7.640820000000000389e-01,2.973776341659057909e-01,-1.223356845393551939e+00
-2.439919999999999867e+00,7.649479999999999613e-01,2.975904322628940557e-01,-1.223176207807337157e+00
nan,nan,2.978198804274582168e-01,-1.222912624393210246e+00
nan,nan,2.979768998548676384e-01,-1.222761705252928044e+00
nan,nan,2.979659676734245921e-01,-1.222735123086895248e+00
nan,nan,2.979870157812908316e-01,-1.222625252470119328e+00
nan,nan,2.982392165901254777e-01,-1.222367231582023761e+00
nan,nan,2.984604514447433132e-01,-1.222307355718853517e+00
nan,nan,2.985527152253980576e-01,-1.222218975071412306e+00
nan,nan,2.985139258463510026e-01,-1.222035352616772652e+00
nan,nan,2.984463015234472549e-01,-1.221824631733867683e+00
nan,nan,2.984562011128639725e-01,-1.221692876176177833e+00
nan,nan,2.986151989901341675e-01,-1.221547455874259169e+00
nan,nan,2.988060109178715118e-01,-1.221348480574730777e+00
nan,nan,2.989400452698942612e-01,-1.221117691339275391e+00
nan,nan,2.990512789318569009e-01,-1.220962732274805118e+00
nan,nan,2.991335114981626964e-01,-1.220801950834773830e+00
nan,nan,2.991796283526272360e-01,-1.220575065598217712e+00
nan,nan,2.992469226470280130e-01,-1.220336461275604023e+00
nan,nan,2.992853701146047651e-01,-1.220178497874908841e+00
nan,nan,2.993020908522827095e-01,-1.220025929422586586e+00
nan,nan,2.992351049577187672e-01,-1.220098333085778197e+00
nan,nan,2.992809649066561217e-01,-1.219934928063722612e+00
nan,nan,2.993452526492202947e-01,-1.219788050167086579e+00
nan,nan,2.994948125900198099e-01,-1.219675880082530028e+00
nan,nan,2.996772313965855861e-01,-1.219557901431301827e+00
nan,nan,2.999273905170670718e-01,-1.219358278393192885e+00
nan,nan,2.999865900510823580e-01,-1.219048618578489229e+00
nan,nan,3.000549807478217756e-01,-1.218755702603144364e+00
nan,nan,3.000887941185584329e-01,-1.218665771743789872e+00
nan,nan,3.001538592975470099e-01,-1.218559726658880793e+00
nan,nan,3.002153484482806833e-01,-1.218408316625256615e+00
nan,nan,3.002737642423599640e-01,-1.218119529099566778e+00
nan,nan,3.003241296422349271e-01,-1.217881920205655444e+00
nan,nan,3.004000519629094201e-01,-1.217618440004032410e+00
nan,nan,3.004734563150880944e-01,-1.217465447262944256e+00
nan,nan,3.005496119955393675e-01,-1.217197887364081632e+00
nan,nan,3.007293479694906901e-01,-1.216956245552288873e+00
nan,nan,3.008123812765836069e-01,-1.216935092409969998e+00
nan,nan,3.008377822886239006e-01,-1.216777204848885408e+00
nan,nan,3.008404242620096869e-01,-1.216716291118525195e+00
nan,nan,3.008719107904911927e-01,-1.216590789357690827e+00
nan,nan,3.009661286586837181e-01,-1.216404709360687120e+00
nan,nan,3.010784172737887565e-01,-1.216108041882227875e+00
nan,nan,3.011713901957234762e-01,-1.215885796467065294e+00
nan,nan,3.013246138909353999e-01,-1.215588599757624788e+00
nan,nan,3.013711632509226135e-01,-1.215565165573113449e+00
nan,nan,3.013749103828223808e-01,-1.215459400069393014e+00
nan,nan,3.013425366007225770e-01,-1.215295637438210674e+00
nan,nan,3.013320128751018068e-01,-1.215069669528420881e+00
nan,nan,3.013790518756753189e-01,-1.215042111499271105e+00
nan,nan,3.013952750021854921e-01,-1.214776124566279591e+00
nan,nan,3.014474012670627645e-01,-1.214535243178114898e+00
nan,nan,3.015649944223051104e-01,-1.214373823852263667e+00
nan,nan,3.016536335744594011e-01,-1.214198029850579674e+00
nan,nan,3.017157207497234150e-01,-1.213969586236461673e+00
nan,nan,3.018158740085152836e-01,-1.213862104052321644e+00
nan,nan,3.019140686714616439e-01,-1.213595483876111603e+00
nan,nan,3.019268939455107548e-01,-1.213489594314929976e+00
nan,nan,3.018873446519322323e-01,-1.213458490546446056e+00
nan,nan,3.017857063154903985e-01,-1.213176667171190326e+00
nan,nan,3.017725317270712471e-01,-1.212828389753809466e+00
nan,nan,3.018568640166550687e-01,-1.212590210650875022e+00
nan,nan,3.019465863059647148e-01,-1.212429928834198423e+00
nan,nan,5.019635887145510456e-01,-1.211777443469682636e+00
nan,nan,5.019832192375086599e-01,-1.210246476626288814e+00
nan,nan,5.020574097031484939e-01,-1.208877613540416895e+00
nan,nan,5.021262973789382134e-01,-1.207305477307951014e+00
nan,nan,5.020840365983219034e-01,-1.205857001571594589e+00
nan,nan,5.020133628120332370e-01,-1.204387747287646304e+00
nan,nan,5.019200688863763027e-01,-1.202871149360473346e+00
nan,nan,5.018739425693710121e-01,-1.201460919014751605e+00
nan,nan,5.018680805698908509e-01,-1.200031091231934965e+00
nan,nan,5.017877045208323228e-01,-1.198601045933575637e+00
nan,nan,5.016676455383253241e-01,-1.197020114495412457e+00
nan,nan,5.015931689445922714e-01,-1.195542907316988313e+00
nan,nan,5.016078747295448226e-01,-1.194127558463027539e+00
nan,nan,5.016186655021656060e-01,-1.192612104341492785e+00
nan,nan,5.014701571179364104e-01,-1.191073325113769954e+00
nan,nan,5.012800755209799730e-01,-1.189720865761352497e+00
nan,nan,5.010891560861742144e-01,-1.188383237711759133e+00
nan,nan,5.008970558133279960e-01,-1.186959251393612469e+00
nan,nan,5.007966534880110565e-01,-1.185501960444223624e+00
nan,nan,5.008276845645895925e-01,-1.184010120105759789e+00
nan,nan,5.007025042640138590e-01,-1.182551799904324019e+00
nan,nan,5.005728644734201982e-01,-1.181038734858156136e+00
nan,nan,5.003112381863661362e-01,-1.179412545833590453e+00
nan,nan,5.001436004019623738e-01,-1.178221693993081853e+00
nan,nan,4.999264295142377135e-01,-1.176871721173787799e+00
nan,nan,4.996772247686214752e-01,-1.175479633742209318e+00
nan,nan,4.994321293860173316e-01,-1.174093515770298080e+00
nan,nan,4.992094355170653697e-01,-1.172675278825038081e+00
nan,nan,4.989273505002149167e-01,-1.171135615650306550e+00
nan,nan,4.986264745508324769e-01,-1.169700865522661948e+00
nan,nan,4.983784727216835075e-01,-1.168265096134773806e+00
nan,nan,4.981840881786701591e-01,-1.166793714176349139e+00
nan,nan,4.979541202914047893e-01,-1.165372607907841029e+00
nan,nan,4.976419236653591427e-01,-1.163870516399274635e+00
nan,nan,4.973528661415884677e-01,-1.162507665815962765e+00
nan,nan,4.970042735585039062e-01,-1.160896687983811404e+00
nan,nan,4.966283253394448982e-01,-1.159388743728493321e+00
nan,nan,4.962419789616433485e-01,-1.158060680855938163e+00
nan,nan,4.958869618227646492e-01,-1.156733805802241388e+00
nan,nan,4.955801536362176019e-01,-1.155319778205689873e+00
nan,nan,4.953510853339599396e-01,-1.154303766427924316e+00
nan,nan,4.952011874355787269e-01,-1.153679873846242154e+00
nan,nan,4.951624492742146555e-01,-1.153304009645695682e+00
nan,nan,4.951564330086513643e-01,-1.153382358601176438e+00
nan,nan,4.952109317090273022e-01,-1.153501569533013527e+00
nan,nan,4.952427554636396612e-01,-1.153693487652645011e+00
nan,nan,4.951629420056591901e-01,-1.153756547593733028e+00
nan,nan,4.950666518097869284e-01,-1.153572929469511843e+00
nan,nan,4.949729641910388667e-01,-1.153249911217801404e+00
nan,nan,4.949825900095899400e-01,-1.153202599295732433e+00
nan,nan,4.951283289170778090e-01,-1.153422060978521735e+00
nan,nan,4.953854795180714365e-01,-1.153842243118462507e+00
nan,nan,4.956521451673434608e-01,-1.154259244828059305e+00
nan,nan,4.958723370018292553e-01,-1.154573605227193545e+00
nan,nan,4.959026329012780621e-01,-1.154708242111090355e+00
nan,nan,4.958566349067676238e-01,-1.154667080444247373e+00
nan,nan,4.959599082447477270e-01,-1.154457556102592042e+00
nan,nan,4.960707706120709437e-01,-1.154325171042164477e+00
nan,nan,4.960722412514119717e-01,-1.154486287756155916e+00
nan,nan,4.960331226274840022e-01,-1.154715186167351471e+00
nan,nan,4.961228953428067912e-01,-1.154946291614297849e+00
nan,nan,4.963007816119295867e-01,-1.155155756861484972e+00
nan,nan,4.964283860190568665e-01,-1.155303146244075929e+00
nan,nan,4.964300585762781992e-01,-1.155398691512812048e+00
nan,nan,4.964226679429711853e-01,-1.155467883727841372e+00
nan,nan,4.965190757717075631e-01,-1.155544263266801375e+00
nan,nan,4.966107399373237419e-01,-1.155702262850511142e+00
nan,nan,4.967003829569626161e-01,-1.155891056951822371e+00
nan,nan,4.967666501423709802e-01,-1.155996747299717686e+00
nan,nan,4.968095373512255719e-01,-1.156130416695340779e+00
nan,nan,4.968581399552089994e-01,-1.156209538645155188e+00
nan,nan,4.969263425036944959e-01,-1.156253402422930954e+00
nan,nan,4.969305502135035746e-01,-1.156248435249340289e+00
nan,nan,4.969528332486073952e-01,-1.156305935923008121e+00
nan,nan,4.970845355235251062e-01,-1.156411413386251308e+00
nan,nan,4.973213840748770265e-01,-1.156514919357585658e+00
nan,nan,4.975467032217398278e-01,-1.156699299602080622e+00
nan,nan,4.976209981188375320e-01,-1.156870394383157086e+00
nan,nan,4.975937820461184824e-01,-1.156953515049962800e+00
nan,nan,4.976085458328585176e-01,-1.157000576250227120e+00
nan,nan,4.976497824547087556e-01,-1.156978243063311762e+00
nan,nan,4.977211703598831138e-01,-1.156987469667537738e+00
nan,nan,4.977441027766594805e-01,-1.157103414960934051e+00
nan,nan,4.977167305477702142e-01,-1.157294968813140423e+00
nan,nan,4.977540796702313308e-01,-1.157420026739123919e+00
nan,nan,4.978402987718348327e-01,-1.157478674653710016e+00
nan,nan,4.979098975052703713e-01,-1.157489816772416580e+00
nan,nan,4.979886828448961134e-01,-1.157508916829344203e+00
nan,nan,4.980481660721081671e-01,-1.157524226281448021e+00
nan,nan,4.981318167307465794e-01,-1.157613788201777849e+00
nan,nan,4.981909909534588676e-01,-1.157699317013928253e+00
nan,nan,4.981929529789960731e-01,-1.157817758840141487e+00
nan,nan,4.981612619945096632e-01,-1.157890437190555621e+00
nan,nan,4.981384571698939667e-01,-1.157928066190468286e+00
nan,nan,4.981617856824675505e-01,-1.157969143162740799e+00
nan,nan,4.982341639538682698e-01,-1.157990122498428365e+00
nan,nan,4.983315247366888467e-01,-1.157987013523533060e+00
nan,nan,4.984056070237274372e-01,-1.158062085109232253e+00
nan,nan,4.984554066276222772e-01,-1.158018872586353387e+00
nan,nan,4.985123871718621924e-01,-1.158092652728661909e+00
nan,nan,4.986072923070170582e-01,-1.158196310204663959e+00
nan,nan,4.987117998336286773e-01,-1.158274087086505144e+00
nan,nan,4.986766936801959593e-01,-1.158372593569844788e+00
nan,nan,4.986028993562577338e-01,-1.158446724785006765e+00
nan,nan,4.985688895768809470e-01,-1.158523809864900223e+00
nan,nan,4.985988239786635079e-01,-1.158418703540034844e+00
nan,nan,4.987024094706694610e-01,-1.158534765188256266e+00
nan,nan,4.987944230829836068e-01,-1.158550546742535658e+00
nan,nan,4.988680696836772510e-01,-1.158590378180398561e+00
nan,nan,4.989442980042358422e-01,-1.158613434409633935e+00
nan,nan,4.989883084221579113e-01,-1.158603592548971939e+00
nan,nan,4.990282700317028031e-01,-1.158605885373145128e+00
nan,nan,4.989777097252220406e-01,-1.158638716371057642e+00
nan,nan,4.989413981919569308e-01,-1.158743459846798718e+00
nan,nan,4.989703395170494993e-01,-1.158859610286519848e+00
nan,nan,4.989904929994227190e-01,-1.158946275623344846e+00
nan,nan,4.989983986645675773e-01,-1.159009779824828446e+00
nan,nan,4.989783298768403763e-01,-1.158943655668165373e+00
nan,nan,4.990273257739252788e-01,-1.158924101856643407e+00
nan,nan,4.991133363145709989e-01,-1.158917763813621882e+00
nan,nan,4.991475841097365862e-01,-1.158957727857944375e+00
nan,nan,4.991212240509324549e-01,-1.159062180053554103e+00
nan,nan,4.991107314316044485e-01,-1.159157429040775122e+00
nan,nan,4.991540908972958990e-01,-1.159207651171052289e+00
nan,nan,4.992234706472606920e-01,-1.159204399937851404e+00
nan,nan,4.992838041783210778e-01,-1.159233677805863616e+00
nan,nan,4.992858260253137948e-01,-1.159269445681621047e+00
nan,nan,4.992922478189489310e-01,-1.159322230392613839e+00
nan,nan,4.993192600178263940e-01,-1.159348083531265949e+00
nan,nan,4.993272520830552841e-01,-1.159375539654868392e+00
nan,nan,4.992982529410627257e-01,-1.159403391695916774e+00
nan,nan,4.993125655318534917e-01,-1.159379435844099859e+00
nan,nan,4.993597046597632039e-01,-1.159432383529185540e+00
nan,nan,4.994339870321458652e-01,-1.159491435303440232e+00
nan,nan,4.995266942913738628e-01,-1.159533256996025941e+00
nan,nan,4.995892812306013675e-01,-1.159540393982986917e+00
nan,nan,4.996028811425504701e-01,-1.159542933611737769e+00
nan,nan,4.995662737189540126e-01,-1.159566147299769145e+00
nan,nan,4.995556638183876741e-01,-1.159635821121268284e+00
nan,nan,4.995463461618216972e-01,-1.159689512194264083e+00
nan,nan,4.995564436658200824e-01,-1.159734449925183819e+00
nan,nan,4.995521731086939865e-01,-1.159749849459667859e+00
nan,nan,4.995608950780978663e-01,-1.159727362021509833e+00
nan,nan,4.995721249183129320e-01,-1.159689669152347946e+00
nan,nan,4.996022261334117642e-01,-1.159720850244591261e+00
nan,nan,4.996408036259585295e-01,-1.159785214355073535e+00
nan,nan,4.996891486358856493e-01,-1.159875620431085608e+00
nan,nan,4.997175304992389488e-01,-1.159918876392122655e+00
nan,nan,4.997392081251500473e-01,-1.159959078297202906e+00
nan,nan,4.997165521175320202e-01,-1.159942142738987103e+00
nan,nan,4.996632739973832504e-01,-1.159944534947081163e+00
nan,nan,4.996122494340310416e-01,-1.159970360152077884e+00
nan,nan,4.996166677441401527e-01,-1.160014637364486179e+00
nan,nan,4.996907101386985350e-01,-1.160050139455644835e+00
nan,nan,4.997308719556664558e-01,-1.160093676593292544e+00
nan,nan,4.997319253090185542e-01,-1.160079553226342597e+00
nan,nan,4.997236567594638412e-01,-1.160056693307129239e+00
nan,nan,4.997303840511880257e-01,-1.160081694224741167e+00
nan,nan,4.997520378023653786e-01,-1.160118724346602015e+00
nan,nan,4.997660880180689880e-01,-1.160147798249904660e+00
nan,nan,4.997784993010691568e-01,-1.160171367075290672e+00
nan,nan,4.998006677887408822e-01,-1.160171137466550428e+00
nan,nan,4.998175975085972222e-01,-1.160165645053122585e+00
nan,nan,4.998272442196020071e-01,-1.160171363727716676e+00
nan,nan,4.998519486598870243e-01,-1.160190768441560882e+00
nan,nan,4.998826697669334074e-01,-1.160198192731424216e+00
nan,nan,4.999085085126971917e-01,-1.160209688554254326e+00
nan,nan,4.999027160916477697e-01,-1.160222905619148204e+00
nan,nan,4.998692857716660054e-01,-1.160227968329990533e+00
nan,nan,4.998459557259001262e-01,-1.160282414595836142e+00
nan,nan,4.998520084468758284e-01,-1.160315933048177151e+00
nan,nan,4.998506226371111638e-01,-1.160331884654460577e+00
nan,nan,4.998621572204569596e-01,-1.160319653480595736e+00
nan,nan,4.998788922288409653e-01,-1.160302559676467338e+00
nan,nan,4.998872724457636418e-01,-1.160265329892756325e+00
nan,nan,4.998843035958290271e-01,-1.160297969182452427e+00
nan,nan,4.998570234097240994e-01,-1.160365176093651307e+00
nan,nan,4.998562682361261666e-01,-1.160444179434721113e+00
nan,nan,4.998704609791507214e-01,-1.160511619287965424e+00
nan,nan,4.998765691194103078e-01,-1.160491497578363340e+00
nan,nan,4.998711740584105279e-01,-1.160466199254074571e+00
nan,nan,4.998535801721637473e-01,-1.160479221742772848e+00
nan,nan,4.998390781404574712e-01,-1.160473698245225949e+00
nan,nan,4.998430841743411457e-01,-1.160522083295790985e+00
nan,nan,4.998700271459222133e-01,-1.160541050344188418e+00
nan,nan,4.998970960921052531e-01,-1.160535299719072766e+00
nan,nan,4.998943980456286296e-01,-1.160499307807292935e+00
nan,nan,4.998685135657861545e-01,-1.160492821205782787e+00
nan,nan,4.998271017377560743e-01,-1.160495727628270579e+00
nan,nan,4.998237669204608213e-01,-1.160523351539443526e+00
nan,nan,4.998380141695503709e-01,-1.160551508351238992e+00
nan,nan,4.998667670950761588e-01,-1.160554673238824552e+00
nan,nan,4.998851801430294617e-01,-1.160551928902686658e+00
nan,nan,4.998857456474498084e-01,-1.160540603191488440e+00
nan,nan,4.998577271599290994e-01,-1.160520627846931330e+00
nan,nan,4.998355321408226581e-01,-1.160553440317900975e+00
nan,nan,4.998389311579806704e-01,-1.160546575527476865e+00
nan,nan,4.998524802807225997e-01,-1.160561206665564837e+00
nan,nan,4.998762416428822464e-01,-1.160581093024158461e+00
nan,nan,4.998672901107230060e-01,-1.160542725401055630e+00
nan,nan,4.998523929411489153e-01,-1.160569186294106547e+00
nan,nan,4.998270158579914968e-01,-1.160565227629031471e+00
nan,nan,4.998178492848495691e-01,-1.160572271732594141e+00
nan,nan,4.998410068455347299e-01,-1.160572891317725119e+00
nan,nan,4.998607923002805764e-01,-1.160576405111761300e+00
nan,nan,4.998683686383698643e-01,-1.160559205808217031e+00
nan,nan,4.998573769354281437e-01,-1.160572396561818875e+00
nan,nan,4.998288852610489608e-01,-1.160572839970199777e+00
nan,nan,4.998235919030160623e-01,-1.160595300180390810e+00
nan,nan,4.998288826086247361e-01,-1.160597640556770616e+00
nan,nan,4.998547768690621007e-01,-1.160604677068385104e+00
nan,nan,4.998555922032097421e-01,-1.160574186053889179e+00
nan,nan,4.998587391036174998e-01,-1.160582140023933784e+00
nan,nan,4.998340146843629483e-01,-1.160585609983088018e+00
nan,nan,4.998280884159240767e-01,-1.160606211654293007e+00
nan,nan,4.998369155175404477e-01,-1.160583611308710905e+00
nan,nan,4.998335253059030814e-01,-1.160517143747775703e+00
nan,nan,4.998611112934354672e-01,-1.160498526894616411e+00
nan,nan,4.998499803224943916e-01,-1.160501927489755225e+00
nan,nan,4.998291231487738129e-01,-1.160519260386967400e+00
nan,nan,4.998134368448480247e-01,-1.160509425761235613e+00
nan,nan,4.998091653916497679e-01,-1.160424343416830428e+00
nan,nan,4.998183037909346704e-01,-1.160403899341334144e+00
nan,nan,4.998647607410040550e-01,-1.160392719901575775e+00
nan,nan,4.998430220415495673e-01,-1.160341347876558515e+00
nan,nan,4.998210025509835508e-01,-1.160353554262713249e+00
nan,nan,4.997904948434181427e-01,-1.160347754687265365e+00
nan,nan,4.998128950193245768e-01,-1.160373365419966385e+00
nan,nan,4.998142106303534171e-01,-1.160365193237842041e+00
nan,nan,4.998222949200932796e-01,-1.160349148303544631e+00
nan,nan,4.998696057502479140e-01,-1.160381575120043474e+00
nan,nan,4.998451889525631908e-01,-1.160367328959327704e+00
nan,nan,4.998119779926694095e-01,-1.160340380577487895e+00
nan,nan,4.997955983837431004e-01,-1.160341143407022546e+00
nan,nan,4.998037622588094031e-01,-1.160353544478726073e+00
nan,nan,4.998191085673026057e-01,-1.160370750430387510e+00
nan,nan,4.998364495117808559e-01,-1.160343266815900387e+00
nan,nan,4.998380919609869411e-01,-1.160355189435527290e+00
nan,nan,4.998255117836358785e-01,-1.160378977995270899e+00
nan,nan,4.998073788237447079e-01,-1.160362761051528357e+00
nan,nan,4.998057925842143145e-01,-1.160382542656452243e+00
nan,nan,4.998292874594021939e-01,-1.160394891619104252e+00
nan,nan,4.998470749959194048e-01,-1.160423191737329551e+00
nan,nan,4.998525616688119788e-01,-1.160406752560887211e+00
nan,nan,4.998465958912715612e-01,-1.160401397537525359e+00
nan,nan,4.998297379075811175e-01,-1.160401504752071489e+00
nan,nan,4.998134636989023938e-01,-1.160392630533472635e+00
nan,nan,4.998186871030895762e-01,-1.160403848186656761e+00
nan,nan,4.998435472632965504e-01,-1.160402956266828101e+00
nan,nan,4.998452984133113786e-01,-1.160398977529132347e+00
nan,nan,4.998410060645144259e-01,-1.160408589291430870e+00
nan,nan,4.998298773194220779e-01,-1.160399213714007560e+00
nan,nan,4.998167277022685928e-01,-1.160399000275433856e+00
nan,nan,4.998161557042584136e-01,-1.160421900994951239e+00
nan,nan,4.998233887580345591e-01,-1.160390476265964255e+00
nan,nan,4.998436541683046186e-01,-1.160401364681410197e+00
nan,nan,4.998606995821398002e-01,-1.160413417373034273e+00
nan,nan,4.998421232868460184e-01,-1.160402273480377389e+00
nan,nan,4.998326900891511548e-01,-1.160420351092902758e+00
nan,nan,4.998164610343264203e-01,-1.160416361409195130e+00
nan,nan,4.998233175526621830e-01,-1.160398823617952546e+00
nan,nan,4.998328700948054815e-01,-1.160408390706527237e+00
nan,nan,4.998504923816962653e-01,-1.160407579476952833e+00
nan,nan,4.998498320270974293e-01,-1.160411916871836091e+00
nan,nan,4.998363889668062110e-01,-1.160422284647744551e+00
nan,nan,4.998222809233711650e-01,-1.160410909395503731e+00
nan,nan,4.998207236650258345e-01,-1.160415959216333892e+00
nan,nan,4.998351573484314248e-01,-1.160414803398066574e+00
nan,nan,4.998478109890669430e-01,-1.160409028897329886e+00
nan,nan,4.998499610067202448e-01,-1.160427185955811513e+00
nan,nan,4.998497858013081219e-01,-1.160415002007977092e+00
nan,nan,4.998259837272785444e-01,-1.160429128725044112e+00
nan,nan,4.998095818042188054e-01,-1.160432812165166361e+00
nan,nan,4.998258842621332021e-01,-1.160410427801649158e+00
nan,nan,4.998353097895276709e-01,-1.160412793380071195e+00
nan,nan,4.998495351862095037e-01,-1.160420337747823938e+00
nan,nan,4.998516497375630196e-01,-1.160438991442684031e+00
nan,nan,4.998395820203540563e-01,-1.160428940766460304e+00
nan,nan,4.998134836004161086e-01,-1.160429029429352443e+00
nan,nan,4.998182130297225689e-01,-1.160405712274140244e+00
nan,nan,4.998384386178371663e-01,-1.160409509419682017e+00
nan,nan,4.998524444961452984e-01,-1.160406189958042900e+00
nan,nan,4.998585350367561464e-01,-1.160419217571235562e+00
nan,nan,4.998358216897678674e-01,-1.160421051827598360e+00
nan,nan,4.998170908350902941e-01,-1.160430488529728077e+00
nan,nan,4.998099690303767773e-01,-1.160415930225845882e+00
nan,nan,4.998263649976592005e-01,-1.160403880645753505e+00
nan,nan,4.998483041347114852e-01,-1.160384839724165174e+00
nan,nan,4.998697885478287084e-01,-1.160570022346296692e+00
nan,nan,4.998593137317285384e-01,-1.160579096451832326e+00
nan,nan,4.998373214710041812e-01,-1.160589453977158403e+00
nan,nan,4.998261932658158435e-01,-1.160566733952628438e+00
nan,nan,4.998571488277912533e-01,-1.160557822048869925e+00
nan,nan,4.998965186233470526e-01,-1.160570866726494677e+00
nan,nan,4.998856077404602027e-01,-1.160517322445578481e+00
nan,nan,4.998753845574404053e-01,-1.160498457513491344e+00
nan,nan,4.998655742922357703e-01,-1.160485561994173409e+00
nan,nan,4.997742809721082424e-01,-1.160430526068679802e+00
nan,nan,4.997822875510330443e-01,-1.160394140719019695e+00
nan,nan,4.998130489182868730e-01,-1.160401566555942177e+00
nan,nan,4.998250686260692355e-01,-1.160412817953038855e+00
nan,nan,4.998353583332306727e-01,-1.160477811864224273e+00
nan,nan,4.998250853353709555e-01,-1.160609541142389567e+00
nan,nan,4.998026487799085427e-01,-1.160609966710833829e+00
nan,nan,4.998059536563555505e-01,-1.160618682260179391e+00
nan,nan,4.998273323453650274e-01,-1.160598800471863479e+00
nan,nan,4.998484871233597193e-01,-1.160597032518303040e+00
nan,nan,4.998556960939796179e-01,-1.160604352922691707e+00
nan,nan,4.998313018913319028e-01,-1.160608053565039377e+00
nan,nan,4.998076331061708788e-01,-1.160610262201002829e+00
nan,nan,4.998007751040453028e-01,-1.160586694607160574e+00
nan,nan,4.998240394817510812e-01,-1.160579163446716411e+00
nan,nan,4.998468071998800055e-01,-1.160573713760679748e+00
nan,nan,4.998591786370591983e-01,-1.160608711554041550e+00
nan,nan,4.998465647553793634e-01,-1.160629058279700310e+00
nan,nan,4.998239497972056244e-01,-1.160620539085127190e+00
nan,nan,4.998215503076655075e-01,-1.160604957325420461e+00
nan,nan,4.998244209980416963e-01,-1.160573744883882652e+00
nan,nan,4.998468732079450749e-01,-1.160576506702466038e+00
nan,nan,4.998617393514223628e-01,-1.160598470982949992e+00
nan,nan,4.998701914713843952e-01,-1.160629683363078257e+00
nan,nan,4.998517164552714886e-01,-1.160637471447809599e+00
nan,nan,4.998364795726582543e-01,-1.160619121960207112e+00
nan,nan,4.998419278501056162e-01,-1.160590031409856948e+00
nan,nan,4.998747077032531516e-01,-1.160597171963146934e+00
nan,nan,4.998950911458956980e-01,-1.160586095094707337e+00
nan,nan,4.999149620561018081e-01,-1.160619763661771220e+00
nan,nan,4.999028266325785674e-01,-1.160618476168026492e+00
nan,nan,4.999023847653226715e-01,-1.160618637892469884e+00
nan,nan,4.998832358994929614e-01,-1.160568611543537854e+00
nan,nan,4.998817779363942115e-01,-1.160545018745777091e+00
nan,nan,4.998853325716260954e-01,-1.160567665144393468e+00
nan,nan,4.998583271304500308e-01,-1.160537801649345946e+00
nan,nan,4.998506774818187726e-01,-1.160563209783884053e+00
nan,nan,4.998218654992661603e-01,-1.160569239637847749e+00
nan,nan,4.998106540469739456e-01,-1.160522865242608503e+00
nan,nan,4.998176593177435234e-01,-1.160526682995697723e+00
nan,nan,4.998369608661979435e-01,-1.160518865697425905e+00
nan,nan,4.998448564207714218e-01,-1.160541219299259907e+00
nan,nan,4.998450857106014888e-01,-1.160567148751318944e+00
